{
"type": "FeatureCollection",
"name": "hybas12_clip_matched",
"crs": { "type": "name", "properties": { "name": "urn:ogc:def:crs:EPSG::6875" } },
"features": [
{ "type": "Feature", "properties": { "id": "00030000000000006674", "COAST": 0, "DIST_MAIN": 30.7, "DIST_SINK": 30.7, "ENDO": 0, "HYBAS_ID": 2120619500, "MAIN_BAS": 2120014120, "NEXT_DOWN": 2120618550, "NEXT_SINK": 2120014120, "ORDER": 1, "PFAF_ID": 214096050100, "SORT": 23488, "SUB_AREA": 117.7, "UP_AREA": 2173.5 }, "geometry": { "type": "Polygon", "coordinates": [ [ [ 7310737.135979631915689, 4559793.39507991168648 ], [ 7311623.296799466945231, 4559768.331631187349558 ], [ 7312093.823020976036787, 4559325.163139924407005 ], [ 7312336.203685976564884, 4559461.91259666159749 ], [ 7313405.586891112849116, 4560896.829760503955185 ], [ 7316123.137823923490942, 4560888.460987346246839 ], [ 7316465.468052198179066, 4560566.359122030436993 ], [ 7318936.63436864502728, 4560547.823479503393173 ], [ 7319279.489790138788521, 4560225.866702884435654 ], [ 7319655.364755292423069, 4560116.47983802203089 ], [ 7320126.404203523881733, 4559673.807363683357835 ], [ 7320368.657967033796012, 4559810.835436480119824 ], [ 7320681.614313283935189, 4560161.606414057314396 ], [ 7321046.813594149425626, 4560303.570024020038545 ], [ 7321688.70269713178277, 4561132.276187564246356 ], [ 7323799.265073049813509, 4561351.731798683293164 ], [ 7324122.358772937208414, 4561714.029428530484438 ], [ 7324476.370309176854789, 4561381.883931831456721 ], [ 7325550.698439091444016, 4561303.966343001462519 ], [ 7325893.850210837088525, 4560982.303696412593126 ], [ 7326458.786309893243015, 4560817.7959567559883 ], [ 7326159.925350571982563, 4560250.298308691009879 ], [ 7326185.155498019419611, 4558616.38470053859055 ], [ 7326295.047668073326349, 4557333.19778972864151 ], [ 7326878.853055912069976, 4557163.586101921275258 ], [ 7327025.241387522779405, 4556556.083151590079069 ], [ 7327299.011264931410551, 4556133.207995478063822 ], [ 7327416.381573340855539, 4555647.320084364153445 ], [ 7327690.177523422054946, 4555224.95091512426734 ], [ 7327807.220874102786183, 4554738.555649130605161 ], [ 7329192.072850802913308, 4552976.988138464279473 ], [ 7329251.027105210348964, 4552733.820927738212049 ], [ 7329433.38931215275079, 4552804.987243806943297 ], [ 7330404.03732046764344, 4554112.255477933213115 ], [ 7331897.247969808988273, 4554313.359519170597196 ], [ 7333240.586746236309409, 4556374.100504921749234 ], [ 7333099.072958009317517, 4561606.320237791165709 ], [ 7333393.72832184843719, 4561721.920737128704786 ], [ 7333351.379861081019044, 4562646.389264456927776 ], [ 7333330.214251147583127, 4563108.377761727198958 ], [ 7333288.372130639851093, 4563376.10580628644675 ], [ 7332426.878948260098696, 4564417.247224725782871 ], [ 7331665.747305737808347, 4564461.299865290522575 ], [ 7331356.17417620960623, 4564831.324217238463461 ], [ 7330946.57564587239176, 4564891.481217929162085 ], [ 7330637.032297528348863, 4565262.02802518196404 ], [ 7329878.653937838040292, 4565305.887858677655458 ], [ 7329569.18039751239121, 4565676.479129244573414 ], [ 7328810.469635719433427, 4565720.927157166413963 ], [ 7328501.449074454605579, 4566091.574811348691583 ], [ 7328296.523681336082518, 4566121.473126787692308 ], [ 7328114.135435399599373, 4566050.28659862652421 ], [ 7327801.785576012916863, 4565699.165317305363715 ], [ 7327346.147383458912373, 4565521.020369040779769 ], [ 7327232.58384198974818, 4564751.646673106588423 ], [ 7324809.480531287379563, 4564512.163222362287343 ], [ 7324338.389565224759281, 4564954.528608523309231 ], [ 7323801.498059573583305, 4564993.536805090494454 ], [ 7323742.181871810927987, 4564594.413788286037743 ], [ 7320498.374379256740212, 4564320.8756631212309 ], [ 7320185.595154238864779, 4563970.598761130124331 ], [ 7318956.097526675090194, 4563853.13911693636328 ], [ 7317726.559874205850065, 4563736.386662215925753 ], [ 7317413.644007606431842, 4563385.74177036061883 ], [ 7317171.082880742847919, 4563249.296570693142712 ], [ 7316700.835709990002215, 4563691.654738135635853 ], [ 7316098.444704592227936, 4563791.818377747200429 ], [ 7315668.037000063806772, 4563309.78641573805362 ], [ 7314605.118097786791623, 4563137.866260685957968 ], [ 7314292.043013470247388, 4562787.368249205872416 ], [ 7313926.900993459858, 4562645.242894072085619 ], [ 7313613.764178627170622, 4562294.778560833074152 ], [ 7312550.671619039960206, 4562123.174331887625158 ], [ 7312237.081497659906745, 4561772.749498926103115 ], [ 7311085.815649515017867, 4561586.686807979829609 ], [ 7310989.986459232866764, 4560947.339213200844824 ], [ 7310754.413889775052667, 4560502.711749261245131 ], [ 7310737.135979631915689, 4559793.39507991168648 ] ] ] } },
{ "type": "Feature", "properties": { "id": "00030000000000006675", "COAST": 0, "DIST_MAIN": 40.7, "DIST_SINK": 40.7, "ENDO": 0, "HYBAS_ID": 2121216790, "MAIN_BAS": 2120014120, "NEXT_DOWN": 2120619500, "NEXT_SINK": 2120014120, "ORDER": 1, "PFAF_ID": 214096050200, "SORT": 23490, "SUB_AREA": 109.4, "UP_AREA": 2055.7 }, "geometry": { "type": "Polygon", "coordinates": [ [ [ 7304567.156881786882877, 4556754.633846439421177 ], [ 7304608.834247491322458, 4556483.370432647876441 ], [ 7305099.548156062141061, 4555890.497609036043286 ], [ 7306702.243721075356007, 4555918.599324601702392 ], [ 7306770.320017938502133, 4556312.401353319175541 ], [ 7310703.995068654417992, 4556619.22025057580322 ], [ 7311026.598948938772082, 4556959.030860907398164 ], [ 7311383.014338260516524, 4557111.502473775297403 ], [ 7311841.416540424339473, 4557593.916752869263291 ], [ 7312067.841636043041945, 4557466.349159421399236 ], [ 7312417.853188653476536, 4557155.785022104158998 ], [ 7312785.998466296121478, 4557034.318103387951851 ], [ 7313136.458628125488758, 4556723.312620888464153 ], [ 7313504.62046914268285, 4556602.372559249401093 ], [ 7313855.133117089979351, 4556291.394504250027239 ], [ 7314572.965246316976845, 4556185.070772140286863 ], [ 7314923.149507719092071, 4555874.615962767973542 ], [ 7315641.043499168008566, 4555768.395242017693818 ], [ 7316139.362035341560841, 4555326.648697747848928 ], [ 7316703.330468432977796, 4555488.384285808540881 ], [ 7317025.734924114309251, 4555828.472800611518323 ], [ 7317731.375328834168613, 4555996.451390410773456 ], [ 7318053.733195092529058, 4556336.085392227396369 ], [ 7319108.910456137731671, 4556519.466887393966317 ], [ 7319566.893534316681325, 4557002.392746152356267 ], [ 7321989.984502548351884, 4556966.302493946626782 ], [ 7322175.936712238937616, 4555767.769387701526284 ], [ 7322465.663914329372346, 4555672.533378961496055 ], [ 7322486.114018962718546, 4555210.061160118319094 ], [ 7322780.310836180113256, 4555124.454889418557286 ], [ 7325017.658745405264199, 4552326.522940794937313 ], [ 7325196.645321372896433, 4550453.680131622590125 ], [ 7325840.622511651366949, 4549584.837159289978445 ], [ 7325998.984206674620509, 4548926.801608488894999 ], [ 7326451.867651919834316, 4548502.95631561614573 ], [ 7326922.717467379756272, 4548366.39450716227293 ], [ 7327010.653800032101572, 4548002.09364009834826 ], [ 7327193.157487369142473, 4548073.199414598755538 ], [ 7327606.437873722985387, 4548535.784553507342935 ], [ 7327705.470093018375337, 4549204.841332802549005 ], [ 7327940.508602351881564, 4549650.543235092423856 ], [ 7328032.00810279417783, 4550268.7218949040398 ], [ 7328488.638844565488398, 4550446.850478190928698 ], [ 7329256.527514840476215, 4551456.324463928118348 ], [ 7329251.027105210348964, 4552733.820927738212049 ], [ 7329192.072850802913308, 4552976.988138464279473 ], [ 7327807.220874102786183, 4554738.555649130605161 ], [ 7327690.177523422054946, 4555224.95091512426734 ], [ 7327416.381573340855539, 4555647.320084364153445 ], [ 7327299.011264931410551, 4556133.207995478063822 ], [ 7327025.241387522779405, 4556556.083151590079069 ], [ 7326878.853055912069976, 4557163.586101921275258 ], [ 7326295.047668073326349, 4557333.19778972864151 ], [ 7326185.155498019419611, 4558616.38470053859055 ], [ 7326159.925350571982563, 4560250.298308691009879 ], [ 7326458.786309893243015, 4560817.7959567559883 ], [ 7325893.850210837088525, 4560982.303696412593126 ], [ 7325550.698439091444016, 4561303.966343001462519 ], [ 7324476.370309176854789, 4561381.883931831456721 ], [ 7324122.358772937208414, 4561714.029428530484438 ], [ 7323799.265073049813509, 4561351.731798683293164 ], [ 7321688.70269713178277, 4561132.276187564246356 ], [ 7321046.813594149425626, 4560303.570024020038545 ], [ 7320681.614313283935189, 4560161.606414057314396 ], [ 7320368.657967033796012, 4559810.835436480119824 ], [ 7320126.404203523881733, 4559673.807363683357835 ], [ 7319655.364755292423069, 4560116.47983802203089 ], [ 7319279.489790138788521, 4560225.866702884435654 ], [ 7318936.63436864502728, 4560547.823479503393173 ], [ 7316465.468052198179066, 4560566.359122030436993 ], [ 7316123.137823923490942, 4560888.460987346246839 ], [ 7313405.586891112849116, 4560896.829760503955185 ], [ 7312336.203685976564884, 4559461.91259666159749 ], [ 7312093.823020976036787, 4559325.163139924407005 ], [ 7311623.296799466945231, 4559768.331631187349558 ], [ 7310737.135979631915689, 4559793.39507991168648 ], [ 7309487.972406509332359, 4559701.054740043357015 ], [ 7309212.015502294525504, 4559304.818115454167128 ], [ 7308110.576613388024271, 4559179.361259750090539 ], [ 7307175.30080231744796, 4557829.785127283073962 ], [ 7306772.2814905885607, 4557734.02833766490221 ], [ 7306496.099954955279827, 4557337.908220699988306 ], [ 7305394.33511699270457, 4557213.370022351853549 ], [ 7305118.06481391005218, 4556817.315610250458121 ], [ 7304567.156881786882877, 4556754.633846439421177 ] ] ] } },
{ "type": "Feature", "properties": { "id": "00030000000000006676", "COAST": 0, "DIST_MAIN": 46.4, "DIST_SINK": 46.4, "ENDO": 0, "HYBAS_ID": 2121216970, "MAIN_BAS": 2120014120, "NEXT_DOWN": 2121216790, "NEXT_SINK": 2120014120, "ORDER": 1, "PFAF_ID": 214096050300, "SORT": 23492, "SUB_AREA": 161.4, "UP_AREA": 1946.2 }, "geometry": { "type": "Polygon", "coordinates": [ [ [ 7306702.243721075356007, 4555918.599324601702392 ], [ 7307337.2092967312783, 4555863.579640009440482 ], [ 7307523.997343395836651, 4554640.672351661138237 ], [ 7309390.654759394004941, 4554574.426355227828026 ], [ 7310110.383250956423581, 4553816.154264905489981 ], [ 7314322.928456963039935, 4553859.160790608264506 ], [ 7314673.573138653300703, 4553548.709400446154177 ], [ 7315533.133823048323393, 4553421.314407548867166 ], [ 7315884.057612602598965, 4552846.306376504711807 ], [ 7316028.454595799557865, 4551909.04656910058111 ], [ 7316298.77333246357739, 4551466.341871873475611 ], [ 7316067.718660992570221, 4551001.928533107042313 ], [ 7316026.434900382533669, 4550760.305014036595821 ], [ 7315676.561759847216308, 4550745.173672246746719 ], [ 7315696.550517432391644, 4550282.707168070599437 ], [ 7315738.122306331992149, 4550014.932794893160462 ], [ 7316044.862859987653792, 4549641.185055624693632 ], [ 7316127.631075576879084, 4549106.113834642805159 ], [ 7316434.820623339153826, 4548731.903310539200902 ], [ 7316577.272292179055512, 4546810.427124398760498 ], [ 7316947.509356381371617, 4546360.160325325094163 ], [ 7316927.895259084179997, 4545436.122310555540025 ], [ 7316654.026255615055561, 4545037.245106901973486 ], [ 7316696.074361528269947, 4543380.504277190193534 ], [ 7317251.387646893039346, 4543365.403789209201932 ], [ 7317623.929910548962653, 4542918.22917384840548 ], [ 7317968.14845428429544, 4543011.958727121353149 ], [ 7318300.560583676211536, 4543489.246472163125873 ], [ 7319351.652347674593329, 4543456.729524788446724 ], [ 7319660.961565369740129, 4543085.677552445791662 ], [ 7320771.722969385795295, 4543055.462652424350381 ], [ 7321081.495993442833424, 4542684.488768375478685 ], [ 7321492.146446437574923, 4542624.206065283156931 ], [ 7321801.972405119799078, 4542253.248879541642964 ], [ 7322212.673632717691362, 4542192.515246112830937 ], [ 7322522.559376056306064, 4541821.590340537950397 ], [ 7322933.275723366998136, 4541761.387501085177064 ], [ 7323242.829824488610029, 4541390.475310611538589 ], [ 7323653.959424550645053, 4541330.325283983722329 ], [ 7323963.573563115671277, 4540959.437098270282149 ], [ 7325074.742504616267979, 4540929.859502198174596 ], [ 7325384.820395692251623, 4540559.049499104730785 ], [ 7327341.2448495561257, 4540607.033677619881928 ], [ 7327545.59335997980088, 4540655.813331332989037 ], [ 7328367.664277628064156, 4541851.356000164523721 ], [ 7328267.156893935985863, 4542770.177489317953587 ], [ 7327896.01939302124083, 4543219.915149036794901 ], [ 7327914.168807453475893, 4544147.030303382314742 ], [ 7328682.429625165648758, 4545258.970052902586758 ], [ 7328884.416070376522839, 4545307.199074153788388 ], [ 7328842.730281731113791, 4545574.946227599866688 ], [ 7328350.710284165106714, 4546169.886273799464107 ], [ 7327587.769428955391049, 4546214.480522093363106 ], [ 7326691.675134047865868, 4547291.497220426797867 ], [ 7326992.743991979397833, 4547731.681372128427029 ], [ 7327010.653800032101572, 4548002.09364009834826 ], [ 7326922.717467379756272, 4548366.39450716227293 ], [ 7326451.867651919834316, 4548502.95631561614573 ], [ 7325998.984206674620509, 4548926.801608488894999 ], [ 7325840.622511651366949, 4549584.837159289978445 ], [ 7325196.645321372896433, 4550453.680131622590125 ], [ 7325017.658745405264199, 4552326.522940794937313 ], [ 7322780.310836180113256, 4555124.454889418557286 ], [ 7322486.114018962718546, 4555210.061160118319094 ], [ 7322465.663914329372346, 4555672.533378961496055 ], [ 7322175.936712238937616, 4555767.769387701526284 ], [ 7321989.984502548351884, 4556966.302493946626782 ], [ 7319566.893534316681325, 4557002.392746152356267 ], [ 7319108.910456137731671, 4556519.466887393966317 ], [ 7318053.733195092529058, 4556336.085392227396369 ], [ 7317731.375328834168613, 4555996.451390410773456 ], [ 7317025.734924114309251, 4555828.472800611518323 ], [ 7316703.330468432977796, 4555488.384285808540881 ], [ 7316139.362035341560841, 4555326.648697747848928 ], [ 7315641.043499168008566, 4555768.395242017693818 ], [ 7314923.149507719092071, 4555874.615962767973542 ], [ 7314572.965246316976845, 4556185.070772140286863 ], [ 7313855.133117089979351, 4556291.394504250027239 ], [ 7313504.62046914268285, 4556602.372559249401093 ], [ 7313136.458628125488758, 4556723.312620888464153 ], [ 7312785.998466296121478, 4557034.318103387951851 ], [ 7312417.853188653476536, 4557155.785022104158998 ], [ 7312067.841636043041945, 4557466.349159421399236 ], [ 7311841.416540424339473, 4557593.916752869263291 ], [ 7311383.014338260516524, 4557111.502473775297403 ], [ 7311026.598948938772082, 4556959.030860907398164 ], [ 7310703.995068654417992, 4556619.22025057580322 ], [ 7306770.320017938502133, 4556312.401353319175541 ], [ 7306702.243721075356007, 4555918.599324601702392 ] ] ] } },
{ "type": "Feature", "properties": { "id": "00030000000000006677", "COAST": 0, "DIST_MAIN": 56.5, "DIST_SINK": 56.5, "ENDO": 0, "HYBAS_ID": 2120621430, "MAIN_BAS": 2120014120, "NEXT_DOWN": 2121216970, "NEXT_SINK": 2120014120, "ORDER": 1, "PFAF_ID": 214096070100, "SORT": 23493, "SUB_AREA": 134.3, "UP_AREA": 1334.5 }, "geometry": { "type": "Polygon", "coordinates": [ [ [ 7301456.015015570446849, 4546631.221200321801007 ], [ 7301591.265357834286988, 4544787.82002539653331 ], [ 7303374.210572532378137, 4542622.60859805252403 ], [ 7303434.093333557248116, 4541892.820575694553554 ], [ 7305039.819035602733493, 4541920.385660308413208 ], [ 7305348.395998052321374, 4541548.771376749500632 ], [ 7308850.088628153316677, 4541616.818998821079731 ], [ 7309346.898927150294185, 4542329.975209222175181 ], [ 7309365.351881162263453, 4542603.765679609961808 ], [ 7309370.592907720245421, 4543767.384048514068127 ], [ 7310253.872363731265068, 4545182.247375498525798 ], [ 7310307.699203656986356, 4546725.028440421447158 ], [ 7311464.991069328039885, 4546931.303137895651162 ], [ 7312452.59890703111887, 4548219.643347844481468 ], [ 7313504.2857501283288, 4548407.888370869681239 ], [ 7314821.333006605505943, 4550173.574562592431903 ], [ 7315347.03134626802057, 4550267.614649384282529 ], [ 7315696.550517432391644, 4550282.707168070599437 ], [ 7315676.561759847216308, 4550745.173672246746719 ], [ 7316026.434900382533669, 4550760.305014036595821 ], [ 7316067.718660992570221, 4551001.928533107042313 ], [ 7316298.77333246357739, 4551466.341871873475611 ], [ 7316028.454595799557865, 4551909.04656910058111 ], [ 7315884.057612602598965, 4552846.306376504711807 ], [ 7315533.133823048323393, 4553421.314407548867166 ], [ 7314673.573138653300703, 4553548.709400446154177 ], [ 7314322.928456963039935, 4553859.160790608264506 ], [ 7310110.383250956423581, 4553816.154264905489981 ], [ 7309390.654759394004941, 4554574.426355227828026 ], [ 7307523.997343395836651, 4554640.672351661138237 ], [ 7307337.2092967312783, 4555863.579640009440482 ], [ 7306702.243721075356007, 4555918.599324601702392 ], [ 7305099.548156062141061, 4555890.497609036043286 ], [ 7304608.834247491322458, 4556483.370432647876441 ], [ 7304567.156881786882877, 4556754.633846439421177 ], [ 7303868.802039070986211, 4556725.482642481103539 ], [ 7303667.046417947858572, 4556677.936176766641438 ], [ 7302566.6465706480667, 4555092.306837602518499 ], [ 7302545.531555897556245, 4554165.429573275148869 ], [ 7302914.156687627546489, 4553714.496528999879956 ], [ 7303030.69108759239316, 4552333.556007348001003 ], [ 7302700.579138993285596, 4551854.129191947169602 ], [ 7302701.351859286427498, 4551121.392133647575974 ], [ 7302778.685936993919313, 4548540.825288145802915 ], [ 7301456.015015570446849, 4546631.221200321801007 ] ] ] } },
{ "type": "Feature", "properties": { "id": "00030000000000006678", "COAST": 0, "DIST_MAIN": 71.5, "DIST_SINK": 71.5, "ENDO": 0, "HYBAS_ID": 2121217260, "MAIN_BAS": 2120014120, "NEXT_DOWN": 2120621430, "NEXT_SINK": 2120014120, "ORDER": 1, "PFAF_ID": 214096070200, "SORT": 23497, "SUB_AREA": 170.9, "UP_AREA": 1200.4 }, "geometry": { "type": "Polygon", "coordinates": [ [ [ 7291624.60066625289619, 4547893.531243213452399 ], [ 7291725.054283789359033, 4547039.055025947280228 ], [ 7293302.650828962214291, 4545254.878457170911133 ], [ 7293827.235284982249141, 4545069.850277669727802 ], [ 7294526.715678479522467, 4544080.940988076850772 ], [ 7294653.643041972070932, 4543611.466172167100012 ], [ 7294913.720625901594758, 4543170.637493930757046 ], [ 7295076.952139589004219, 4542126.983193412423134 ], [ 7295707.220201094634831, 4541905.20271878503263 ], [ 7296407.217081771232188, 4540916.445604870095849 ], [ 7296534.292747167870402, 4540446.993878486566246 ], [ 7296794.58157270681113, 4540006.225585585460067 ], [ 7296953.833091657608747, 4539419.678558285348117 ], [ 7297519.276790291070938, 4539221.166743515990674 ], [ 7297714.811354428529739, 4537567.02138452604413 ], [ 7299753.904951652511954, 4537574.785091768018901 ], [ 7300103.993690394796431, 4537589.100380974821746 ], [ 7301688.046802086755633, 4537717.015209067612886 ], [ 7302003.291685516946018, 4538066.886097656562924 ], [ 7302808.885771264322102, 4538242.302521887235343 ], [ 7302867.631321873515844, 4538628.698095694184303 ], [ 7302790.819349782541394, 4539333.997960168868303 ], [ 7302518.070907637476921, 4539757.726922952570021 ], [ 7302390.291647692210972, 4540543.674495267681777 ], [ 7302790.815680604428053, 4541295.938284338451922 ], [ 7303377.787638975307345, 4541521.874263615347445 ], [ 7303434.093333557248116, 4541892.820575694553554 ], [ 7303374.210572532378137, 4542622.60859805252403 ], [ 7301591.265357834286988, 4544787.82002539653331 ], [ 7301456.015015570446849, 4546631.221200321801007 ], [ 7302778.685936993919313, 4548540.825288145802915 ], [ 7302701.351859286427498, 4551121.392133647575974 ], [ 7302700.579138993285596, 4551854.129191947169602 ], [ 7303030.69108759239316, 4552333.556007348001003 ], [ 7302914.156687627546489, 4553714.496528999879956 ], [ 7302545.531555897556245, 4554165.429573275148869 ], [ 7302566.6465706480667, 4555092.306837602518499 ], [ 7303667.046417947858572, 4556677.936176766641438 ], [ 7303868.802039070986211, 4556725.482642481103539 ], [ 7303808.394552560523152, 4557455.758551027625799 ], [ 7303133.8739367807284, 4558277.383572657592595 ], [ 7303073.908116224221885, 4559007.674801013432443 ], [ 7302791.943578999489546, 4559090.092654909007251 ], [ 7302647.611904279328883, 4559698.454635372385383 ], [ 7302375.481573600322008, 4560121.668176994659007 ], [ 7302317.838680850341916, 4560365.024517933838069 ], [ 7301431.527339553460479, 4560391.193703012540936 ], [ 7301089.915857972577214, 4560713.964362546801567 ], [ 7300836.998143366537988, 4560829.35666729696095 ], [ 7300405.45090349484235, 4560348.789331706240773 ], [ 7300040.331215732730925, 4560207.890205038711429 ], [ 7299640.222300856374204, 4559761.867906496860087 ], [ 7299524.33570746704936, 4560249.561787215992808 ], [ 7299175.332514008507133, 4560235.217584644444287 ], [ 7298643.573591969907284, 4560150.464456183835864 ], [ 7298329.649455533362925, 4559800.703500022180378 ], [ 7297860.940861003473401, 4559619.506181729957461 ], [ 7297797.847222286276519, 4558544.32552314735949 ], [ 7297112.403142275288701, 4557451.179572984576225 ], [ 7296312.222202111966908, 4557277.403806198388338 ], [ 7295667.26976106222719, 4556451.616113520227373 ], [ 7295210.447076719254255, 4556275.558452030643821 ], [ 7295097.419115073978901, 4555533.814401943236589 ], [ 7294823.421483761630952, 4555428.60717164631933 ], [ 7294804.386682676151395, 4555158.334272712469101 ], [ 7294502.946599021553993, 4554721.104676665738225 ], [ 7295269.301635542884469, 4553785.550336712040007 ], [ 7295228.811246437951922, 4553323.676393575966358 ], [ 7294954.19549329765141, 4552925.664768821559846 ], [ 7294935.134705021046102, 4551923.19039399176836 ], [ 7293667.610976590774953, 4550096.106105981394649 ], [ 7293629.873400748707354, 4549552.627409641630948 ], [ 7292857.197834297083318, 4548445.140695287846029 ], [ 7291956.093839855864644, 4548369.453211274929345 ], [ 7291899.285636358894408, 4547999.118515628390014 ], [ 7291624.60066625289619, 4547893.531243213452399 ] ] ] } },
{ "type": "Feature", "properties": { "id": "00030000000000006679", "COAST": 0, "DIST_MAIN": 90.6, "DIST_SINK": 90.6, "ENDO": 0, "HYBAS_ID": 2121218500, "MAIN_BAS": 2120014120, "NEXT_DOWN": 2121217260, "NEXT_SINK": 2120014120, "ORDER": 1, "PFAF_ID": 214096070300, "SORT": 23499, "SUB_AREA": 167.5, "UP_AREA": 1029.4 }, "geometry": { "type": "Polygon", "coordinates": [ [ [ 7284217.734269564971328, 4540196.129516344517469 ], [ 7284280.871337538585067, 4539961.318271541967988 ], [ 7284540.39949615765363, 4539520.146898318082094 ], [ 7284703.488112749531865, 4538915.250057113356888 ], [ 7285504.107484227977693, 4538786.403061038814485 ], [ 7286016.037168495357037, 4538343.218785183504224 ], [ 7286917.335221677087247, 4538521.598058947362006 ], [ 7287393.136037659831345, 4539002.878627703525126 ], [ 7288850.161865273490548, 4538895.207825168035924 ], [ 7288454.260070278309286, 4538083.093657059594989 ], [ 7288609.276659844443202, 4536890.947394915856421 ], [ 7288869.184056932106614, 4536449.423921719193459 ], [ 7288932.866946313530207, 4536214.663037084974349 ], [ 7289821.529470932669938, 4536186.806324166245759 ], [ 7290900.895260306075215, 4534966.851946067065001 ], [ 7292067.854267287999392, 4534876.977082408033311 ], [ 7292250.365477601997554, 4534103.538479049690068 ], [ 7293445.690566825680435, 4532753.778820436447859 ], [ 7293822.774155479855835, 4532643.024312056601048 ], [ 7294165.167290495708585, 4532319.877471089363098 ], [ 7294542.301187762059271, 4532208.668661466799676 ], [ 7294884.754892386496067, 4531885.54796713963151 ], [ 7295702.919817729853094, 4531776.751436184160411 ], [ 7295891.24737804196775, 4530981.314007193781435 ], [ 7296342.795102181844413, 4530555.641903776675463 ], [ 7296881.832486630417407, 4530514.483097816817462 ], [ 7297232.251840682700276, 4530528.641904379241168 ], [ 7297434.761283531785011, 4530575.97599393222481 ], [ 7297712.225074421614408, 4530971.641437490470707 ], [ 7298117.210116340778768, 4531066.824416579678655 ], [ 7298451.468466204591095, 4531543.09508706536144 ], [ 7299854.264721720479429, 4531521.940655733458698 ], [ 7300595.451826129108667, 4530626.292440188117325 ], [ 7302342.843454636633396, 4530776.246184329502285 ], [ 7302676.836663068272173, 4531253.224702132865787 ], [ 7303378.626403336413205, 4531203.389244884252548 ], [ 7303717.93116625957191, 4530795.29061243776232 ], [ 7304022.404595403000712, 4531229.995140777900815 ], [ 7304426.949193563312292, 4531325.523206416517496 ], [ 7304704.400718900375068, 4531721.486282525584102 ], [ 7304906.860619905404747, 4531769.022526951506734 ], [ 7304906.149146948009729, 4532501.260024377144873 ], [ 7305512.261703590862453, 4533376.642525101080537 ], [ 7305492.244942709803581, 4534570.837987658567727 ], [ 7305399.664237463846803, 4534927.173367779701948 ], [ 7304938.086600622162223, 4535079.403632069937885 ], [ 7304587.48359327018261, 4535390.853616592474282 ], [ 7303757.561408266425133, 4535514.502279109321535 ], [ 7303563.861856914125383, 4537508.560506456531584 ], [ 7303298.801564968191087, 4537943.494588032364845 ], [ 7303144.35079419799149, 4538537.080455993302166 ], [ 7302867.631321873515844, 4538628.698095694184303 ], [ 7302808.885771264322102, 4538242.302521887235343 ], [ 7302003.291685516946018, 4538066.886097656562924 ], [ 7301688.046802086755633, 4537717.015209067612886 ], [ 7300103.993690394796431, 4537589.100380974821746 ], [ 7299753.904951652511954, 4537574.785091768018901 ], [ 7297714.811354428529739, 4537567.02138452604413 ], [ 7297519.276790291070938, 4539221.166743515990674 ], [ 7296953.833091657608747, 4539419.678558285348117 ], [ 7296794.58157270681113, 4540006.225585585460067 ], [ 7296534.292747167870402, 4540446.993878486566246 ], [ 7296407.217081771232188, 4540916.445604870095849 ], [ 7295707.220201094634831, 4541905.20271878503263 ], [ 7295076.952139589004219, 4542126.983193412423134 ], [ 7294913.720625901594758, 4543170.637493930757046 ], [ 7294653.643041972070932, 4543611.466172167100012 ], [ 7294526.715678479522467, 4544080.940988076850772 ], [ 7293827.235284982249141, 4545069.850277669727802 ], [ 7293302.650828962214291, 4545254.878457170911133 ], [ 7291725.054283789359033, 4547039.055025947280228 ], [ 7291624.60066625289619, 4547893.531243213452399 ], [ 7289693.21625536121428, 4547753.815050018951297 ], [ 7289377.9153554122895, 4547404.477808024734259 ], [ 7288662.006844699382782, 4547249.858040925115347 ], [ 7287912.059219051152468, 4546292.981452168896794 ], [ 7287812.685334051027894, 4545645.615455633960664 ], [ 7287152.27660456020385, 4544578.435404893010855 ], [ 7286672.347926089540124, 4544394.668651148676872 ], [ 7286356.746150939725339, 4544045.479234324768186 ], [ 7285798.05926308222115, 4543831.448117966763675 ], [ 7286520.716676846146584, 4542845.737783295102417 ], [ 7286647.603937957435846, 4542038.348864693194628 ], [ 7285988.438055879436433, 4540973.361824463121593 ], [ 7285888.702110069803894, 4540327.51243759598583 ], [ 7284217.734269564971328, 4540196.129516344517469 ] ] ] } },
{ "type": "Feature", "properties": { "id": "0003000000000000667a", "COAST": 0, "DIST_MAIN": 98.8, "DIST_SINK": 98.8, "ENDO": 0, "HYBAS_ID": 2120625280, "MAIN_BAS": 2120014120, "NEXT_DOWN": 2121218500, "NEXT_SINK": 2120014120, "ORDER": 1, "PFAF_ID": 214096090100, "SORT": 23500, "SUB_AREA": 116.5, "UP_AREA": 556.2 }, "geometry": { "type": "Polygon", "coordinates": [ [ [ 7286604.514570219442248, 4531565.284262733533978 ], [ 7286760.577306599356234, 4530338.498766916804016 ], [ 7287389.022164567373693, 4529448.658849426545203 ], [ 7287552.466664647683501, 4528843.806751368567348 ], [ 7288508.163762964308262, 4528690.542621305212379 ], [ 7288845.993630683980882, 4528117.322929901070893 ], [ 7288927.505656423047185, 4527420.11013538017869 ], [ 7288985.866351645439863, 4526690.290052831172943 ], [ 7289292.320989367552102, 4526315.472695740871131 ], [ 7289373.145318035036325, 4525780.214899252168834 ], [ 7291525.09651743248105, 4523163.478375316597521 ], [ 7291697.145381276495755, 4520317.57006173953414 ], [ 7292003.992554272525012, 4519942.35042717307806 ], [ 7292044.703340891748667, 4519674.488363211974502 ], [ 7292952.486381961032748, 4519671.360014638863504 ], [ 7293261.560848129913211, 4519299.246186649426818 ], [ 7293467.142231334000826, 4519268.288332058116794 ], [ 7294005.491591189987957, 4519348.67470046505332 ], [ 7294314.864536085166037, 4519706.289219281636178 ], [ 7295391.503343251533806, 4519866.737727152183652 ], [ 7295700.798352112062275, 4520224.406014581210911 ], [ 7296426.053717454895377, 4520371.426103769801557 ], [ 7297067.912724829278886, 4521205.225932719185948 ], [ 7297441.844314523041248, 4521337.715451369062066 ], [ 7298867.146757212467492, 4523294.71681350748986 ], [ 7298950.732524598017335, 4523904.47471129335463 ], [ 7299274.804675263352692, 4524482.392026842571795 ], [ 7299139.709936666302383, 4524965.368885515257716 ], [ 7298668.273108338005841, 4525090.887309373356402 ], [ 7297222.681507961824536, 4526766.244576796889305 ], [ 7296753.667650014162064, 4526891.480360814370215 ], [ 7296613.027989027090371, 4527367.814888616092503 ], [ 7296940.555187634192407, 4527952.70715687610209 ], [ 7296991.088321591727436, 4528916.801278905011714 ], [ 7297235.426452425308526, 4529353.201640396378934 ], [ 7297269.632245207205415, 4529604.265739967115223 ], [ 7297232.251840682700276, 4530528.641904379241168 ], [ 7296881.832486630417407, 4530514.483097816817462 ], [ 7296342.795102181844413, 4530555.641903776675463 ], [ 7295891.24737804196775, 4530981.314007193781435 ], [ 7295702.919817729853094, 4531776.751436184160411 ], [ 7294884.754892386496067, 4531885.54796713963151 ], [ 7294542.301187762059271, 4532208.668661466799676 ], [ 7294165.167290495708585, 4532319.877471089363098 ], [ 7293822.774155479855835, 4532643.024312056601048 ], [ 7293445.690566825680435, 4532753.778820436447859 ], [ 7292250.365477601997554, 4534103.538479049690068 ], [ 7292067.854267287999392, 4534876.977082408033311 ], [ 7290900.895260306075215, 4534966.851946067065001 ], [ 7289821.529470932669938, 4536186.806324166245759 ], [ 7288932.866946313530207, 4536214.663037084974349 ], [ 7288861.21038952562958, 4535831.909285489469767 ], [ 7287617.940553617663682, 4535614.649212661199272 ], [ 7287559.338337920606136, 4534072.342612699605525 ], [ 7287334.737117836251855, 4533612.299417616799474 ], [ 7287262.969277029857039, 4532672.311763647943735 ], [ 7286604.514570219442248, 4531565.284262733533978 ] ] ] } },
{ "type": "Feature", "properties": { "id": "0003000000000000667b", "COAST": 0, "DIST_MAIN": 108.6, "DIST_SINK": 108.6, "ENDO": 0, "HYBAS_ID": 2121219280, "MAIN_BAS": 2120014120, "NEXT_DOWN": 2120625280, "NEXT_SINK": 2120014120, "ORDER": 1, "PFAF_ID": 214096090200, "SORT": 23502, "SUB_AREA": 136.8, "UP_AREA": 439.7 }, "geometry": { "type": "Polygon", "coordinates": [ [ [ 7279099.719172925688326, 4536528.375899147242308 ], [ 7279803.336417470127344, 4535667.617910355329514 ], [ 7280024.038992036134005, 4531434.855987827293575 ], [ 7281066.270798020064831, 4530162.12426283955574 ], [ 7281146.633539997041225, 4529622.844991794787347 ], [ 7281637.207632043398917, 4529027.954188564792275 ], [ 7282048.434366722591221, 4528965.461368118412793 ], [ 7283093.110222302377224, 4527695.525917061604559 ], [ 7284909.162137670442462, 4527686.88319234456867 ], [ 7285766.918111203238368, 4526640.359391366131604 ], [ 7285824.961266841739416, 4525910.536801600828767 ], [ 7285883.383097316138446, 4525180.721808231435716 ], [ 7286252.119079660624266, 4524728.952282817102969 ], [ 7286300.429756230674684, 4521957.042399941012263 ], [ 7286023.964140126481652, 4521559.467943130992353 ], [ 7286020.955146070569754, 4520095.201110172085464 ], [ 7285744.419505087658763, 4519697.138700608164072 ], [ 7285760.950340261682868, 4518503.088598656468093 ], [ 7285796.751803242601454, 4517578.745505256578326 ], [ 7286331.715574581176043, 4517662.381167268380523 ], [ 7286766.984799968078732, 4518141.914250841364264 ], [ 7287021.020378773100674, 4518025.976311041973531 ], [ 7287363.67924340814352, 4517702.497580752708018 ], [ 7288092.403515133075416, 4517604.607837358489633 ], [ 7288563.698355670087039, 4517160.382977562956512 ], [ 7289510.392173929139972, 4517323.268949863500893 ], [ 7289826.786075321026146, 4517672.51651481166482 ], [ 7290985.679137721657753, 4517854.842745066620409 ], [ 7291107.974926114082336, 4518647.263472290709615 ], [ 7291860.828797282651067, 4519604.300609409809113 ], [ 7292044.703340891748667, 4519674.488363211974502 ], [ 7292003.992554272525012, 4519942.35042717307806 ], [ 7291697.145381276495755, 4520317.57006173953414 ], [ 7291525.09651743248105, 4523163.478375316597521 ], [ 7289373.145318035036325, 4525780.214899252168834 ], [ 7289292.320989367552102, 4526315.472695740871131 ], [ 7288985.866351645439863, 4526690.290052831172943 ], [ 7288927.505656423047185, 4527420.11013538017869 ], [ 7288845.993630683980882, 4528117.322929901070893 ], [ 7288508.163762964308262, 4528690.542621305212379 ], [ 7287552.466664647683501, 4528843.806751368567348 ], [ 7287389.022164567373693, 4529448.658849426545203 ], [ 7286760.577306599356234, 4530338.498766916804016 ], [ 7286604.514570219442248, 4531565.284262733533978 ], [ 7287262.969277029857039, 4532672.311763647943735 ], [ 7287334.737117836251855, 4533612.299417616799474 ], [ 7287559.338337920606136, 4534072.342612699605525 ], [ 7287617.940553617663682, 4535614.649212661199272 ], [ 7288861.21038952562958, 4535831.909285489469767 ], [ 7288932.866946313530207, 4536214.663037084974349 ], [ 7288869.184056932106614, 4536449.423921719193459 ], [ 7288609.276659844443202, 4536890.947394915856421 ], [ 7288454.260070278309286, 4538083.093657059594989 ], [ 7288850.161865273490548, 4538895.207825168035924 ], [ 7287393.136037659831345, 4539002.878627703525126 ], [ 7286917.335221677087247, 4538521.598058947362006 ], [ 7286016.037168495357037, 4538343.218785183504224 ], [ 7285504.107484227977693, 4538786.403061038814485 ], [ 7284703.488112749531865, 4538915.250057113356888 ], [ 7284540.39949615765363, 4539520.146898318082094 ], [ 7284280.871337538585067, 4539961.318271541967988 ], [ 7284217.734269564971328, 4540196.129516344517469 ], [ 7282279.128929692320526, 4540184.083877966739237 ], [ 7281937.625697052106261, 4540507.747361233457923 ], [ 7281684.398332712240517, 4540624.305808574892581 ], [ 7281250.353874571621418, 4540144.520583584904671 ], [ 7280792.200428828597069, 4539969.444065127521753 ], [ 7280696.532830185256898, 4539352.098413962870836 ], [ 7279841.770046978257596, 4538113.360676378011703 ], [ 7279719.796872481703758, 4538634.712141808122396 ], [ 7279369.432738005183637, 4538621.352306696586311 ], [ 7279350.086021209135652, 4538351.175552344880998 ], [ 7279046.963532994501293, 4537914.669554968364537 ], [ 7279445.011892938055098, 4537426.118565492331982 ], [ 7279402.906258738599718, 4536964.880661376751959 ], [ 7279099.719172925688326, 4536528.375899147242308 ] ] ] } },
{ "type": "Feature", "properties": { "id": "0003000000000000667c", "COAST": 0, "DIST_MAIN": 112.5, "DIST_SINK": 112.5, "ENDO": 0, "HYBAS_ID": 2121219380, "MAIN_BAS": 2120014120, "NEXT_DOWN": 2121219280, "NEXT_SINK": 2120014120, "ORDER": 1, "PFAF_ID": 214096090300, "SORT": 23504, "SUB_AREA": 145.9, "UP_AREA": 303.0 }, "geometry": { "type": "Polygon", "coordinates": [ [ [ 7270193.588631838560104, 4521155.290378222241998 ], [ 7270398.969842494465411, 4521123.70187871158123 ], [ 7270769.366418938152492, 4520674.754993507638574 ], [ 7272167.885910773649812, 4520804.502928194589913 ], [ 7272447.425661263056099, 4521199.136868437752128 ], [ 7272852.783420413732529, 4521292.87288427259773 ], [ 7273189.080940810963511, 4521767.883124701678753 ], [ 7276347.866996016353369, 4521807.409573089331388 ], [ 7276655.972151774913073, 4521434.645691456273198 ], [ 7277418.366312953643501, 4521384.559516245499253 ], [ 7277789.210101988166571, 4520935.952791575342417 ], [ 7278485.654231138527393, 4521040.476851150393486 ], [ 7278821.611527192406356, 4521516.259123149327934 ], [ 7279173.137179020792246, 4521450.816371385008097 ], [ 7279481.028684068471193, 4521078.157201752997935 ], [ 7279892.665656205266714, 4521015.520380944944918 ], [ 7280569.052270621992648, 4520193.807877018116415 ], [ 7280980.744461838155985, 4520131.228608175180852 ], [ 7281288.786130288615823, 4519758.632377177476883 ], [ 7282051.407978118397295, 4519709.500821485184133 ], [ 7282359.88993108831346, 4519336.96470654103905 ], [ 7282771.300221948884428, 4519273.972742348909378 ], [ 7283448.519412720575929, 4518453.013688063248992 ], [ 7285760.950340261682868, 4518503.088598656468093 ], [ 7285744.419505087658763, 4519697.138700608164072 ], [ 7286020.955146070569754, 4520095.201110172085464 ], [ 7286023.964140126481652, 4521559.467943130992353 ], [ 7286300.429756230674684, 4521957.042399941012263 ], [ 7286252.119079660624266, 4524728.952282817102969 ], [ 7285883.383097316138446, 4525180.721808231435716 ], [ 7285824.961266841739416, 4525910.536801600828767 ], [ 7285766.918111203238368, 4526640.359391366131604 ], [ 7284909.162137670442462, 4527686.88319234456867 ], [ 7283093.110222302377224, 4527695.525917061604559 ], [ 7282048.434366722591221, 4528965.461368118412793 ], [ 7281637.207632043398917, 4529027.954188564792275 ], [ 7281146.633539997041225, 4529622.844991794787347 ], [ 7281066.270798020064831, 4530162.12426283955574 ], [ 7280024.038992036134005, 4531434.855987827293575 ], [ 7279803.336417470127344, 4535667.617910355329514 ], [ 7279099.719172925688326, 4536528.375899147242308 ], [ 7279402.906258738599718, 4536964.880661376751959 ], [ 7279445.011892938055098, 4537426.118565492331982 ], [ 7279046.963532994501293, 4537914.669554968364537 ], [ 7279350.086021209135652, 4538351.175552344880998 ], [ 7279369.432738005183637, 4538621.352306696586311 ], [ 7279019.452887107618153, 4538608.019870074465871 ], [ 7278999.84309574123472, 4538334.364067636430264 ], [ 7278556.584066497161984, 4537703.84726310800761 ], [ 7278354.200540664605796, 4537657.032856802456081 ], [ 7278004.172491604462266, 4537643.759245195426047 ], [ 7277984.144821854308248, 4537370.096968933939934 ], [ 7277541.089374979026616, 4536740.15396442823112 ], [ 7277136.271731038577855, 4536646.098307196050882 ], [ 7276858.025943535380065, 4536251.257407849654555 ], [ 7275955.033076075837016, 4536178.101920106448233 ], [ 7276046.640163043513894, 4535010.238618165254593 ], [ 7276419.604165432974696, 4534427.47564035654068 ], [ 7276405.428436432033777, 4532130.869589829817414 ], [ 7275836.324610500596464, 4531913.84144298825413 ], [ 7275740.055465943180025, 4531296.601051401346922 ], [ 7275501.261974952183664, 4530853.295493187382817 ], [ 7275424.00142424646765, 4530359.099722187966108 ], [ 7275185.151154613122344, 4529915.809064017608762 ], [ 7275125.508346287533641, 4528959.703086797147989 ], [ 7274886.609970284625888, 4528515.931406392715871 ], [ 7274819.541969725862145, 4527444.671207130886614 ], [ 7274381.897410456091166, 4526926.639964185655117 ], [ 7273847.567862764932215, 4526843.341926846653223 ], [ 7273864.760196857154369, 4526381.419366862624884 ], [ 7273681.311010933481157, 4526311.691802982240915 ], [ 7272696.982449716888368, 4525012.784001300111413 ], [ 7271189.058170803822577, 4524823.364921630360186 ], [ 7271088.607406474649906, 4524182.303628471679986 ], [ 7270773.244307772256434, 4523598.219844985753298 ], [ 7270162.904429375194013, 4523366.328966618515551 ], [ 7270193.588631838560104, 4521155.290378222241998 ] ] ] } },
{ "type": "Feature", "properties": { "id": "0003000000000000667e", "COAST": 0, "DIST_MAIN": 26.2, "DIST_SINK": 26.2, "ENDO": 0, "HYBAS_ID": 2121216800, "MAIN_BAS": 2120014140, "NEXT_DOWN": 2120014140, "NEXT_SINK": 2120014140, "ORDER": 1, "PFAF_ID": 214097102200, "SORT": 23508, "SUB_AREA": 134.9, "UP_AREA": 134.9 }, "geometry": { "type": "Polygon", "coordinates": [ [ [ 7349248.150131609290838, 4544861.37193073052913 ], [ 7349786.83285996504128, 4544824.129797245375812 ], [ 7350503.863609738647938, 4544057.763766623102129 ], [ 7350975.592033402062953, 4543922.701110335066915 ], [ 7351064.776184545829892, 4543558.619478162378073 ], [ 7351086.952106215059757, 4543096.126921211369336 ], [ 7351275.813459470868111, 4543042.217372192069888 ], [ 7352365.394403661601245, 4541830.806441760621965 ], [ 7353532.612483612261713, 4541750.701477276161313 ], [ 7353728.617942098528147, 4540951.016205100342631 ], [ 7354312.369528199546039, 4540408.553288458846509 ], [ 7356656.51369612198323, 4540648.693305567838252 ], [ 7356969.236276568844914, 4541001.079924506135285 ], [ 7357151.711127249523997, 4541072.937813995406032 ], [ 7358202.708874710835516, 4541124.239195453934371 ], [ 7358255.929190373048186, 4541495.743238318711519 ], [ 7358530.156993664801121, 4541603.860813057050109 ], [ 7358462.295922758989036, 4542990.363583614118397 ], [ 7358812.295591969043016, 4543007.504879611544311 ], [ 7358829.112088331952691, 4543277.572572770528495 ], [ 7359428.194564695470035, 4544157.820949336513877 ], [ 7359415.551879150792956, 4545623.409647493623197 ], [ 7359687.249627952463925, 4546024.019414695911109 ], [ 7359720.361108364537358, 4546564.634567216038704 ], [ 7359991.974551169201732, 4546965.75397904869169 ], [ 7359985.572411895729601, 4547698.304634857922792 ], [ 7359895.926138028502464, 4548062.812641639262438 ], [ 7359613.070964891463518, 4548143.099968693219125 ], [ 7359428.078150074928999, 4548202.926487082615495 ], [ 7358702.665897027589381, 4548956.685556675307453 ], [ 7358333.134338119067252, 4549075.903659516945481 ], [ 7357980.24514112342149, 4549384.380588363856077 ], [ 7357153.355747615918517, 4549502.096461446024477 ], [ 7356964.438895602710545, 4551033.415589340031147 ], [ 7356696.780471273697913, 4551466.586133599281311 ], [ 7356547.111254668794572, 4552403.338281562551856 ], [ 7356198.502462593838573, 4552966.940448117442429 ], [ 7357092.971445421688259, 4553184.684601603075862 ], [ 7357494.033561675809324, 4553611.891943291760981 ], [ 7357609.187474069185555, 4554308.244884992018342 ], [ 7357833.160538374446332, 4554765.484625763259828 ], [ 7357877.113091882318258, 4555986.916128416545689 ], [ 7357496.726626071147621, 4556602.442661671899259 ], [ 7357337.949566105380654, 4557195.132227512076497 ], [ 7357061.015342455357313, 4557284.699259901419282 ], [ 7356855.65795754827559, 4557313.813349234871566 ], [ 7356172.931377543136477, 4558128.302160586230457 ], [ 7355762.246240154840052, 4558187.077307010069489 ], [ 7355451.471404540352523, 4558556.680313021875918 ], [ 7355040.846123270690441, 4558614.996852623298764 ], [ 7354730.130507531575859, 4558984.623760539107025 ], [ 7354319.508961258456111, 4559043.478659051470459 ], [ 7353637.223449570126832, 4559858.17593520693481 ], [ 7353226.667928663082421, 4559917.094521242193878 ], [ 7352916.121301027946174, 4560286.294000665657222 ], [ 7352216.26625267509371, 4560331.248152125626802 ], [ 7351886.82606122456491, 4559852.235685521736741 ], [ 7351685.366577145643532, 4559802.840839308686554 ], [ 7351707.67248151730746, 4559340.842760407365859 ], [ 7351672.030171345919371, 4559093.205160909332335 ], [ 7350784.400637584738433, 4557688.954477652907372 ], [ 7350734.880133154802024, 4556731.675164704211056 ], [ 7350501.414907913655043, 4556285.644999946467578 ], [ 7350411.945513544604182, 4555666.561789100058377 ], [ 7350138.537574115209281, 4555559.22965104971081 ], [ 7350294.731394950300455, 4553352.052752891555429 ], [ 7350920.670228724367917, 4553172.407532250508666 ], [ 7351386.308945212513208, 4552459.050604287534952 ], [ 7351307.039522252045572, 4552126.521679041907191 ], [ 7350409.920287560671568, 4550709.099780309945345 ], [ 7350797.884949523024261, 4550114.432464816607535 ], [ 7350759.66526254452765, 4548745.223290182650089 ], [ 7350325.944750539027154, 4548218.732086739502847 ], [ 7349793.512216964736581, 4548130.27528553456068 ], [ 7349821.031808696687222, 4546935.28724529594183 ], [ 7349548.884488632902503, 4546535.071078018285334 ], [ 7349537.124583344906569, 4545532.061160408891737 ], [ 7349264.897351401858032, 4545131.864643778651953 ], [ 7349248.150131609290838, 4544861.37193073052913 ] ] ] } },
{ "type": "Feature", "properties": { "id": "0003000000000000667f", "COAST": 0, "DIST_MAIN": 31.3, "DIST_SINK": 31.3, "ENDO": 0, "HYBAS_ID": 2121217360, "MAIN_BAS": 2120014190, "NEXT_DOWN": 2120014190, "NEXT_SINK": 2120014190, "ORDER": 1, "PFAF_ID": 214097200200, "SORT": 23514, "SUB_AREA": 145.1, "UP_AREA": 308.7 }, "geometry": { "type": "Polygon", "coordinates": [ [ [ 7366465.938573392108083, 4537362.41622191760689 ], [ 7366749.667984072118998, 4537282.373304354026914 ], [ 7366942.019063440151513, 4536503.515497634187341 ], [ 7367397.807993406429887, 4536081.999021426774561 ], [ 7367775.834821842610836, 4535974.977477189153433 ], [ 7368495.650142828002572, 4535210.191376718692482 ], [ 7368684.878556869924068, 4535156.713310404680669 ], [ 7368701.205083075910807, 4535430.772363631054759 ], [ 7369137.445023883134127, 4536067.131900958716869 ], [ 7369689.899882070720196, 4536134.117319853045046 ], [ 7369747.128958305343986, 4536535.709872889332473 ], [ 7372821.126446769572794, 4536756.212850448675454 ], [ 7372837.286857453174889, 4537030.292154027149081 ], [ 7373273.106317041441798, 4537666.433001419529319 ], [ 7373475.139872631989419, 4537715.891291733831167 ], [ 7373530.728251698426902, 4538108.534392102621496 ], [ 7374685.586242164485157, 4538304.326019608415663 ], [ 7374997.285443525761366, 4538657.508291087113321 ], [ 7375239.484482959844172, 4538795.870809501037002 ], [ 7375715.400968069210649, 4538357.005451523698866 ], [ 7378072.891209936700761, 4538352.16591100115329 ], [ 7378600.447909204289317, 4538949.768553305417299 ], [ 7378695.185431783087552, 4539619.78221055213362 ], [ 7378927.711830026470125, 4540067.277996771968901 ], [ 7378997.604415071196854, 4540562.422698618844151 ], [ 7379230.079188587144017, 4541009.930566768161952 ], [ 7379276.386803147383034, 4541967.119323395192623 ], [ 7379508.776766109280288, 4542414.638860140927136 ], [ 7379578.585494831204414, 4542909.791596710681915 ], [ 7380137.356734304688871, 4543837.540803487412632 ], [ 7380148.21664763148874, 4544547.391621945425868 ], [ 7380006.492111566476524, 4546292.429569210857153 ], [ 7379379.780838713049889, 4546469.22342370916158 ], [ 7378910.56693004257977, 4547180.969453489407897 ], [ 7378965.121530612930655, 4547976.408008088357747 ], [ 7379197.302466172724962, 4548423.437020021490753 ], [ 7379219.007608450949192, 4549843.637425997294486 ], [ 7379451.100610963068902, 4550290.681181576102972 ], [ 7379474.515404501929879, 4551820.110689814202487 ], [ 7380232.987172342836857, 4552831.749664313159883 ], [ 7380415.364294500090182, 4552904.249651624821126 ], [ 7380391.289558928459883, 4553366.275490278378129 ], [ 7380756.730269269086421, 4553511.811639232560992 ], [ 7380403.422917569056153, 4554047.946300586685538 ], [ 7380319.027065298520029, 4554752.856553765945137 ], [ 7380212.424110141582787, 4555120.800633864477277 ], [ 7379413.695528590120375, 4555242.415645454078913 ], [ 7379054.136362003162503, 4555541.167537038214505 ], [ 7378340.942530075088143, 4555649.972390637733042 ], [ 7377981.414639214985073, 4555949.270131031982601 ], [ 7377267.914778175763786, 4556058.154939598403871 ], [ 7376908.861655753105879, 4556357.029995666816831 ], [ 7376545.206819941289723, 4556484.068443044088781 ], [ 7376185.80119126662612, 4556783.448559881187975 ], [ 7374773.688546163029969, 4556856.051585724577308 ], [ 7374414.384822031483054, 4557155.514743636362255 ], [ 7373351.727150741964579, 4557246.840766293928027 ], [ 7372876.210586687549949, 4557642.581521504558623 ], [ 7372885.981797863729298, 4555060.106596240773797 ], [ 7372669.687267257831991, 4554594.26067363191396 ], [ 7372702.705625344999135, 4551698.557951828464866 ], [ 7372418.278443911112845, 4551565.020110272802413 ], [ 7372461.572435056790709, 4551297.43027169816196 ], [ 7372802.178979016840458, 4550889.269569804891944 ], [ 7372478.317994436249137, 4550409.532828199677169 ], [ 7372818.957618118263781, 4550001.372929740697145 ], [ 7372905.921403379179537, 4549466.711428138427436 ], [ 7373216.242533821612597, 4549094.71174372266978 ], [ 7373302.867055383510888, 4548560.02467835508287 ], [ 7373613.238764514215291, 4548188.040183082222939 ], [ 7373656.552368364296854, 4547920.949669376015663 ], [ 7373692.352002026513219, 4546286.612303804606199 ], [ 7373459.791725278832018, 4545839.283743882551789 ], [ 7373436.810424990952015, 4544419.68193391803652 ], [ 7373204.129799708724022, 4543972.860067889094353 ], [ 7373151.556393870152533, 4542895.955528805963695 ], [ 7372554.125845028087497, 4542659.231469838880002 ], [ 7372247.370079012587667, 4542070.32318137679249 ], [ 7372152.128119280561805, 4541400.425898537039757 ], [ 7371741.308284386992455, 4540934.717131431214511 ], [ 7368924.06977304816246, 4540666.390234910883009 ], [ 7368284.899440314620733, 4539833.849586739204824 ], [ 7366776.923934447579086, 4539623.855256346985698 ], [ 7366713.645611346699297, 4539093.059427983127534 ], [ 7367164.085570203140378, 4538407.456772720441222 ], [ 7367054.482208715751767, 4537945.748411531560123 ], [ 7366519.182151267305017, 4537734.016362443566322 ], [ 7366465.938573392108083, 4537362.41622191760689 ] ] ] } },
{ "type": "Feature", "properties": { "id": "00030000000000006680", "COAST": 0, "DIST_MAIN": 43.2, "DIST_SINK": 43.2, "ENDO": 0, "HYBAS_ID": 2121217940, "MAIN_BAS": 2120014190, "NEXT_DOWN": 2121217360, "NEXT_SINK": 2120014190, "ORDER": 1, "PFAF_ID": 214097200300, "SORT": 23515, "SUB_AREA": 163.7, "UP_AREA": 163.7 }, "geometry": { "type": "Polygon", "coordinates": [ [ [ 7358530.156993664801121, 4541603.860813057050109 ], [ 7358657.822130686603487, 4541083.536779711954296 ], [ 7359436.16288919467479, 4541247.615155976265669 ], [ 7359748.360547634772956, 4541600.108009404502809 ], [ 7360281.219695075415075, 4541689.76359505392611 ], [ 7360338.893623158335686, 4542075.399309528060257 ], [ 7361140.542279489338398, 4542259.667315924540162 ], [ 7361576.080740277655423, 4542744.285591590218246 ], [ 7361987.98051561973989, 4542550.909832648001611 ], [ 7362427.72303912974894, 4541871.008842509239912 ], [ 7362460.329700771719217, 4539236.118197091855109 ], [ 7361811.118885217234492, 4538156.807464027777314 ], [ 7361987.534183984622359, 4537636.43733945954591 ], [ 7362796.339636485092342, 4536781.357166571542621 ], [ 7363313.28156983666122, 4536629.909870430827141 ], [ 7363670.387788759544492, 4536077.848568858578801 ], [ 7363862.726437526755035, 4535315.316760432906449 ], [ 7364393.0714594386518, 4535502.775810515508056 ], [ 7364425.154832796193659, 4537158.602559051476419 ], [ 7364895.441948413848877, 4537348.600647902116179 ], [ 7365331.45916651841253, 4537833.946507661603391 ], [ 7365930.017802564427257, 4537734.852168635465205 ], [ 7366277.830810368992388, 4537417.483237185515463 ], [ 7366465.938573392108083, 4537362.41622191760689 ], [ 7366519.182151267305017, 4537734.016362443566322 ], [ 7367054.482208715751767, 4537945.748411531560123 ], [ 7367164.085570203140378, 4538407.456772720441222 ], [ 7366713.645611346699297, 4539093.059427983127534 ], [ 7366776.923934447579086, 4539623.855256346985698 ], [ 7368284.899440314620733, 4539833.849586739204824 ], [ 7368924.06977304816246, 4540666.390234910883009 ], [ 7371741.308284386992455, 4540934.717131431214511 ], [ 7372152.128119280561805, 4541400.425898537039757 ], [ 7372247.370079012587667, 4542070.32318137679249 ], [ 7372554.125845028087497, 4542659.231469838880002 ], [ 7373151.556393870152533, 4542895.955528805963695 ], [ 7373204.129799708724022, 4543972.860067889094353 ], [ 7373436.810424990952015, 4544419.68193391803652 ], [ 7373459.791725278832018, 4545839.283743882551789 ], [ 7373692.352002026513219, 4546286.612303804606199 ], [ 7373656.552368364296854, 4547920.949669376015663 ], [ 7373613.238764514215291, 4548188.040183082222939 ], [ 7373302.867055383510888, 4548560.02467835508287 ], [ 7373216.242533821612597, 4549094.71174372266978 ], [ 7372905.921403379179537, 4549466.711428138427436 ], [ 7372818.957618118263781, 4550001.372929740697145 ], [ 7372478.317994436249137, 4550409.532828199677169 ], [ 7372802.178979016840458, 4550889.269569804891944 ], [ 7372461.572435056790709, 4551297.43027169816196 ], [ 7372418.278443911112845, 4551565.020110272802413 ], [ 7371886.182541866786778, 4551474.91975324228406 ], [ 7371574.996430135332048, 4551121.841706689447165 ], [ 7370983.184752727858722, 4550965.292309381999075 ], [ 7370398.763194307684898, 4551506.464098015800118 ], [ 7370199.17186445184052, 4552312.154768383130431 ], [ 7367286.312118132598698, 4552294.988143190741539 ], [ 7366568.035530158318579, 4553059.292191935703158 ], [ 7365840.933449395000935, 4553149.275488228537142 ], [ 7365386.137648330070078, 4553570.826673956587911 ], [ 7365224.209222219884396, 4554227.719722595997155 ], [ 7364860.3558908412233, 4554782.775793849490583 ], [ 7364538.465567881241441, 4554874.296316999010742 ], [ 7363918.435969172976911, 4554769.950300454162061 ], [ 7363826.964726250618696, 4554129.653705297969282 ], [ 7363594.140237652696669, 4553683.160690595395863 ], [ 7363523.157067092135549, 4553187.707792203873396 ], [ 7362310.060888935811818, 4551302.572292794473469 ], [ 7362308.066137524321675, 4549420.635530256666243 ], [ 7362074.954459398053586, 4548974.205811317078769 ], [ 7361986.258755899965763, 4548354.933983055874705 ], [ 7361529.701102135702968, 4548174.651359154842794 ], [ 7361217.914758287370205, 4547822.057258436456323 ], [ 7359985.572411895729601, 4547698.304634857922792 ], [ 7359991.974551169201732, 4546965.75397904869169 ], [ 7359720.361108364537358, 4546564.634567216038704 ], [ 7359687.249627952463925, 4546024.019414695911109 ], [ 7359415.551879150792956, 4545623.409647493623197 ], [ 7359428.194564695470035, 4544157.820949336513877 ], [ 7358829.112088331952691, 4543277.572572770528495 ], [ 7358812.295591969043016, 4543007.504879611544311 ], [ 7358462.295922758989036, 4542990.363583614118397 ], [ 7358530.156993664801121, 4541603.860813057050109 ] ] ] } },
{ "type": "Feature", "properties": { "id": "00030000000000006681", "COAST": 0, "DIST_MAIN": 9.9, "DIST_SINK": 9.9, "ENDO": 0, "HYBAS_ID": 2121217560, "MAIN_BAS": 2120014210, "NEXT_DOWN": 2120014210, "NEXT_SINK": 2120014210, "ORDER": 1, "PFAF_ID": 214097302200, "SORT": 23518, "SUB_AREA": 199.9, "UP_AREA": 364.1 }, "geometry": { "type": "Polygon", "coordinates": [ [ [ 7388671.473026271909475, 4541833.499055224470794 ], [ 7388784.099574186839163, 4541510.571472089737654 ], [ 7389062.092242976650596, 4541089.773925241082907 ], [ 7389213.86355940811336, 4540483.190007583238184 ], [ 7389820.407825241796672, 4540313.017464405857027 ], [ 7390291.081442181952298, 4539601.877042366191745 ], [ 7390237.520262720063329, 4538806.282206446863711 ], [ 7390005.54875251557678, 4538358.875798866152763 ], [ 7390034.611913429573178, 4536014.458275725133717 ], [ 7389075.310352209955454, 4534485.261441852897406 ], [ 7389466.080809825100005, 4534376.001995987258852 ], [ 7389505.544614732265472, 4534618.195881200022995 ], [ 7390169.138123976998031, 4535727.43291048053652 ], [ 7392125.213570684194565, 4535984.451357989571989 ], [ 7392187.146449267864227, 4537078.679927388206124 ], [ 7392519.632502620108426, 4537699.222960831597447 ], [ 7393536.654100653715432, 4537906.503466324880719 ], [ 7394041.234475036151707, 4537470.214261302724481 ], [ 7394412.098741030320525, 4537352.714985135011375 ], [ 7395142.514834770001471, 4536602.187283396720886 ], [ 7397616.757844004780054, 4536598.379462453536689 ], [ 7397972.082570840604603, 4536291.173213981091976 ], [ 7399044.369535572826862, 4536211.959086025133729 ], [ 7399399.746069355867803, 4535905.309735461138189 ], [ 7401757.336152226664126, 4535896.507696631364524 ], [ 7402628.22936998680234, 4537035.831936344504356 ], [ 7402576.875143797136843, 4539959.52873104903847 ], [ 7402798.812787072733045, 4540418.284493579529226 ], [ 7402876.340920449234545, 4540903.360583126544952 ], [ 7403098.597098084166646, 4541362.157175459899008 ], [ 7403035.432824249379337, 4543453.619429557584226 ], [ 7402897.560924406163394, 4546497.6551424395293 ], [ 7403167.013493726961315, 4546900.52573938947171 ], [ 7403044.018121198751032, 4550215.341563398018479 ], [ 7403313.314970539882779, 4550617.741420784033835 ], [ 7403321.607096461579204, 4551542.63103955052793 ], [ 7402570.638296824879944, 4552431.593083767220378 ], [ 7402526.258624312467873, 4552698.585894307121634 ], [ 7402176.58292683865875, 4552679.325936478562653 ], [ 7402112.375953326001763, 4552917.935612894594669 ], [ 7401797.909650127403438, 4553412.203407052904367 ], [ 7401377.03434319421649, 4553630.202304442413151 ], [ 7400930.375971391797066, 4553142.217498388141394 ], [ 7399873.455954967066646, 4552949.291810275055468 ], [ 7399231.939383335411549, 4552121.793025679886341 ], [ 7398524.546007919125259, 4551948.20258454978466 ], [ 7398207.711488044820726, 4551601.968077866360545 ], [ 7397500.229948052205145, 4551428.974969986826181 ], [ 7396858.335462799295783, 4550601.223124616779387 ], [ 7395450.844520199112594, 4550390.461216017603874 ], [ 7395021.369847443886101, 4549921.695877550169826 ], [ 7394310.669146785512567, 4550020.749282028526068 ], [ 7394205.241229650564492, 4550854.017599278129637 ], [ 7392250.031231863424182, 4550787.988450946286321 ], [ 7391936.994984922930598, 4551156.171368530020118 ], [ 7389632.185440523549914, 4551072.573851639404893 ], [ 7389681.491368393413723, 4550148.005916773341596 ], [ 7389766.774165607057512, 4549443.133566272445023 ], [ 7390148.399093016050756, 4548865.207860007882118 ], [ 7390120.090489881113172, 4547607.581461414694786 ], [ 7389562.842443009838462, 4546678.972059191204607 ], [ 7389493.786715302616358, 4546183.672083923593163 ], [ 7389262.11558074131608, 4545735.774723646230996 ], [ 7389291.316452328115702, 4543391.360100934281945 ], [ 7389059.494692358188331, 4542943.971048935316503 ], [ 7388989.970229082740843, 4542448.172896197065711 ], [ 7388671.473026271909475, 4541833.499055224470794 ] ] ] } },
{ "type": "Feature", "properties": { "id": "00030000000000006682", "COAST": 0, "DIST_MAIN": 26.4, "DIST_SINK": 26.4, "ENDO": 0, "HYBAS_ID": 2121217800, "MAIN_BAS": 2120014210, "NEXT_DOWN": 2121217560, "NEXT_SINK": 2120014210, "ORDER": 1, "PFAF_ID": 214097302300, "SORT": 23519, "SUB_AREA": 164.2, "UP_AREA": 164.2 }, "geometry": { "type": "Polygon", "coordinates": [ [ [ 7372821.126446769572794, 4536756.212850448675454 ], [ 7373004.443428328260779, 4536693.615451238118112 ], [ 7373362.41638973262161, 4536391.435932509601116 ], [ 7373728.651971839368343, 4536267.247696422971785 ], [ 7374087.052565791644156, 4535965.126325296238065 ], [ 7374453.356663146056235, 4535840.474237630143762 ], [ 7374971.398377627134323, 4535403.692887956276536 ], [ 7375170.833601674996316, 4535556.721848146058619 ], [ 7376262.351783744990826, 4537003.27778734266758 ], [ 7377210.438970097340643, 4536908.615130661055446 ], [ 7377568.597363934852183, 4536606.634196978993714 ], [ 7378285.66533085051924, 4536500.712845326401293 ], [ 7378643.887970372103155, 4536198.787460773251951 ], [ 7380412.596272185444832, 4536146.902811662293971 ], [ 7380775.6418327819556, 4535841.337177882902324 ], [ 7381250.393281091935933, 4536333.712410056963563 ], [ 7381814.914748282171786, 4536219.71479179803282 ], [ 7382548.181130138225853, 4535474.187318849377334 ], [ 7383728.912457140162587, 4535377.57034185808152 ], [ 7383879.931730354204774, 4533618.131600813940167 ], [ 7384085.765732436440885, 4533589.702250926755369 ], [ 7384399.332103576511145, 4533221.185793237760663 ], [ 7386564.885069561190903, 4533256.432734637521207 ], [ 7386909.111511874943972, 4532851.917218296788633 ], [ 7387264.871596591547132, 4533371.671147807501256 ], [ 7387967.842303016223013, 4533330.389883139170706 ], [ 7388281.254697006195784, 4532961.996508983895183 ], [ 7388487.531449188478291, 4532933.215212414041162 ], [ 7388838.485205321572721, 4532951.782085414975882 ], [ 7389474.632029988802969, 4533071.792477634735405 ], [ 7389466.080809825100005, 4534376.001995987258852 ], [ 7389075.310352209955454, 4534485.261441852897406 ], [ 7390034.611913429573178, 4536014.458275725133717 ], [ 7390005.54875251557678, 4538358.875798866152763 ], [ 7390237.520262720063329, 4538806.282206446863711 ], [ 7390291.081442181952298, 4539601.877042366191745 ], [ 7389820.407825241796672, 4540313.017464405857027 ], [ 7389213.86355940811336, 4540483.190007583238184 ], [ 7389062.092242976650596, 4541089.773925241082907 ], [ 7388784.099574186839163, 4541510.571472089737654 ], [ 7388671.473026271909475, 4541833.499055224470794 ], [ 7388989.970229082740843, 4542448.172896197065711 ], [ 7389059.494692358188331, 4542943.971048935316503 ], [ 7389291.316452328115702, 4543391.360100934281945 ], [ 7389262.11558074131608, 4545735.774723646230996 ], [ 7389493.786715302616358, 4546183.672083923593163 ], [ 7389562.842443009838462, 4546678.972059191204607 ], [ 7390120.090489881113172, 4547607.581461414694786 ], [ 7390148.399093016050756, 4548865.207860007882118 ], [ 7389766.774165607057512, 4549443.133566272445023 ], [ 7389681.491368393413723, 4550148.005916773341596 ], [ 7389632.185440523549914, 4551072.573851639404893 ], [ 7389533.953315114602447, 4551464.208064194768667 ], [ 7386392.666594254784286, 4551426.844328483566642 ], [ 7385965.932764763012528, 4550940.965825490653515 ], [ 7385251.471275058574975, 4550776.757663042284548 ], [ 7384615.044688825495541, 4549942.597219047136605 ], [ 7383900.43780103046447, 4549779.027602349407971 ], [ 7381308.86947426199913, 4546061.589643550105393 ], [ 7380943.7929916838184, 4545916.088582474738359 ], [ 7380533.74245326500386, 4545450.327546559274197 ], [ 7380421.724610729143023, 4544656.343220700509846 ], [ 7380148.21664763148874, 4544547.391621945425868 ], [ 7380137.356734304688871, 4543837.540803487412632 ], [ 7379578.585494831204414, 4542909.791596710681915 ], [ 7379508.776766109280288, 4542414.638860140927136 ], [ 7379276.386803147383034, 4541967.119323395192623 ], [ 7379230.079188587144017, 4541009.930566768161952 ], [ 7378997.604415071196854, 4540562.422698618844151 ], [ 7378927.711830026470125, 4540067.277996771968901 ], [ 7378695.185431783087552, 4539619.78221055213362 ], [ 7378600.447909204289317, 4538949.768553305417299 ], [ 7378072.891209936700761, 4538352.16591100115329 ], [ 7375715.400968069210649, 4538357.005451523698866 ], [ 7375239.484482959844172, 4538795.870809501037002 ], [ 7374997.285443525761366, 4538657.508291087113321 ], [ 7374685.586242164485157, 4538304.326019608415663 ], [ 7373530.728251698426902, 4538108.534392102621496 ], [ 7373475.139872631989419, 4537715.891291733831167 ], [ 7373273.106317041441798, 4537666.433001419529319 ], [ 7372837.286857453174889, 4537030.292154027149081 ], [ 7372821.126446769572794, 4536756.212850448675454 ] ] ] } },
{ "type": "Feature", "properties": { "id": "00030000000000006683", "COAST": 0, "DIST_MAIN": 10.1, "DIST_SINK": 10.1, "ENDO": 0, "HYBAS_ID": 2120622050, "MAIN_BAS": 2120014230, "NEXT_DOWN": 2120014230, "NEXT_SINK": 2120014230, "ORDER": 1, "PFAF_ID": 214097304300, "SORT": 23522, "SUB_AREA": 147.2, "UP_AREA": 147.2 }, "geometry": { "type": "Polygon", "coordinates": [ [ [ 7388487.531449188478291, 4532933.215212414041162 ], [ 7388597.03393170889467, 4531766.313319786451757 ], [ 7388875.288209959864616, 4531345.489258443936706 ], [ 7389027.097026895731688, 4530738.895903234370053 ], [ 7389500.998696828261018, 4530606.233614304102957 ], [ 7389848.120100487954915, 4530287.306243277154863 ], [ 7390321.696793272159994, 4530154.674525456503034 ], [ 7390499.886948644183576, 4529443.826988039538264 ], [ 7390854.65354361385107, 4529287.557505095377564 ], [ 7391282.978451647795737, 4529773.670513520017266 ], [ 7391875.954776276834309, 4529931.73690468352288 ], [ 7392353.4898821124807, 4529493.350489296019077 ], [ 7393785.378709480166435, 4529443.856005853973329 ], [ 7394624.082685502246022, 4528559.595188550651073 ], [ 7394783.629567026160657, 4527923.70514818187803 ], [ 7395946.916703067719936, 4526459.644938726909459 ], [ 7396643.733184958808124, 4526352.278443128801882 ], [ 7397071.547490877099335, 4526838.714152139611542 ], [ 7398383.385931110940874, 4527036.098285846412182 ], [ 7399315.228598327375948, 4526055.599551679566503 ], [ 7399386.028881688602269, 4526563.517692682333291 ], [ 7399360.966017113998532, 4527025.560661477968097 ], [ 7399399.793676204048097, 4527268.297781683504581 ], [ 7399622.821871313266456, 4527726.930362072773278 ], [ 7399683.48973922431469, 4528815.806924775242805 ], [ 7400842.64992590714246, 4529029.698653494007885 ], [ 7401814.392352449707687, 4530336.029877073131502 ], [ 7402607.717638821341097, 4530533.7230244288221 ], [ 7402707.6447917772457, 4531157.43914485629648 ], [ 7403255.62473934981972, 4532097.968914185650647 ], [ 7403333.31150449346751, 4532583.034682860597968 ], [ 7404531.762556150555611, 4534486.328058394603431 ], [ 7404590.289216442964971, 4535548.94184401538223 ], [ 7405048.159027966670692, 4535750.839702364988625 ], [ 7405734.349343491718173, 4536629.309877327643335 ], [ 7405894.774658530019224, 4537172.103442445397377 ], [ 7405508.978068773634732, 4537785.924147608689964 ], [ 7405286.761338971555233, 4539920.754809267818928 ], [ 7405602.422861174680293, 4540572.868607082404196 ], [ 7405679.775223543867469, 4541057.987721727229655 ], [ 7406226.094992960803211, 4541998.318123421631753 ], [ 7406175.168065613135695, 4544794.693264968693256 ], [ 7406397.070833173580468, 4545253.613558650948107 ], [ 7406397.207261627539992, 4547125.89751947298646 ], [ 7406618.653987375088036, 4547584.315447466447949 ], [ 7406695.782414309680462, 4548069.456659615039825 ], [ 7406917.512418761849403, 4548528.405766624957323 ], [ 7406968.852484748698771, 4549476.098585309460759 ], [ 7407514.193180793896317, 4550416.591472181491554 ], [ 7407527.09751883149147, 4551121.49109538923949 ], [ 7407501.324423637241125, 4551583.546405212022364 ], [ 7407151.578748169355094, 4551564.043063180521131 ], [ 7407028.693761328235269, 4552050.464301333762705 ], [ 7406633.576341486535966, 4551598.211703076958656 ], [ 7406269.480144375003874, 4551451.912918967194855 ], [ 7405534.136811343021691, 4550482.113256713375449 ], [ 7405444.722972004674375, 4549832.063369864597917 ], [ 7405214.09134023822844, 4549384.077353684231639 ], [ 7405276.475884445011616, 4546460.822741651907563 ], [ 7404983.791852017864585, 4546343.388388346880674 ], [ 7404949.408822625875473, 4546095.355569187551737 ], [ 7404718.583903640508652, 4545647.408779214136302 ], [ 7404633.321039761416614, 4545027.391219144687057 ], [ 7404177.649226410314441, 4544844.417563390918076 ], [ 7403217.902476206421852, 4543526.684091370552778 ], [ 7403035.432824249379337, 4543453.619429557584226 ], [ 7403098.597098084166646, 4541362.157175459899008 ], [ 7402876.340920449234545, 4540903.360583126544952 ], [ 7402798.812787072733045, 4540418.284493579529226 ], [ 7402576.875143797136843, 4539959.52873104903847 ], [ 7402628.22936998680234, 4537035.831936344504356 ], [ 7401757.336152226664126, 4535896.507696631364524 ], [ 7399399.746069355867803, 4535905.309735461138189 ], [ 7399044.369535572826862, 4536211.959086025133729 ], [ 7397972.082570840604603, 4536291.173213981091976 ], [ 7397616.757844004780054, 4536598.379462453536689 ], [ 7395142.514834770001471, 4536602.187283396720886 ], [ 7394412.098741030320525, 4537352.714985135011375 ], [ 7394041.234475036151707, 4537470.214261302724481 ], [ 7393536.654100653715432, 4537906.503466324880719 ], [ 7392519.632502620108426, 4537699.222960831597447 ], [ 7392187.146449267864227, 4537078.679927388206124 ], [ 7392125.213570684194565, 4535984.451357989571989 ], [ 7390169.138123976998031, 4535727.43291048053652 ], [ 7389505.544614732265472, 4534618.195881200022995 ], [ 7389466.080809825100005, 4534376.001995987258852 ], [ 7389474.632029988802969, 4533071.792477634735405 ], [ 7388838.485205321572721, 4532951.782085414975882 ], [ 7388487.531449188478291, 4532933.215212414041162 ] ] ] } },
{ "type": "Feature", "properties": { "id": "00030000000000006684", "COAST": 0, "DIST_MAIN": 16.3, "DIST_SINK": 16.3, "ENDO": 0, "HYBAS_ID": 2120623790, "MAIN_BAS": 2120014250, "NEXT_DOWN": 2120014250, "NEXT_SINK": 2120014250, "ORDER": 1, "PFAF_ID": 214097306300, "SORT": 23526, "SUB_AREA": 183.9, "UP_AREA": 184.0 }, "geometry": { "type": "Polygon", "coordinates": [ [ [ 7400414.564619047567248, 4520592.638489020057023 ], [ 7400623.552180094644427, 4520563.796321590431035 ], [ 7401499.672884066589177, 4519530.304502319544554 ], [ 7401544.03146205842495, 4519262.807487203739583 ], [ 7401635.862721536308527, 4518899.165158371441066 ], [ 7402110.433531175367534, 4518767.225852647796273 ], [ 7402458.625215139240026, 4518448.810351043008268 ], [ 7402648.61731911636889, 4518396.159567147493362 ], [ 7402703.387495364062488, 4518789.12459213193506 ], [ 7403326.37540218513459, 4518896.574994284659624 ], [ 7403509.49791584443301, 4518969.596798761747777 ], [ 7403820.941883242689073, 4519324.027938401326537 ], [ 7404973.388639618642628, 4519523.126650550402701 ], [ 7405324.433248480781913, 4520150.726411558687687 ], [ 7405432.503317384980619, 4520929.72644056007266 ], [ 7406226.085219522938132, 4520846.862491944804788 ], [ 7406574.402216081507504, 4520528.630293358117342 ], [ 7407467.221049140207469, 4520514.872533367015421 ], [ 7407522.207225956954062, 4520912.397201679646969 ], [ 7408495.669261269271374, 4521035.710805606096983 ], [ 7412211.652939055114985, 4521281.631605508737266 ], [ 7412483.864573177881539, 4521681.940936432220042 ], [ 7412888.589049988426268, 4521782.999213043600321 ], [ 7413160.739585570991039, 4522183.337715702131391 ], [ 7414065.800108039751649, 4522273.309979097917676 ], [ 7414116.940822614356875, 4522645.400966539978981 ], [ 7414573.914229707792401, 4522828.89990290440619 ], [ 7414894.990205935202539, 4523195.347449793480337 ], [ 7415255.147758431732655, 4522867.236048582941294 ], [ 7417742.851953069679439, 4522881.719731966033578 ], [ 7418103.985125610604882, 4522552.791187573224306 ], [ 7418749.015428063459694, 4523402.349031048826873 ], [ 7419114.436179301701486, 4523549.174791573546827 ], [ 7419750.128460639156401, 4524386.904806897975504 ], [ 7420115.860231041908264, 4524533.817043761722744 ], [ 7420437.292545961216092, 4524901.556743271648884 ], [ 7421552.031612399965525, 4523688.183888106606901 ], [ 7422039.461530431173742, 4523554.271911982446909 ], [ 7422226.197795124724507, 4522374.741913399659097 ], [ 7422712.154469958506525, 4521899.779361325316131 ], [ 7422901.892720033414662, 4521847.624404220841825 ], [ 7422935.982800825498998, 4522095.275119689293206 ], [ 7423166.377024929970503, 4522544.281391941942275 ], [ 7423154.498824892565608, 4524426.748949714004993 ], [ 7423392.633137608878314, 4524890.123148128390312 ], [ 7423103.020455886609852, 4525323.180089851841331 ], [ 7422925.896857526153326, 4526733.071040419861674 ], [ 7422267.985856310464442, 4527594.191023505292833 ], [ 7422144.40228804666549, 4528079.48434429615736 ], [ 7420344.311586655676365, 4530279.439195622690022 ], [ 7420583.014914756640792, 4530744.256063287146389 ], [ 7420632.537069221958518, 4531551.650988848879933 ], [ 7420110.071003068238497, 4532281.664965938776731 ], [ 7418854.69931664224714, 4532356.940470777451992 ], [ 7418695.065223279409111, 4532983.62874536588788 ], [ 7418415.019268455915153, 4533403.445748066529632 ], [ 7418291.37822899222374, 4533888.263009505346417 ], [ 7418011.386302191764116, 4534308.087886787950993 ], [ 7417949.776664796285331, 4534550.265259054489434 ], [ 7417756.611493102274835, 4537104.23491401784122 ], [ 7417476.743546551093459, 4537524.074424526654184 ], [ 7417309.001918295398355, 4538792.053235908970237 ], [ 7417950.63688927423209, 4539869.869874620810151 ], [ 7418018.330926207825541, 4540365.583973042666912 ], [ 7418248.633427407592535, 4540813.997097318060696 ], [ 7418332.888427859172225, 4541434.251808573491871 ], [ 7418788.551748023368418, 4541618.111594132147729 ], [ 7419219.395667053759098, 4542149.995216471143067 ], [ 7419227.695297333411872, 4542971.416221621446311 ], [ 7418877.497103279456496, 4542951.383414692245424 ], [ 7418811.019880467094481, 4543186.319846034049988 ], [ 7418278.536484965123236, 4543914.788156238384545 ], [ 7417141.253028746694326, 4543695.571177669800818 ], [ 7417110.530636927112937, 4542035.113939354196191 ], [ 7416651.375277910381556, 4541826.849761570803821 ], [ 7416329.955214686691761, 4541484.982664881274104 ], [ 7415802.898149363696575, 4541385.08902383223176 ], [ 7415813.565380393527448, 4540221.852703399024904 ], [ 7415599.232689799740911, 4539754.590193444862962 ], [ 7415515.638710748404264, 4539277.373894835822284 ], [ 7415202.36651330627501, 4538595.588409568183124 ], [ 7415327.53046643268317, 4538339.142299489118159 ], [ 7415593.713535743765533, 4537899.102308438159525 ], [ 7415809.245732272043824, 4536047.707168103195727 ], [ 7416197.280655584298074, 4535405.636403287760913 ], [ 7416127.998332912102342, 4534674.631589605472982 ], [ 7415913.457084943540394, 4534207.37486831471324 ], [ 7415829.752415737137198, 4533730.159928138367832 ], [ 7415614.772530078887939, 4533262.892850471660495 ], [ 7415608.715329604223371, 4531098.214628626592457 ], [ 7413389.365814260207117, 4531119.019332611002028 ], [ 7413027.189547570422292, 4531416.779167314991355 ], [ 7410388.165895230136812, 4531341.950324674136937 ], [ 7410399.308077270165086, 4530609.119657821021974 ], [ 7409127.029401546344161, 4528721.525113176554441 ], [ 7409534.818639508448541, 4528239.043476453982294 ], [ 7409526.715872555971146, 4527314.601869464851916 ], [ 7409256.663281681016088, 4526911.533614316955209 ], [ 7409226.623415423557162, 4526366.989002508111298 ], [ 7408792.832393063232303, 4525728.070283959619701 ], [ 7408388.684011545032263, 4525627.248273268342018 ], [ 7407409.784776096232235, 4524181.65878301858902 ], [ 7407056.26480723451823, 4524241.024071815423667 ], [ 7406741.530836842954159, 4524608.697168503887951 ], [ 7406328.304614137858152, 4524664.299335104413331 ], [ 7405636.768624821677804, 4525475.187254677526653 ], [ 7405223.984861696138978, 4525530.866914827376604 ], [ 7404844.970889752730727, 4525973.469653677195311 ], [ 7404149.594993744045496, 4525856.879726416431367 ], [ 7403876.800577096641064, 4525456.872241388075054 ], [ 7403121.62036522757262, 4525337.110336976125836 ], [ 7402822.240436694584787, 4524897.995060435496271 ], [ 7402476.773665964603424, 4525301.847373060882092 ], [ 7401216.890854123979807, 4525272.316640360280871 ], [ 7401252.202235963195562, 4524077.012988141737878 ], [ 7400655.281458656303585, 4523193.129422429949045 ], [ 7400740.669007805176079, 4521073.752076565288007 ], [ 7400466.059412921778858, 4520964.06758776679635 ], [ 7400414.564619047567248, 4520592.638489020057023 ] ] ] } },
{ "type": "Feature", "properties": { "id": "00030000000000006688", "COAST": 0, "DIST_MAIN": 6.1, "DIST_SINK": 6.1, "ENDO": 0, "HYBAS_ID": 2120632890, "MAIN_BAS": 2120014470, "NEXT_DOWN": 2120014470, "NEXT_SINK": 2120014470, "ORDER": 1, "PFAF_ID": 214097800310, "SORT": 23558, "SUB_AREA": 150.8, "UP_AREA": 304.4 }, "geometry": { "type": "Polygon", "coordinates": [ [ [ 7402649.474802096374333, 4505414.799966803751886 ], [ 7402741.444476502016187, 4505050.661771204322577 ], [ 7403351.191380278207362, 4504881.376119515858591 ], [ 7403719.961242888122797, 4504327.896596242673695 ], [ 7403893.099554092623293, 4502918.319281255826354 ], [ 7404277.659026183187962, 4502340.894114602357149 ], [ 7404250.125564903952181, 4501083.134536443278193 ], [ 7404017.362642019987106, 4500635.328477782197297 ], [ 7403947.907293071039021, 4500139.371678406372666 ], [ 7403299.486265808343887, 4499063.707299248315394 ], [ 7403414.621171601116657, 4498719.679186035878956 ], [ 7404072.076976840384305, 4497856.389550816267729 ], [ 7404220.055814113467932, 4496909.347387906163931 ], [ 7404500.207247905433178, 4496488.968097416684031 ], [ 7404622.71464404463768, 4496003.944750410504639 ], [ 7404902.919964457862079, 4495583.574736473150551 ], [ 7405068.844465763308108, 4494927.267888917587698 ], [ 7405529.215993778780103, 4494507.797086214646697 ], [ 7405910.422660894691944, 4494402.560216479934752 ], [ 7407015.663600367493927, 4493198.21453929040581 ], [ 7408454.96746027469635, 4493150.544939623214304 ], [ 7408935.173138552345335, 4492713.483565381728113 ], [ 7410236.941948543302715, 4492911.151296782307327 ], [ 7410549.420648409053683, 4493265.790459550917149 ], [ 7410916.884554374031723, 4493412.602326499298215 ], [ 7411346.161708269268274, 4493899.782584367319942 ], [ 7412308.752151310443878, 4493827.015632800757885 ], [ 7412658.787583403289318, 4493508.995311337523162 ], [ 7413835.322787172161043, 4493437.372215746901929 ], [ 7414038.385311048477888, 4492638.822994251735508 ], [ 7414499.448534952476621, 4492219.86051678750664 ], [ 7414975.965283346362412, 4492088.596290146000683 ], [ 7415068.559373619034886, 4491725.057447358965874 ], [ 7417035.646312870085239, 4491874.175947244279087 ], [ 7417308.988109757192433, 4492274.588905582204461 ], [ 7417512.169144737534225, 4492325.18868622649461 ], [ 7417486.227221177890897, 4492787.733928062953055 ], [ 7417346.750460467301309, 4494417.068520749919116 ], [ 7415461.595691813156009, 4496716.357819811441004 ], [ 7416026.112281375564635, 4496942.459389910101891 ], [ 7416338.148218794725835, 4497297.387165674008429 ], [ 7416808.981767608784139, 4497485.555565896444023 ], [ 7416856.793333697132766, 4498562.636350595392287 ], [ 7417088.910120620392263, 4499011.382856218144298 ], [ 7417164.652757074683905, 4499373.94127029273659 ], [ 7415645.427127160131931, 4501248.976817652583122 ], [ 7415522.210542695596814, 4501733.86043001152575 ], [ 7414863.557845246046782, 4502596.222233183681965 ], [ 7414739.994266150519252, 4503081.58960485085845 ], [ 7413703.334897766821086, 4504386.389458072371781 ], [ 7413580.262439442798495, 4504871.29574210010469 ], [ 7412433.434550146572292, 4506315.962058196775615 ], [ 7412130.212672892026603, 4506399.32933724205941 ], [ 7410519.357751030474901, 4506270.730582368560135 ], [ 7410246.329237596131861, 4505870.547257330268621 ], [ 7409136.432583164423704, 4505730.804933535866439 ], [ 7408863.318074816837907, 4505330.677657982334495 ], [ 7408458.038117282092571, 4505229.447439994663 ], [ 7408157.921622372232378, 4504790.157042222097516 ], [ 7407623.954419709742069, 4505413.270253931172192 ], [ 7407534.254594168625772, 4505951.671569280326366 ], [ 7407033.607299867086112, 4506541.412904245778918 ], [ 7406823.815022211521864, 4506570.08243609033525 ], [ 7406471.919838980771601, 4506550.77155061904341 ], [ 7405213.079461954534054, 4506442.13522254768759 ], [ 7404939.432283433154225, 4506042.157861171290278 ], [ 7403829.935128210112453, 4505903.225345091894269 ], [ 7403556.575276437215507, 4505503.318362201564014 ], [ 7402649.474802096374333, 4505414.799966803751886 ] ] ] } },
{ "type": "Feature", "properties": { "id": "00030000000000006689", "COAST": 0, "DIST_MAIN": 29.9, "DIST_SINK": 29.9, "ENDO": 0, "HYBAS_ID": 2121221520, "MAIN_BAS": 2120014470, "NEXT_DOWN": 2120632890, "NEXT_SINK": 2120014470, "ORDER": 1, "PFAF_ID": 214097800320, "SORT": 23560, "SUB_AREA": 153.5, "UP_AREA": 153.5 }, "geometry": { "type": "Polygon", "coordinates": [ [ [ 7392074.06371162366122, 4517498.603627199307084 ], [ 7392670.624869242310524, 4517331.876396374776959 ], [ 7393154.358337978832424, 4516854.590493438765407 ], [ 7393318.406913531012833, 4515792.773966756649315 ], [ 7394485.282305626198649, 4514325.052900973707438 ], [ 7395394.949759798124433, 4514216.390578839927912 ], [ 7395551.27529848087579, 4513594.211967423558235 ], [ 7396207.120725307613611, 4512730.391283232718706 ], [ 7396346.512441942468286, 4511918.303046609275043 ], [ 7395362.807764298282564, 4510354.564579244703054 ], [ 7395651.891319044865668, 4509919.558823519386351 ], [ 7395773.768861865624785, 4509433.951565357856452 ], [ 7396053.047401768155396, 4509013.804801147431135 ], [ 7396191.367358417250216, 4508228.447756565175951 ], [ 7395871.073377318680286, 4507613.522918202914298 ], [ 7395784.064757753163576, 4506993.723842171952128 ], [ 7395325.731244728900492, 4506811.498605956323445 ], [ 7394913.887465857900679, 4506345.045426008291543 ], [ 7394854.407409289851785, 4505922.685724991373718 ], [ 7395061.468994558788836, 4505894.031000105664134 ], [ 7395753.132243124768138, 4505082.620495815761387 ], [ 7396664.042001250199974, 4505092.111519621685147 ], [ 7396718.509004973806441, 4505479.500807054340839 ], [ 7397527.018636772409081, 4505664.705241826362908 ], [ 7397849.704066936857998, 4506030.784132325090468 ], [ 7398209.34462973382324, 4505701.32639086432755 ], [ 7398941.766103350557387, 4505614.70067988242954 ], [ 7399290.69551304448396, 4505296.127809784375131 ], [ 7400023.184886551462114, 4505209.604713466018438 ], [ 7400502.218103893101215, 4504771.584203846752644 ], [ 7400745.233688801527023, 4504911.230368182994425 ], [ 7401057.883473536930978, 4505265.509772039018571 ], [ 7402649.474802096374333, 4505414.799966803751886 ], [ 7403556.575276437215507, 4505503.318362201564014 ], [ 7403829.935128210112453, 4505903.225345091894269 ], [ 7404939.432283433154225, 4506042.157861171290278 ], [ 7405213.079461954534054, 4506442.13522254768759 ], [ 7406471.919838980771601, 4506550.77155061904341 ], [ 7406823.815022211521864, 4506570.08243609033525 ], [ 7406700.484057893976569, 4507852.900490791536868 ], [ 7406205.574912428855896, 4507989.972840297967196 ], [ 7405745.846555473282933, 4508409.356146735139191 ], [ 7405579.93926447071135, 4509065.637188298627734 ], [ 7405300.06109884660691, 4509485.952111975289881 ], [ 7405135.458277732133865, 4510733.261760070919991 ], [ 7405454.834224025718868, 4511349.140000246465206 ], [ 7405507.166873753070831, 4512144.405466936528683 ], [ 7405122.86658938601613, 4512721.741041237488389 ], [ 7405000.020212074741721, 4513206.721356418915093 ], [ 7404720.28646279219538, 4513627.052208834327757 ], [ 7404446.006252876482904, 4516885.800244273617864 ], [ 7403273.224023866467178, 4518357.310543071478605 ], [ 7402648.61731911636889, 4518396.159567147493362 ], [ 7402458.625215139240026, 4518448.810351043008268 ], [ 7402110.433531175367534, 4518767.225852647796273 ], [ 7401635.862721536308527, 4518899.165158371441066 ], [ 7401544.03146205842495, 4519262.807487203739583 ], [ 7401499.672884066589177, 4519530.304502319544554 ], [ 7400623.552180094644427, 4520563.796321590431035 ], [ 7400414.564619047567248, 4520592.638489020057023 ], [ 7398819.113997666165233, 4520569.218716756440699 ], [ 7398471.175697040744126, 4520887.79074362013489 ], [ 7398091.407912256196141, 4520993.300494472496212 ], [ 7397743.519014758989215, 4521311.900676121003926 ], [ 7397012.612935477867723, 4521399.030370788648725 ], [ 7396664.796435004100204, 4521717.668384549207985 ], [ 7395354.648700728081167, 4521773.331081475131214 ], [ 7394926.385945820249617, 4521287.022907041944563 ], [ 7394560.175666013732553, 4521140.913779124617577 ], [ 7394248.434126715175807, 4520786.895646747201681 ], [ 7393882.16070600040257, 4520641.321970152668655 ], [ 7392153.618510629981756, 4518202.29480218142271 ], [ 7392074.06371162366122, 4517498.603627199307084 ] ] ] } },
{ "type": "Feature", "properties": { "id": "0003000000000000668a", "COAST": 0, "DIST_MAIN": 18.3, "DIST_SINK": 18.3, "ENDO": 0, "HYBAS_ID": 2120633450, "MAIN_BAS": 2120014490, "NEXT_DOWN": 2120014490, "NEXT_SINK": 2120014490, "ORDER": 1, "PFAF_ID": 214098030000, "SORT": 23563, "SUB_AREA": 163.6, "UP_AREA": 2223.9 }, "geometry": { "type": "Polygon", "coordinates": [ [ [ 7378827.318952863104641, 4494890.584928303956985 ], [ 7378871.739667483605444, 4494620.080419674515724 ], [ 7380124.709232363849878, 4493142.60943026188761 ], [ 7380539.257143597118556, 4493085.437340439297259 ], [ 7381230.141949767246842, 4492272.226451598107815 ], [ 7381789.930487122386694, 4492261.742460651323199 ], [ 7381865.625704550184309, 4492792.330980837345123 ], [ 7383719.345617978833616, 4492761.207908695563674 ], [ 7384068.033927172422409, 4492441.936001561582088 ], [ 7385153.88320429250598, 4492372.069824372418225 ], [ 7385502.659270529635251, 4492052.855357143096626 ], [ 7385883.223874127492309, 4491946.090231763198972 ], [ 7386608.571853177621961, 4491183.185717842541635 ], [ 7386989.191987073980272, 4491076.481477642431855 ], [ 7387338.109163215383887, 4490757.340890338644385 ], [ 7387837.051241247914732, 4490618.138442280702293 ], [ 7388597.946106804534793, 4489615.684594387188554 ], [ 7388761.192866798490286, 4488554.805865344591439 ], [ 7389623.469509062357247, 4487632.606480980291963 ], [ 7390004.700639067217708, 4487526.057393622584641 ], [ 7390730.492406046949327, 4486763.477865247987211 ], [ 7391111.794700482860208, 4486656.979249767027795 ], [ 7391838.154903915710747, 4485894.518933735787868 ], [ 7393277.999156868085265, 4485843.805559155531228 ], [ 7393627.42537185549736, 4485524.930203313939273 ], [ 7393817.741800164803863, 4485471.970876912586391 ], [ 7395060.714397965930402, 4485600.700200399383903 ], [ 7395804.227740777656436, 4486567.264069139026105 ], [ 7396783.580692616291344, 4486493.301457514986396 ], [ 7397132.772483644075692, 4486174.553367042914033 ], [ 7397513.85263454914093, 4486068.358224498108029 ], [ 7398618.91840947791934, 4484863.303390893153846 ], [ 7399095.465818316675723, 4484731.018635495565832 ], [ 7399187.316812274977565, 4484366.843749281950295 ], [ 7399370.995251944288611, 4484439.673889227211475 ], [ 7399807.127712356857955, 4484970.5374337406829 ], [ 7399830.926291840150952, 4486618.860328502953053 ], [ 7400306.456972767598927, 4486807.590603294782341 ], [ 7400719.300869558006525, 4487274.273025367408991 ], [ 7400778.766615837812424, 4487697.181255949661136 ], [ 7401131.53375082463026, 4487716.156851700507104 ], [ 7401070.365822991356254, 4487958.937788601964712 ], [ 7400790.210784892551601, 4488378.955163291655481 ], [ 7400667.931348552927375, 4488864.029362209141254 ], [ 7400298.821241887286305, 4489418.184897824190557 ], [ 7399782.945757234469056, 4489561.143490817397833 ], [ 7399322.681923833675683, 4489980.970642015337944 ], [ 7399157.249639456160367, 4490637.369424723088741 ], [ 7398394.888100273907185, 4491638.840492421761155 ], [ 7397895.327235876582563, 4491777.819881933741271 ], [ 7397546.312140862457454, 4492096.520943511277437 ], [ 7397165.175443521700799, 4492202.175165537744761 ], [ 7396439.055109878070652, 4492964.643667194060981 ], [ 7395262.611753243021667, 4493038.484441570937634 ], [ 7395104.767746728844941, 4493666.062975354492664 ], [ 7394825.138573332689703, 4494086.271116821095347 ], [ 7394703.247949002310634, 4494571.898105674423277 ], [ 7394423.665123797953129, 4494992.11666838824749 ], [ 7394276.933572609908879, 4495939.759209586307406 ], [ 7393997.757814065553248, 4496360.503710526973009 ], [ 7393875.589838746935129, 4496845.627192138694227 ], [ 7393219.353950763121247, 4497709.738218434154987 ], [ 7393072.76719800196588, 4498657.3901486126706 ], [ 7392793.391385538503528, 4499077.656079279258847 ], [ 7392671.694795606657863, 4499562.813004073686898 ], [ 7390771.202992447651923, 4501899.11910592764616 ], [ 7390472.771467133425176, 4501982.124650997109711 ], [ 7389847.898118524812162, 4501875.856452805921435 ], [ 7389757.189922645688057, 4501235.171845742501318 ], [ 7389105.976073439233005, 4500158.848322034813464 ], [ 7388624.878820268437266, 4499967.978877228684723 ], [ 7388311.438349396921694, 4499614.284570008516312 ], [ 7387715.866384803317487, 4499457.177938300184906 ], [ 7387225.901848086155951, 4499906.300490278750658 ], [ 7386902.43355140928179, 4499540.745521623641253 ], [ 7386718.692148059606552, 4499468.177477393299341 ], [ 7386366.535432039760053, 4499449.853147256188095 ], [ 7386344.467716241255403, 4498602.022338083945215 ], [ 7384475.923553776927292, 4498353.300851078704 ], [ 7383820.178806247189641, 4497535.742500092834234 ], [ 7383295.924816791899502, 4497296.900486078113317 ], [ 7383028.115845412947237, 4496733.548219502903521 ], [ 7382906.7253134297207, 4496043.352592235431075 ], [ 7382057.235538384877145, 4494984.403399737551808 ], [ 7381463.26828296855092, 4495097.242622789926827 ], [ 7380722.844332709908485, 4495847.372329612262547 ], [ 7380390.883408936671913, 4495505.527688286267221 ], [ 7379331.738921611569822, 4495308.583661939017475 ], [ 7379004.368576450273395, 4494971.515260189771652 ], [ 7378827.318952863104641, 4494890.584928303956985 ] ] ] } },
{ "type": "Feature", "properties": { "id": "0003000000000000668b", "COAST": 0, "DIST_MAIN": 39.9, "DIST_SINK": 39.9, "ENDO": 0, "HYBAS_ID": 2120631570, "MAIN_BAS": 2120014490, "NEXT_DOWN": 2120633450, "NEXT_SINK": 2120014490, "ORDER": 1, "PFAF_ID": 214098050100, "SORT": 23565, "SUB_AREA": 158.0, "UP_AREA": 1642.6 }, "geometry": { "type": "Polygon", "coordinates": [ [ [ 7367410.925360326655209, 4518411.74825394898653 ], [ 7367585.917910858057439, 4515857.776124570518732 ], [ 7368238.04466812685132, 4514992.221779937855899 ], [ 7368400.542962408624589, 4514334.8511648690328 ], [ 7368857.579159980639815, 4513913.336910987272859 ], [ 7369344.998685616999865, 4513775.526873113587499 ], [ 7371235.715246523730457, 4511434.88454657793045 ], [ 7371393.686905078589916, 4510798.638682928867638 ], [ 7372231.13595777656883, 4509911.894686709158123 ], [ 7372705.495941391214728, 4509778.067829303443432 ], [ 7372856.08376325853169, 4509171.220754689536989 ], [ 7373133.966513658873737, 4508750.309750316664577 ], [ 7373194.155943172983825, 4508507.376947584562004 ], [ 7373247.832308728247881, 4506850.273413858376443 ], [ 7372975.025811080820858, 4506449.228976588696241 ], [ 7372942.602116324938834, 4505908.057312034070492 ], [ 7372340.763770778663456, 4505026.824448295868933 ], [ 7372324.491070971824229, 4504756.739243883639574 ], [ 7371972.630816265940666, 4504739.07381478510797 ], [ 7371919.139923501759768, 4504367.444817279465497 ], [ 7371643.574754369445145, 4504258.912004514597356 ], [ 7371666.732129545882344, 4503796.908728337846696 ], [ 7371841.225453158840537, 4503880.033962223678827 ], [ 7372244.434716120362282, 4504282.603569087572396 ], [ 7372800.526454716920853, 4503431.316537446342409 ], [ 7372701.689537144266069, 4503150.625398716889322 ], [ 7372383.094565022736788, 4502461.197596346959472 ], [ 7372555.225808015093207, 4501290.100160406902432 ], [ 7372903.423263750039041, 4500699.615641312673688 ], [ 7369743.21599944960326, 4500374.908482781611383 ], [ 7369454.225656513124704, 4499750.604111609980464 ], [ 7369409.31713518127799, 4499513.819838888011873 ], [ 7370320.922079089097679, 4499520.057330699637532 ], [ 7371010.113839918747544, 4498706.007637348026037 ], [ 7371423.851667908020318, 4498648.331984431482852 ], [ 7371737.896883305162191, 4498279.238923228345811 ], [ 7372151.669396951794624, 4498221.603215929120779 ], [ 7372465.392703064717352, 4497852.521818559616804 ], [ 7372879.604845626279712, 4497794.44551095366478 ], [ 7373193.386369108222425, 4497425.389312903396785 ], [ 7373607.600738508626819, 4497367.84812971111387 ], [ 7373921.432762894779444, 4496998.81823732983321 ], [ 7374335.706662295386195, 4496940.822875463403761 ], [ 7374649.596853517927229, 4496571.818209329620004 ], [ 7375416.141515675932169, 4496532.146032078191638 ], [ 7375730.09906598739326, 4496163.179395336657763 ], [ 7376496.729432155378163, 4496123.117989845573902 ], [ 7377186.878467831760645, 4495310.06594205275178 ], [ 7378305.928359810262918, 4495288.563625259324908 ], [ 7378620.458148382604122, 4494919.728672589175403 ], [ 7378827.318952863104641, 4494890.584928303956985 ], [ 7379004.368576450273395, 4494971.515260189771652 ], [ 7379331.738921611569822, 4495308.583661939017475 ], [ 7380390.883408936671913, 4495505.527688286267221 ], [ 7380722.844332709908485, 4495847.372329612262547 ], [ 7381463.26828296855092, 4495097.242622789926827 ], [ 7382057.235538384877145, 4494984.403399737551808 ], [ 7382906.7253134297207, 4496043.352592235431075 ], [ 7383028.115845412947237, 4496733.548219502903521 ], [ 7383295.924816791899502, 4497296.900486078113317 ], [ 7383820.178806247189641, 4497535.742500092834234 ], [ 7384475.923553776927292, 4498353.300851078704 ], [ 7386344.467716241255403, 4498602.022338083945215 ], [ 7386366.535432039760053, 4499449.853147256188095 ], [ 7386305.506371675059199, 4499692.691958403214812 ], [ 7385650.42081917822361, 4500557.39609155151993 ], [ 7385493.454683270305395, 4501185.113941020332277 ], [ 7384318.990612396970391, 4501260.600398357026279 ], [ 7383860.314287946559489, 4501681.270322969183326 ], [ 7383695.971267600543797, 4502337.888305738568306 ], [ 7383041.393433228135109, 4503202.778791508637369 ], [ 7382884.163849039934576, 4503832.987581158988178 ], [ 7381358.354778522625566, 4503888.780193453654647 ], [ 7380634.978545065969229, 4504652.100431951694191 ], [ 7379902.908693102188408, 4504740.518869669176638 ], [ 7379554.891655506566167, 4505059.942075991071761 ], [ 7379067.792397532612085, 4505197.193529997952282 ], [ 7378905.29289514105767, 4506262.621367332525551 ], [ 7378626.959148420020938, 4506683.83813152462244 ], [ 7378458.620099633932114, 4508093.657770307734609 ], [ 7378180.773958240635693, 4508514.408729031682014 ], [ 7378059.694563868455589, 4509000.204969447106123 ], [ 7377781.515461769886315, 4509420.952300237491727 ], [ 7377630.513457451015711, 4510027.725481123663485 ], [ 7377156.049193076789379, 4510161.237904436886311 ], [ 7376422.477907970547676, 4510936.734223579056561 ], [ 7376098.760313559323549, 4510571.133229707367718 ], [ 7375503.604821379296482, 4510414.447123764082789 ], [ 7375026.170440603047609, 4510853.921828941442072 ], [ 7374294.824556045234203, 4510942.853010479360819 ], [ 7373947.701638148166239, 4511262.526133132167161 ], [ 7373568.324106524698436, 4511369.814855596981943 ], [ 7372730.475095545873046, 4512255.900388574227691 ], [ 7372572.780117992311716, 4512892.140192412771285 ], [ 7371545.259724154137075, 4514202.680886411108077 ], [ 7371401.807433118112385, 4515150.579338557086885 ], [ 7371124.205302556045353, 4515571.534857926890254 ], [ 7371063.728962211869657, 4515814.460076333023608 ], [ 7370154.486447661183774, 4515808.017529183067381 ], [ 7368906.334451796486974, 4517286.790124750696123 ], [ 7368819.50460681412369, 4517824.953355041332543 ], [ 7368322.448489913716912, 4518418.008217302151024 ], [ 7367410.925360326655209, 4518411.74825394898653 ] ] ] } },
{ "type": "Feature", "properties": { "id": "0003000000000000668c", "COAST": 0, "DIST_MAIN": 57.0, "DIST_SINK": 57.0, "ENDO": 0, "HYBAS_ID": 2120630710, "MAIN_BAS": 2120014490, "NEXT_DOWN": 2120631570, "NEXT_SINK": 2120014490, "ORDER": 1, "PFAF_ID": 214098050300, "SORT": 23570, "SUB_AREA": 10.2, "UP_AREA": 1354.6 }, "geometry": { "type": "Polygon", "coordinates": [ [ [ 7369133.238763160072267, 4505060.290879617445171 ], [ 7369223.521411778405309, 4504695.854209998622537 ], [ 7369698.496352406218648, 4504561.837107512168586 ], [ 7370045.673740684986115, 4504241.961430391296744 ], [ 7371643.574754369445145, 4504258.912004514597356 ], [ 7371919.139923501759768, 4504367.444817279465497 ], [ 7371972.630816265940666, 4504739.07381478510797 ], [ 7372324.491070971824229, 4504756.739243883639574 ], [ 7372340.763770778663456, 4505026.824448295868933 ], [ 7372942.602116324938834, 4505908.057312034070492 ], [ 7372975.025811080820858, 4506449.228976588696241 ], [ 7373247.832308728247881, 4506850.273413858376443 ], [ 7373194.155943172983825, 4508507.376947584562004 ], [ 7372991.661590854637325, 4508457.998178399167955 ], [ 7372388.080003954470158, 4507579.126403861679137 ], [ 7370926.71527886018157, 4507427.441474743187428 ], [ 7370651.807643325068057, 4507028.867407253012061 ], [ 7370448.891248965635896, 4506979.543262398801744 ], [ 7370242.068923833779991, 4507008.380301360972226 ], [ 7369928.765392792411149, 4507377.534541760571301 ], [ 7369721.956106927245855, 4507406.379698576405644 ], [ 7369745.017093217931688, 4506944.375907942652702 ], [ 7369774.978711360134184, 4505746.34120877366513 ], [ 7369336.220361625775695, 4505109.570751235820353 ], [ 7369133.238763160072267, 4505060.290879617445171 ] ] ] } },
{ "type": "Feature", "properties": { "id": "0003000000000000668d", "COAST": 0, "DIST_MAIN": 60.1, "DIST_SINK": 60.1, "ENDO": 0, "HYBAS_ID": 2120630420, "MAIN_BAS": 2120014490, "NEXT_DOWN": 2120630710, "NEXT_SINK": 2120014490, "ORDER": 1, "PFAF_ID": 214098070000, "SORT": 23571, "SUB_AREA": 201.7, "UP_AREA": 900.2 }, "geometry": { "type": "Polygon", "coordinates": [ [ [ 7341621.154575753025711, 4527826.456806774251163 ], [ 7341684.486584147438407, 4527588.985347857698798 ], [ 7344186.416646561585367, 4524480.500634299591184 ], [ 7344312.868165640160441, 4524006.072198396548629 ], [ 7344953.37795804720372, 4523126.900933235883713 ], [ 7345130.89258751180023, 4522005.483384458348155 ], [ 7345598.614721436053514, 4521595.627644518390298 ], [ 7346320.155318399891257, 4521492.177845313213766 ], [ 7346673.642508752644062, 4521183.097784681245685 ], [ 7347395.627394439652562, 4521079.764292377047241 ], [ 7347749.180500489659607, 4520770.739712312817574 ], [ 7348225.798705090768635, 4520616.254440140910447 ], [ 7348392.565220867283642, 4519565.733409657143056 ], [ 7348660.556678790599108, 4519132.233467401005328 ], [ 7348843.124165784567595, 4518450.304308152757585 ], [ 7349284.92624500952661, 4518063.706275077536702 ], [ 7350110.454201493412256, 4517946.163504447788 ], [ 7350280.327540202066302, 4516875.485084628686309 ], [ 7350548.898231258615851, 4516442.060122355818748 ], [ 7350725.811821301467717, 4515780.208819297142327 ], [ 7351546.994499692693353, 4514928.382399453781545 ], [ 7352096.411944495514035, 4514751.287524573504925 ], [ 7351817.188730474561453, 4514186.214738527312875 ], [ 7351798.31110898219049, 4513481.837995296344161 ], [ 7351820.297661536373198, 4513019.859057236462831 ], [ 7352116.942909267731011, 4512935.321430273354053 ], [ 7352275.586604204028845, 4511869.075913454405963 ], [ 7352925.672216477803886, 4511002.259778615087271 ], [ 7353067.096370574086905, 4510054.178664935752749 ], [ 7354091.488772002980113, 4508741.759183770976961 ], [ 7354151.04029209073633, 4508498.707156303338706 ], [ 7355060.96785815898329, 4508503.125486759468913 ], [ 7356559.511919679120183, 4506721.920338666066527 ], [ 7358664.907219721004367, 4506901.897502718493342 ], [ 7358996.841420392505825, 4507381.542501559481025 ], [ 7359349.716183442622423, 4507319.827106032520533 ], [ 7359662.819050171412528, 4506950.282716404646635 ], [ 7360779.766516789793968, 4506926.256394371390343 ], [ 7361092.961981510743499, 4506556.768623024225235 ], [ 7361506.160630184225738, 4506498.081069415435195 ], [ 7361849.84177384339273, 4506092.921765781007707 ], [ 7362208.436809564009309, 4506611.226894753985107 ], [ 7364321.249605882912874, 4506635.99015430547297 ], [ 7365384.107353896833956, 4505377.321249929256737 ], [ 7366501.432974980212748, 4505353.646927949972451 ], [ 7366814.611477962695062, 4504984.356673947535455 ], [ 7368284.218857236206532, 4504978.880435614846647 ], [ 7368628.381691622547805, 4504573.511952009052038 ], [ 7368930.637185429222882, 4505011.030965202488005 ], [ 7369133.238763160072267, 4505060.290879617445171 ], [ 7369336.220361625775695, 4505109.570751235820353 ], [ 7369774.978711360134184, 4505746.34120877366513 ], [ 7369745.017093217931688, 4506944.375907942652702 ], [ 7369721.956106927245855, 4507406.379698576405644 ], [ 7369443.42865683324635, 4507495.628631893545389 ], [ 7369282.883853301405907, 4508088.131928093731403 ], [ 7367761.051594426855445, 4510007.267348321154714 ], [ 7366583.641576368361712, 4510099.095682910643518 ], [ 7365479.956000442616642, 4511297.02735395822674 ], [ 7365108.485368881374598, 4511416.036594714969397 ], [ 7364753.712896048091352, 4511724.797681101597846 ], [ 7364382.285536381416023, 4511843.843023451045156 ], [ 7364027.587735348381102, 4512152.139543144032359 ], [ 7363656.195999012328684, 4512271.222052312456071 ], [ 7362927.379040081053972, 4513024.786530910991132 ], [ 7362463.3272172678262, 4513173.572855462320149 ], [ 7362303.399102794937789, 4513766.18983041215688 ], [ 7361967.262137585319579, 4514307.527205713093281 ], [ 7361433.577724417671561, 4514478.749044368974864 ], [ 7360330.934465885162354, 4515677.830456514842808 ], [ 7359867.107257755473256, 4515826.76902633253485 ], [ 7359670.070517321117222, 4516559.404733471572399 ], [ 7358628.963149943388999, 4516658.50959309656173 ], [ 7357864.048006796278059, 4515695.243241254240274 ], [ 7357416.879827014170587, 4515501.553381900303066 ], [ 7357315.707548365928233, 4514896.251132600009441 ], [ 7357145.443422389216721, 4514596.491032255813479 ], [ 7356940.841337487101555, 4515358.547600193880498 ], [ 7356605.172618447802961, 4515900.100391026586294 ], [ 7355956.511205160059035, 4516108.77790192887187 ], [ 7355708.361367180943489, 4519005.095726545900106 ], [ 7355372.535967890173197, 4519546.673648507334292 ], [ 7354839.412608242593706, 4519718.337039069272578 ], [ 7354485.460841487161815, 4520027.54019065387547 ], [ 7353655.479132537730038, 4520145.357365317642689 ], [ 7353467.514954933896661, 4521677.202606782317162 ], [ 7353132.325286272913218, 4522218.884795547463 ], [ 7352784.623303092084825, 4522330.636521658860147 ], [ 7352506.524282685481012, 4522420.453958252444863 ], [ 7352347.868696890771389, 4523013.241131856106222 ], [ 7352079.746480358764529, 4523446.615927281789482 ], [ 7351908.17415087390691, 4524523.643831162713468 ], [ 7350647.35449309181422, 4524624.63764417450875 ], [ 7350482.509156958200037, 4525240.453058708459139 ], [ 7350087.598898056894541, 4525826.486886464990675 ], [ 7348810.793484071269631, 4525929.477698581293225 ], [ 7348640.1052898298949, 4527006.078539378941059 ], [ 7347916.872831449843943, 4527998.526719610206783 ], [ 7347400.23637075535953, 4528165.471248409710824 ], [ 7347040.316373605281115, 4528480.627703496254981 ], [ 7346711.286308514885604, 4528132.970723063685 ], [ 7345443.825207461602986, 4527936.03573021478951 ], [ 7344941.939009767957032, 4528375.984645385295153 ], [ 7344221.08732027374208, 4528479.53194472938776 ], [ 7343868.013290084898472, 4528788.699949773028493 ], [ 7342938.506981433369219, 4528882.613046852871776 ], [ 7342479.88260524533689, 4528398.262527582235634 ], [ 7342122.469643048010767, 4528244.318630662746727 ], [ 7341799.701025157235563, 4527903.153194291517138 ], [ 7341621.154575753025711, 4527826.456806774251163 ] ] ] } },
{ "type": "Feature", "properties": { "id": "0003000000000000668e", "COAST": 0, "DIST_MAIN": 81.9, "DIST_SINK": 81.9, "ENDO": 0, "HYBAS_ID": 2120629080, "MAIN_BAS": 2120014490, "NEXT_DOWN": 2120630420, "NEXT_SINK": 2120014490, "ORDER": 1, "PFAF_ID": 214098090100, "SORT": 23576, "SUB_AREA": 160.2, "UP_AREA": 450.2 }, "geometry": { "type": "Polygon", "coordinates": [ [ [ 7333614.949416709132493, 4526069.823517942801118 ], [ 7333821.020464066416025, 4526039.514006802812219 ], [ 7334132.0954430969432, 4525669.01181973144412 ], [ 7334894.600908557884395, 4525625.349177907221019 ], [ 7335949.836300745606422, 4524362.435318725183606 ], [ 7337063.706488774158061, 4524335.005896320566535 ], [ 7337747.056015210226178, 4523518.24085240252316 ], [ 7338161.632262022234499, 4523458.445111236535013 ], [ 7338655.377946330234408, 4522864.018918157555163 ], [ 7338739.445146755315363, 4522329.093397080898285 ], [ 7339048.796011339873075, 4521955.701315240934491 ], [ 7339154.997588216327131, 4520301.592200856655836 ], [ 7339100.13581414707005, 4519930.28925743792206 ], [ 7338824.824326984584332, 4519823.460758302360773 ], [ 7338846.066481037065387, 4519360.99922167416662 ], [ 7339197.505856124684215, 4519377.148209976032376 ], [ 7339243.670782529748976, 4517717.305038372054696 ], [ 7338473.386556668207049, 4516604.377942869439721 ], [ 7336308.899711947888136, 4516426.665841709822416 ], [ 7335871.02518549002707, 4515789.667283258400857 ], [ 7335874.179601443000138, 4515057.264949197880924 ], [ 7336080.573227906599641, 4515026.996929744258523 ], [ 7336392.143558552488685, 4514656.560375460423529 ], [ 7337507.474471761845052, 4514629.113363837823272 ], [ 7338191.607175651006401, 4513812.335704637691379 ], [ 7338955.767334446310997, 4513769.0317293247208 ], [ 7339267.164470615796745, 4513398.688063985668123 ], [ 7339679.66350700892508, 4513339.316838499158621 ], [ 7340364.154143130406737, 4512522.714737644419074 ], [ 7340777.082817473448813, 4512463.423617119900882 ], [ 7341461.396109591238201, 4511646.895459892228246 ], [ 7342225.836171559989452, 4511603.920012094080448 ], [ 7342601.306508084759116, 4511158.33484722673893 ], [ 7344704.958777538500726, 4511334.393881593830884 ], [ 7345697.160972925834358, 4512770.161176264286041 ], [ 7347456.691031347028911, 4512774.324257623404264 ], [ 7347768.584406280890107, 4512404.304348342120647 ], [ 7348533.075943918898702, 4512361.484014612622559 ], [ 7348908.935087792575359, 4511916.200353710912168 ], [ 7350309.144658787176013, 4512060.72533608879894 ], [ 7350584.817906236276031, 4512458.483164209872484 ], [ 7351490.853420625440776, 4512541.158232606016099 ], [ 7351765.946848726831377, 4512648.433100354857743 ], [ 7351820.297661536373198, 4513019.859057236462831 ], [ 7351798.31110898219049, 4513481.837995296344161 ], [ 7351817.188730474561453, 4514186.214738527312875 ], [ 7352096.411944495514035, 4514751.287524573504925 ], [ 7351546.994499692693353, 4514928.382399453781545 ], [ 7350725.811821301467717, 4515780.208819297142327 ], [ 7350548.898231258615851, 4516442.060122355818748 ], [ 7350280.327540202066302, 4516875.485084628686309 ], [ 7350110.454201493412256, 4517946.163504447788 ], [ 7349284.92624500952661, 4518063.706275077536702 ], [ 7348843.124165784567595, 4518450.304308152757585 ], [ 7348660.556678790599108, 4519132.233467401005328 ], [ 7348392.565220867283642, 4519565.733409657143056 ], [ 7348225.798705090768635, 4520616.254440140910447 ], [ 7347749.180500489659607, 4520770.739712312817574 ], [ 7347395.627394439652562, 4521079.764292377047241 ], [ 7346673.642508752644062, 4521183.097784681245685 ], [ 7346320.155318399891257, 4521492.177845313213766 ], [ 7345598.614721436053514, 4521595.627644518390298 ], [ 7345130.89258751180023, 4522005.483384458348155 ], [ 7344953.37795804720372, 4523126.900933235883713 ], [ 7344312.868165640160441, 4524006.072198396548629 ], [ 7344186.416646561585367, 4524480.500634299591184 ], [ 7341684.486584147438407, 4527588.985347857698798 ], [ 7341621.154575753025711, 4527826.456806774251163 ], [ 7340028.98989721480757, 4527815.649522932246327 ], [ 7339683.817214442417026, 4528136.767760636284947 ], [ 7338954.962498870678246, 4528229.056628903374076 ], [ 7338610.234719157218933, 4528550.234924624674022 ], [ 7337790.597410473041236, 4528654.806978590786457 ], [ 7337698.298079906031489, 4529034.709980369545519 ], [ 7337492.675803752616048, 4529064.427665635943413 ], [ 7337181.538249720819294, 4529434.78947729524225 ], [ 7336769.932126684114337, 4529494.742814935743809 ], [ 7336428.598035941831768, 4529901.4152667876333 ], [ 7336125.834098057821393, 4529465.274408124387264 ], [ 7335923.454495804384351, 4529416.367663716897368 ], [ 7335908.089040634222329, 4528706.883671351708472 ], [ 7335672.623766873963177, 4528261.449263111688197 ], [ 7335573.730774053372443, 4527592.270113731734455 ], [ 7335159.91195668745786, 4527129.315784153528512 ], [ 7334442.498961728997529, 4526970.28887942712754 ], [ 7334128.481391404755414, 4526618.990857570432127 ], [ 7333670.010893863625824, 4526440.578573749400675 ], [ 7333614.949416709132493, 4526069.823517942801118 ] ] ] } },
{ "type": "Feature", "properties": { "id": "0003000000000000668f", "COAST": 0, "DIST_MAIN": 97.9, "DIST_SINK": 97.9, "ENDO": 0, "HYBAS_ID": 2120627660, "MAIN_BAS": 2120014490, "NEXT_DOWN": 2120629080, "NEXT_SINK": 2120014490, "ORDER": 1, "PFAF_ID": 214098090300, "SORT": 23580, "SUB_AREA": 169.1, "UP_AREA": 169.1 }, "geometry": { "type": "Polygon", "coordinates": [ [ [ 7315141.285255738534033, 4514143.785141034051776 ], [ 7316752.924333452247083, 4514173.058775377459824 ], [ 7317063.477735174819827, 4513801.868425700813532 ], [ 7317478.292053885757923, 4513740.892306470312178 ], [ 7318341.957621403969824, 4512698.32329685613513 ], [ 7318425.472895981743932, 4512159.329246576875448 ], [ 7319291.558633988723159, 4511119.924977330490947 ], [ 7321813.478409623727202, 4511150.435659624636173 ], [ 7322124.035110859200358, 4510779.416936527937651 ], [ 7322536.812128751538694, 4510719.113485109992325 ], [ 7323219.426631601527333, 4509901.529968370683491 ], [ 7324832.125745406374335, 4509932.512889311648905 ], [ 7324828.551447125151753, 4511104.339612862095237 ], [ 7325065.334917847067118, 4511549.348196607083082 ], [ 7325161.230378672480583, 4512188.874109699390829 ], [ 7326320.655913595110178, 4512376.728037776425481 ], [ 7326635.712583512067795, 4512727.628448752686381 ], [ 7327002.941023135557771, 4512869.740734949707985 ], [ 7327318.314105778932571, 4513220.689759009517729 ], [ 7328037.200773231685162, 4513378.43707259837538 ], [ 7328352.140736534260213, 4513729.42302686907351 ], [ 7328719.267153645865619, 4513872.114440355449915 ], [ 7329034.523436074145138, 4514223.148901016451418 ], [ 7330456.212300487793982, 4514412.470794626511633 ], [ 7330888.700989552773535, 4514895.217201256193221 ], [ 7332549.4776083054021, 4514843.410402313806117 ], [ 7333023.860991504974663, 4514401.870116208679974 ], [ 7335024.68633836414665, 4514618.218660632148385 ], [ 7335339.260525676421821, 4514969.517577971331775 ], [ 7335874.179601443000138, 4515057.264949197880924 ], [ 7335871.02518549002707, 4515789.667283258400857 ], [ 7336308.899711947888136, 4516426.665841709822416 ], [ 7338473.386556668207049, 4516604.377942869439721 ], [ 7339243.670782529748976, 4517717.305038372054696 ], [ 7339197.505856124684215, 4519377.148209976032376 ], [ 7338846.066481037065387, 4519360.99922167416662 ], [ 7338824.824326984584332, 4519823.460758302360773 ], [ 7338284.484900501556695, 4519861.612953652627766 ], [ 7337939.454851625487208, 4520182.842567248269916 ], [ 7335561.157134811393917, 4520200.149803012609482 ], [ 7334815.025771216489375, 4519239.897145080380142 ], [ 7332340.740228892304003, 4519002.129316573031247 ], [ 7331686.307774223387241, 4518160.873021246865392 ], [ 7331329.344662578776479, 4518493.746868627145886 ], [ 7330599.754586040973663, 4518586.903664318844676 ], [ 7330255.044409047812223, 4518908.47926677390933 ], [ 7329876.573218230158091, 4519017.427326062694192 ], [ 7329422.263491708785295, 4519441.675777749158442 ], [ 7329230.122426453046501, 4520236.465933634899557 ], [ 7328409.852540646679699, 4520341.62529628444463 ], [ 7328065.324230110272765, 4520663.289306812919676 ], [ 7327810.600355717353523, 4520777.84719465393573 ], [ 7327377.935502673499286, 4520295.745957703329623 ], [ 7326081.036783621646464, 4520111.918887928128242 ], [ 7325607.406864258460701, 4520554.346643954515457 ], [ 7324878.146175074391067, 4520648.060024291276932 ], [ 7324533.798257924616337, 4520969.878628610633314 ], [ 7324155.509460533969104, 4521079.606118027120829 ], [ 7323701.697522697970271, 4521503.686533145606518 ], [ 7323508.359171024523675, 4522306.428295814432204 ], [ 7321988.561051881872118, 4522373.669576940126717 ], [ 7320520.877163833007216, 4524047.551504411734641 ], [ 7320194.619570736773312, 4523684.498553822748363 ], [ 7319827.482864678837359, 4523542.683993177488446 ], [ 7319512.66544581297785, 4523192.063175708055496 ], [ 7317574.218462457880378, 4523044.828596244566143 ], [ 7317390.613250821828842, 4522973.983818674460053 ], [ 7316955.787891937419772, 4522453.306764249689877 ], [ 7316894.637421976774931, 4521380.864572637714446 ], [ 7316657.788882646709681, 4520936.12783669680357 ], [ 7316606.775734419934452, 4519897.329134679399431 ], [ 7317200.372626237571239, 4519724.630172552540898 ], [ 7317424.431269955821335, 4519469.665389607660472 ], [ 7316847.810951567254961, 4519246.666572829708457 ], [ 7316408.768241710029542, 4518720.915392368100584 ], [ 7316388.195523463189602, 4517900.965557138435543 ], [ 7316427.823142470791936, 4516976.562444797717035 ], [ 7316225.370252950116992, 4516928.746530837379396 ], [ 7315451.789389510639012, 4515818.430878083221614 ], [ 7315433.328878658823669, 4515545.120572376064956 ], [ 7315434.843269121833146, 4514812.838182780891657 ], [ 7315159.544427591376007, 4514413.613164405338466 ], [ 7315141.285255738534033, 4514143.785141034051776 ] ] ] } },
{ "type": "Feature", "properties": { "id": "00030000000000006690", "COAST": 0, "DIST_MAIN": 14.9, "DIST_SINK": 14.9, "ENDO": 0, "HYBAS_ID": 2121224220, "MAIN_BAS": 2120014510, "NEXT_DOWN": 2120014510, "NEXT_SINK": 2120014510, "ORDER": 1, "PFAF_ID": 214099002120, "SORT": 23584, "SUB_AREA": 129.4, "UP_AREA": 1431.5 }, "geometry": { "type": "Polygon", "coordinates": [ [ [ 7381789.930487122386694, 4492261.742460651323199 ], [ 7381850.449216930195689, 4492018.844933536835015 ], [ 7383258.638720818795264, 4490266.055486564524472 ], [ 7383463.181948347017169, 4488277.329045257531106 ], [ 7384069.36540559399873, 4488107.677402453497052 ], [ 7384167.745160011574626, 4487285.961741901934147 ], [ 7384358.298515325412154, 4487232.797723976895213 ], [ 7384706.867041423916817, 4486913.51307141315192 ], [ 7385088.011544682085514, 4486807.205843502655625 ], [ 7385436.621942606754601, 4486487.950927436351776 ], [ 7385817.826272855512798, 4486381.195317356847227 ], [ 7386920.413958652876318, 4485174.036252878606319 ], [ 7387301.304495379328728, 4485067.818597999401391 ], [ 7387650.470682391896844, 4484748.677737578749657 ], [ 7388822.285763560794294, 4484673.74640856962651 ], [ 7389240.411321554332972, 4484087.438123784027994 ], [ 7389361.978232476860285, 4483601.736614037305117 ], [ 7389746.402371228672564, 4483024.10604259185493 ], [ 7389683.15485231205821, 4482108.636606344953179 ], [ 7389105.748913414776325, 4481880.626169270835817 ], [ 7389081.245723911561072, 4480342.723289341665804 ], [ 7388846.765673606656492, 4479895.521081144921482 ], [ 7388811.522218574769795, 4479647.671413611620665 ], [ 7388848.383284102194011, 4478013.291397063061595 ], [ 7388284.602577767334878, 4477085.248557486571372 ], [ 7388193.058323740027845, 4476445.135991219431162 ], [ 7387566.393957430496812, 4476338.735678477212787 ], [ 7387657.298937750980258, 4475974.928802212700248 ], [ 7388269.172366772778332, 4475804.293728182092309 ], [ 7388637.779344031587243, 4475250.060603565536439 ], [ 7388797.154772905632854, 4474613.543597544543445 ], [ 7389640.1810088949278, 4473728.869104833342135 ], [ 7390729.227946381084621, 4473659.636940778233111 ], [ 7391078.627071047201753, 4473340.587545540183783 ], [ 7391460.201692634262145, 4473234.03648988623172 ], [ 7391810.031126667745411, 4472915.046533627435565 ], [ 7392898.874745179899037, 4472846.098800257779658 ], [ 7393379.538305964320898, 4472407.541332096792758 ], [ 7395038.40830322355032, 4472621.330536479130387 ], [ 7395352.536392568610609, 4472975.215201992541552 ], [ 7396781.991940345615149, 4473176.809295358136296 ], [ 7397096.020762426778674, 4473530.775337611325085 ], [ 7397280.3737534545362, 4473603.558027666993439 ], [ 7397246.929903399199247, 4474798.77861197385937 ], [ 7397519.995458828285336, 4475200.706998278386891 ], [ 7397461.919219325296581, 4476857.957560813054442 ], [ 7397428.051998130977154, 4478487.236349081620574 ], [ 7397652.808529107831419, 4478945.65587857645005 ], [ 7397728.280905519612134, 4479501.304172649048269 ], [ 7397127.888257680460811, 4479690.122757881879807 ], [ 7396770.32598570547998, 4479997.548915842548013 ], [ 7395934.399101227521896, 4480110.956730001606047 ], [ 7395738.394899537786841, 4481642.325368035584688 ], [ 7395466.483220301568508, 4482074.377582624554634 ], [ 7395303.617258362472057, 4482666.479554583318532 ], [ 7394743.636697934940457, 4482842.710012298077345 ], [ 7394581.187385926023126, 4483435.340328690595925 ], [ 7393931.700384171679616, 4484310.788245819509029 ], [ 7393817.741800164803863, 4485471.970876912586391 ], [ 7393627.42537185549736, 4485524.930203313939273 ], [ 7393277.999156868085265, 4485843.805559155531228 ], [ 7391838.154903915710747, 4485894.518933735787868 ], [ 7391111.794700482860208, 4486656.979249767027795 ], [ 7390730.492406046949327, 4486763.477865247987211 ], [ 7390004.700639067217708, 4487526.057393622584641 ], [ 7389623.469509062357247, 4487632.606480980291963 ], [ 7388761.192866798490286, 4488554.805865344591439 ], [ 7388597.946106804534793, 4489615.684594387188554 ], [ 7387837.051241247914732, 4490618.138442280702293 ], [ 7387338.109163215383887, 4490757.340890338644385 ], [ 7386989.191987073980272, 4491076.481477642431855 ], [ 7386608.571853177621961, 4491183.185717842541635 ], [ 7385883.223874127492309, 4491946.090231763198972 ], [ 7385502.659270529635251, 4492052.855357143096626 ], [ 7385153.88320429250598, 4492372.069824372418225 ], [ 7384068.033927172422409, 4492441.936001561582088 ], [ 7383719.345617978833616, 4492761.207908695563674 ], [ 7381865.625704550184309, 4492792.330980837345123 ], [ 7381789.930487122386694, 4492261.742460651323199 ] ] ] } },
{ "type": "Feature", "properties": { "id": "00030000000000006691", "COAST": 0, "DIST_MAIN": 25.3, "DIST_SINK": 25.3, "ENDO": 0, "HYBAS_ID": 2121223840, "MAIN_BAS": 2120014510, "NEXT_DOWN": 2121224220, "NEXT_SINK": 2120014510, "ORDER": 1, "PFAF_ID": 214099002130, "SORT": 23585, "SUB_AREA": 130.2, "UP_AREA": 1302.3 }, "geometry": { "type": "Polygon", "coordinates": [ [ [ 7367263.07182645611465, 4492920.662331495434046 ], [ 7367327.331918749026954, 4492683.844153098762035 ], [ 7367597.222443301230669, 4492250.907157820649445 ], [ 7367771.721268577501178, 4491605.504087843000889 ], [ 7369501.316205268725753, 4489615.742499685846269 ], [ 7371231.795425630174577, 4487626.311972861178219 ], [ 7371957.183957997709513, 4487525.11923807207495 ], [ 7372689.072247655130923, 4486772.23678338713944 ], [ 7373154.962434242479503, 4486623.968034828081727 ], [ 7373348.070244451053441, 4485912.619037756696343 ], [ 7373814.022081398405135, 4485764.383617964573205 ], [ 7374170.254928183741868, 4485456.445088818669319 ], [ 7374690.538768234662712, 4485290.649321961216629 ], [ 7375533.435605947859585, 4484147.840351895429194 ], [ 7375491.475327040068805, 4482896.556339420378208 ], [ 7375220.554254691116512, 4482347.863079319708049 ], [ 7375768.291999678127468, 4481829.426042356528342 ], [ 7376304.62976932246238, 4481659.063827094621956 ], [ 7376642.959259388968349, 4481118.231228690594435 ], [ 7376818.662078462541103, 4480038.574085906147957 ], [ 7378439.791689176112413, 4479965.287596117705107 ], [ 7378645.113677189685404, 4479211.4793182881549 ], [ 7379460.045204128138721, 4479098.580355930142105 ], [ 7379823.937512187287211, 4478784.792879824526608 ], [ 7380290.084365857765079, 4479278.136318799108267 ], [ 7380520.104663086123765, 4479152.478004468604922 ], [ 7381027.213526457548141, 4478714.604737260378897 ], [ 7381949.528212357312441, 4478899.056310711428523 ], [ 7382608.28828538954258, 4479729.241579410620034 ], [ 7382972.711282523348927, 4479415.126285398378968 ], [ 7383493.6574916401878, 4479249.899607456289232 ], [ 7384225.679344124160707, 4478260.359962886199355 ], [ 7384392.352180015295744, 4477650.962721111252904 ], [ 7385351.200358944945037, 4477518.785911819897592 ], [ 7385710.577790820039809, 4476946.610798161476851 ], [ 7385798.966309157200158, 4476247.38393182028085 ], [ 7387566.393957430496812, 4476338.735678477212787 ], [ 7388193.058323740027845, 4476445.135991219431162 ], [ 7388284.602577767334878, 4477085.248557486571372 ], [ 7388848.383284102194011, 4478013.291397063061595 ], [ 7388811.522218574769795, 4479647.671413611620665 ], [ 7388846.765673606656492, 4479895.521081144921482 ], [ 7389081.245723911561072, 4480342.723289341665804 ], [ 7389105.748913414776325, 4481880.626169270835817 ], [ 7389683.15485231205821, 4482108.636606344953179 ], [ 7389746.402371228672564, 4483024.10604259185493 ], [ 7389361.978232476860285, 4483601.736614037305117 ], [ 7389240.411321554332972, 4484087.438123784027994 ], [ 7388822.285763560794294, 4484673.74640856962651 ], [ 7387650.470682391896844, 4484748.677737578749657 ], [ 7387301.304495379328728, 4485067.818597999401391 ], [ 7386920.413958652876318, 4485174.036252878606319 ], [ 7385817.826272855512798, 4486381.195317356847227 ], [ 7385436.621942606754601, 4486487.950927436351776 ], [ 7385088.011544682085514, 4486807.205843502655625 ], [ 7384706.867041423916817, 4486913.51307141315192 ], [ 7384358.298515325412154, 4487232.797723976895213 ], [ 7384167.745160011574626, 4487285.961741901934147 ], [ 7384107.333857395686209, 4486863.752882068045437 ], [ 7383693.545394194312394, 4486398.060638761147857 ], [ 7383325.731782196089625, 4486252.676796966232359 ], [ 7383011.376704789698124, 4485899.272360816597939 ], [ 7382551.45250497944653, 4485717.946918628178537 ], [ 7382498.153301092796028, 4485346.718280309811234 ], [ 7382145.338900793343782, 4485328.637756342068315 ], [ 7382089.828188231214881, 4484940.935699763707817 ], [ 7381278.817621258087456, 4484757.597640265710652 ], [ 7380533.772521371021867, 4483792.65565359313041 ], [ 7379815.370018617250025, 4483900.866379966028035 ], [ 7379660.712962030433118, 4484520.848430087789893 ], [ 7379005.470184301026165, 4485385.657459383830428 ], [ 7378841.807625305838883, 4486042.878885782323778 ], [ 7378382.704296344891191, 4486463.919680434279144 ], [ 7378001.675675673410296, 4486570.557592469267547 ], [ 7375020.350659471936524, 4490000.918965268880129 ], [ 7374639.94816246535629, 4490107.727095848880708 ], [ 7373915.844005905091763, 4490872.212721336632967 ], [ 7373182.604319863952696, 4490961.3798235822469 ], [ 7372834.373626103624701, 4491281.136071282438934 ], [ 7372454.051544664427638, 4491388.552591354586184 ], [ 7372106.250965114682913, 4491708.359337854199111 ], [ 7371725.608707338571548, 4491815.297170138917863 ], [ 7371377.865836168639362, 4492135.131341367028654 ], [ 7370997.234513997100294, 4492242.593250115402043 ], [ 7370649.541305834427476, 4492562.464264994487166 ], [ 7368858.880587767809629, 4492599.438046383671463 ], [ 7368510.926518662832677, 4492919.382601859048009 ], [ 7367263.07182645611465, 4492920.662331495434046 ] ] ] } },
{ "type": "Feature", "properties": { "id": "00030000000000006692", "COAST": 0, "DIST_MAIN": 35.5, "DIST_SINK": 35.5, "ENDO": 0, "HYBAS_ID": 2121223310, "MAIN_BAS": 2120014510, "NEXT_DOWN": 2121223840, "NEXT_SINK": 2120014510, "ORDER": 1, "PFAF_ID": 214099002140, "SORT": 23586, "SUB_AREA": 129.7, "UP_AREA": 1172.0 }, "geometry": { "type": "Polygon", "coordinates": [ [ [ 7365432.169401939958334, 4494220.333548568189144 ], [ 7365622.368086395785213, 4494166.706633192487061 ], [ 7365970.132824620231986, 4493846.647991326637566 ], [ 7366793.874004246667027, 4493745.404859359376132 ], [ 7366978.070966427214444, 4493001.304716802202165 ], [ 7367263.07182645611465, 4492920.662331495434046 ], [ 7368510.926518662832677, 4492919.382601859048009 ], [ 7368858.880587767809629, 4492599.438046383671463 ], [ 7370649.541305834427476, 4492562.464264994487166 ], [ 7370997.234513997100294, 4492242.593250115402043 ], [ 7371377.865836168639362, 4492135.131341367028654 ], [ 7371725.608707338571548, 4491815.297170138917863 ], [ 7372106.250965114682913, 4491708.359337854199111 ], [ 7372454.051544664427638, 4491388.552591354586184 ], [ 7372834.373626103624701, 4491281.136071282438934 ], [ 7373182.604319863952696, 4490961.3798235822469 ], [ 7373915.844005905091763, 4490872.212721336632967 ], [ 7374639.94816246535629, 4490107.727095848880708 ], [ 7375020.350659471936524, 4490000.918965268880129 ], [ 7378001.675675673410296, 4486570.557592469267547 ], [ 7378382.704296344891191, 4486463.919680434279144 ], [ 7378841.807625305838883, 4486042.878885782323778 ], [ 7379005.470184301026165, 4485385.657459383830428 ], [ 7379660.712962030433118, 4484520.848430087789893 ], [ 7379815.370018617250025, 4483900.866379966028035 ], [ 7380533.772521371021867, 4483792.65565359313041 ], [ 7381278.817621258087456, 4484757.597640265710652 ], [ 7382089.828188231214881, 4484940.935699763707817 ], [ 7382145.338900793343782, 4485328.637756342068315 ], [ 7382498.153301092796028, 4485346.718280309811234 ], [ 7382551.45250497944653, 4485717.946918628178537 ], [ 7383011.376704789698124, 4485899.272360816597939 ], [ 7383325.731782196089625, 4486252.676796966232359 ], [ 7383693.545394194312394, 4486398.060638761147857 ], [ 7384107.333857395686209, 4486863.752882068045437 ], [ 7384167.745160011574626, 4487285.961741901934147 ], [ 7384069.36540559399873, 4488107.677402453497052 ], [ 7383463.181948347017169, 4488277.329045257531106 ], [ 7383258.638720818795264, 4490266.055486564524472 ], [ 7381850.449216930195689, 4492018.844933536835015 ], [ 7381789.930487122386694, 4492261.742460651323199 ], [ 7381230.141949767246842, 4492272.226451598107815 ], [ 7380539.257143597118556, 4493085.437340439297259 ], [ 7380124.709232363849878, 4493142.60943026188761 ], [ 7378871.739667483605444, 4494620.080419674515724 ], [ 7378827.318952863104641, 4494890.584928303956985 ], [ 7378620.458148382604122, 4494919.728672589175403 ], [ 7378305.928359810262918, 4495288.563625259324908 ], [ 7377186.878467831760645, 4495310.06594205275178 ], [ 7376496.729432155378163, 4496123.117989845573902 ], [ 7375730.09906598739326, 4496163.179395336657763 ], [ 7375416.141515675932169, 4496532.146032078191638 ], [ 7374649.596853517927229, 4496571.818209329620004 ], [ 7374335.706662295386195, 4496940.822875463403761 ], [ 7373921.432762894779444, 4496998.81823732983321 ], [ 7373607.600738508626819, 4497367.84812971111387 ], [ 7373193.386369108222425, 4497425.389312903396785 ], [ 7372879.604845626279712, 4497794.44551095366478 ], [ 7372465.392703064717352, 4497852.521818559616804 ], [ 7372151.669396951794624, 4498221.603215929120779 ], [ 7371737.896883305162191, 4498279.238923228345811 ], [ 7371423.851667908020318, 4498648.331984431482852 ], [ 7371010.113839918747544, 4498706.007637348026037 ], [ 7370320.922079089097679, 4499520.057330699637532 ], [ 7369409.31713518127799, 4499513.819838888011873 ], [ 7369202.673912890255451, 4499542.716295688413084 ], [ 7368888.804917071014643, 4499911.907065299339592 ], [ 7367418.542707544751465, 4499917.840903736650944 ], [ 7367104.782389656640589, 4500287.108565248548985 ], [ 7366338.761278733611107, 4500327.606782611459494 ], [ 7366025.456316767260432, 4500696.924810774624348 ], [ 7365818.490710283629596, 4500725.894372512586415 ], [ 7365824.7432034118101, 4499993.345245841890574 ], [ 7365221.911621232517064, 4499112.814376295544207 ], [ 7365250.417588302865624, 4497918.258442584425211 ], [ 7365384.706963636912405, 4495801.69584447145462 ], [ 7365759.871589709073305, 4495353.5614979499951 ], [ 7365722.832946403883398, 4494892.097931617870927 ], [ 7365449.126714420504868, 4494490.896722489967942 ], [ 7365432.169401939958334, 4494220.333548568189144 ] ] ] } },
{ "type": "Feature", "properties": { "id": "00030000000000006693", "COAST": 0, "DIST_MAIN": 60.2, "DIST_SINK": 60.2, "ENDO": 0, "HYBAS_ID": 2121222220, "MAIN_BAS": 2120014510, "NEXT_DOWN": 2121223310, "NEXT_SINK": 2120014510, "ORDER": 1, "PFAF_ID": 214099002150, "SORT": 23587, "SUB_AREA": 126.1, "UP_AREA": 1042.3 }, "geometry": { "type": "Polygon", "coordinates": [ [ [ 7349034.329016545787454, 4497370.227457312867045 ], [ 7349375.505057317204773, 4496960.940450191497803 ], [ 7349440.045671976171434, 4496231.302942586131394 ], [ 7349572.555214796215296, 4494498.077712582424283 ], [ 7350437.676750943996012, 4493562.227046083658934 ], [ 7350928.95237092860043, 4493422.294477013871074 ], [ 7351023.680233165621758, 4492600.392768168821931 ], [ 7351299.93117930740118, 4492707.618813155218959 ], [ 7351416.70751225668937, 4493501.33734390232712 ], [ 7351831.816239872947335, 4493965.137401561252773 ], [ 7352291.724080519750714, 4494144.54438829049468 ], [ 7352424.049320347607136, 4495045.61500945687294 ], [ 7353219.043336955830455, 4494956.929742926731706 ], [ 7353577.260608724318445, 4494625.941058587282896 ], [ 7353912.853617183864117, 4495001.324417976662517 ], [ 7354271.126089659519494, 4494669.871470193378627 ], [ 7355355.856139172799885, 4494595.712508719414473 ], [ 7356077.537649217993021, 4493830.075142990797758 ], [ 7357162.458723731338978, 4493755.666559134609997 ], [ 7357509.456139791756868, 4493435.212907113134861 ], [ 7357889.737161138094962, 4493327.56908312626183 ], [ 7358236.785095819272101, 4493007.143799783661962 ], [ 7358617.117951471358538, 4492899.044222492724657 ], [ 7358964.223658966831863, 4492578.654618532396853 ], [ 7359696.974815370514989, 4492488.109800915233791 ], [ 7360174.360305158421397, 4492048.130806058645248 ], [ 7360418.449479345232248, 4492185.876050383783877 ], [ 7360733.058174869045615, 4492538.259045366197824 ], [ 7361806.420876872725785, 4492716.302539695054293 ], [ 7362120.941229942254722, 4493068.757432044483721 ], [ 7362488.688866600394249, 4493213.091363796964288 ], [ 7362803.534193084575236, 4493565.593814573250711 ], [ 7363171.270958448760211, 4493709.468976818025112 ], [ 7363917.512004016898572, 4494672.634597458876669 ], [ 7364542.298988606780767, 4494577.294214664027095 ], [ 7364889.618390100076795, 4494257.1660231128335 ], [ 7365079.829172357916832, 4494203.029398467391729 ], [ 7365432.169401939958334, 4494220.333548568189144 ], [ 7365449.126714420504868, 4494490.896722489967942 ], [ 7365722.832946403883398, 4494892.097931617870927 ], [ 7365759.871589709073305, 4495353.5614979499951 ], [ 7365384.706963636912405, 4495801.69584447145462 ], [ 7365250.417588302865624, 4497918.258442584425211 ], [ 7365221.911621232517064, 4499112.814376295544207 ], [ 7365824.7432034118101, 4499993.345245841890574 ], [ 7365818.490710283629596, 4500725.894372512586415 ], [ 7365259.472152966074646, 4500738.030216849409044 ], [ 7364571.148525962606072, 4501552.067841573618352 ], [ 7363805.302568549290299, 4501592.821018766611814 ], [ 7363492.174322496168315, 4501962.236506573855877 ], [ 7359909.551622858271003, 4501866.410505875013769 ], [ 7359596.263227501884103, 4502235.958047495223582 ], [ 7358478.641969785094261, 4502260.199576441198587 ], [ 7357791.213949006050825, 4503075.30016509257257 ], [ 7357085.927539709955454, 4503119.643493588082492 ], [ 7356753.613321184180677, 4502640.599204491823912 ], [ 7354939.42010526265949, 4502474.733527673408389 ], [ 7354003.36807993426919, 4501118.730133039876819 ], [ 7352540.762113051488996, 4500970.778675759211183 ], [ 7352264.659941447898746, 4500572.971895404160023 ], [ 7351858.35274498257786, 4500474.876180429942906 ], [ 7351582.175921273417771, 4500077.593032782897353 ], [ 7351175.830462384037673, 4499979.537464085966349 ], [ 7350899.618197188712656, 4499581.790627532638609 ], [ 7349287.88449452444911, 4499466.626393395476043 ], [ 7349335.593297244980931, 4497809.708824472501874 ], [ 7349034.329016545787454, 4497370.227457312867045 ] ] ] } },
{ "type": "Feature", "properties": { "id": "00030000000000006694", "COAST": 0, "DIST_MAIN": 79.2, "DIST_SINK": 79.2, "ENDO": 0, "HYBAS_ID": 2121222350, "MAIN_BAS": 2120014510, "NEXT_DOWN": 2121222220, "NEXT_SINK": 2120014510, "ORDER": 1, "PFAF_ID": 214099002160, "SORT": 23588, "SUB_AREA": 134.6, "UP_AREA": 916.3 }, "geometry": { "type": "Polygon", "coordinates": [ [ [ 7339897.958084617741406, 4487488.324051422066987 ], [ 7340061.279544183984399, 4486296.335054739378393 ], [ 7340325.774319956079125, 4485856.380303774029016 ], [ 7340456.129715457558632, 4485388.006743217818439 ], [ 7340721.019963147118688, 4484948.578845834359527 ], [ 7340786.22124145179987, 4484714.140661673620343 ], [ 7341071.124066311866045, 4484632.498264161869884 ], [ 7341160.082889864221215, 4484267.809037577360868 ], [ 7341367.320253815501928, 4484238.133808840066195 ], [ 7341679.858175962232053, 4483867.818945644423366 ], [ 7341887.108522515743971, 4483838.160237474367023 ], [ 7342090.773078672587872, 4483886.654205476865172 ], [ 7342368.133285774849355, 4484283.995300184004009 ], [ 7342924.525745793245733, 4484348.707670114934444 ], [ 7342961.209508062340319, 4484596.239084537141025 ], [ 7343198.035951666533947, 4485042.320749141275883 ], [ 7343292.580497501417994, 4485676.65183756314218 ], [ 7344103.5522380489856, 4485855.785003552213311 ], [ 7344537.575599581003189, 4486338.788780210539699 ], [ 7344793.715391620993614, 4486224.72290634457022 ], [ 7345140.414818603545427, 4485903.713558354414999 ], [ 7345520.808381708338857, 4485795.424689186736941 ], [ 7345867.558677112683654, 4485474.443760902620852 ], [ 7346343.106691123917699, 4485338.886643392033875 ], [ 7346521.179510414600372, 4484609.581753860227764 ], [ 7346806.551295151002705, 4484528.170823422260582 ], [ 7347010.157214688137174, 4484577.298097027465701 ], [ 7347287.243032173253596, 4484974.843510997481644 ], [ 7347490.864278472959995, 4485023.483207112178206 ], [ 7347552.282790027558804, 4485386.715123479254544 ], [ 7348001.598285994492471, 4485579.175162271596491 ], [ 7348364.518911455757916, 4485959.958167913369834 ], [ 7348534.27986403554678, 4486513.655300501734018 ], [ 7348146.33312342967838, 4487139.439249956049025 ], [ 7349040.781024581752717, 4488561.301787131465971 ], [ 7349122.875652326270938, 4489045.489147428423166 ], [ 7349350.356856916099787, 4489502.283634830266237 ], [ 7349432.414127619937062, 4489986.476987862959504 ], [ 7350081.016764352098107, 4491073.799355291761458 ], [ 7351026.7407440636307, 4491300.760530508123338 ], [ 7351023.680233165621758, 4492600.392768168821931 ], [ 7350928.95237092860043, 4493422.294477013871074 ], [ 7350437.676750943996012, 4493562.227046083658934 ], [ 7349572.555214796215296, 4494498.077712582424283 ], [ 7349440.045671976171434, 4496231.302942586131394 ], [ 7349375.505057317204773, 4496960.940450191497803 ], [ 7349034.329016545787454, 4497370.227457312867045 ], [ 7349335.593297244980931, 4497809.708824472501874 ], [ 7349287.88449452444911, 4499466.626393395476043 ], [ 7349097.974604128859937, 4499520.648354167118669 ], [ 7348751.242775765247643, 4499841.445097618736327 ], [ 7348371.824912228621542, 4499950.033298205584288 ], [ 7348025.546540290117264, 4500270.377683591097593 ], [ 7347417.403772227466106, 4500368.288654714822769 ], [ 7346984.49598758853972, 4499885.055227898992598 ], [ 7346740.51108174957335, 4499747.253495903685689 ], [ 7346154.652166049927473, 4500290.455846611410379 ], [ 7345964.249578032642603, 4501069.236291692592204 ], [ 7345490.040987923741341, 4501204.776285878382623 ], [ 7345143.552284696139395, 4501525.714379068464041 ], [ 7344412.003390768542886, 4501617.630081497132778 ], [ 7344065.960139373317361, 4501938.637500450015068 ], [ 7343171.984662072733045, 4501960.174706318415701 ], [ 7342969.203187460079789, 4501911.641332026571035 ], [ 7342692.296968484297395, 4501514.199595759622753 ], [ 7342286.324240574613214, 4501417.151788753457367 ], [ 7341678.711656882427633, 4500541.064464195631444 ], [ 7340419.22612521238625, 4500444.032417515292764 ], [ 7340504.252671428024769, 4499248.939151636324823 ], [ 7341001.639325141906738, 4498657.654764814302325 ], [ 7341418.012558885850012, 4498597.475583416409791 ], [ 7341943.769144744612277, 4497966.89761795848608 ], [ 7341642.110960034653544, 4497527.73896122071892 ], [ 7341628.146060114726424, 4496524.877133668400347 ], [ 7340359.895118306390941, 4494689.787846122868359 ], [ 7340342.395726324059069, 4494419.848521500825882 ], [ 7340363.561417129822075, 4493957.384163493290544 ], [ 7340724.135715309530497, 4493833.630214938893914 ], [ 7341045.324594430625439, 4493299.66525431163609 ], [ 7341238.559263529255986, 4492605.689134163782001 ], [ 7341674.367588834837079, 4492236.601841523312032 ], [ 7342215.593413745984435, 4492050.818126911297441 ], [ 7341943.886674557812512, 4491488.647025184705853 ], [ 7341856.978802534751594, 4491009.821991870179772 ], [ 7341633.905051046982408, 4490548.039467333815992 ], [ 7341520.666884073987603, 4489925.267494222149253 ], [ 7340270.208155244588852, 4489699.005465624853969 ], [ 7340220.80075541511178, 4488155.80551441386342 ], [ 7339897.958084617741406, 4487488.324051422066987 ] ] ] } },
{ "type": "Feature", "properties": { "id": "00030000000000006695", "COAST": 0, "DIST_MAIN": 93.4, "DIST_SINK": 93.4, "ENDO": 0, "HYBAS_ID": 2120631920, "MAIN_BAS": 2120014510, "NEXT_DOWN": 2121222350, "NEXT_SINK": 2120014510, "ORDER": 1, "PFAF_ID": 214099002310, "SORT": 23589, "SUB_AREA": 129.9, "UP_AREA": 419.5 }, "geometry": { "type": "Polygon", "coordinates": [ [ [ 7326528.7995675932616, 4495420.925695585086942 ], [ 7326868.703763506375253, 4495010.683646918274462 ], [ 7326910.298393466509879, 4494743.428167778067291 ], [ 7328878.940244868397713, 4494790.604580283164978 ], [ 7329190.437785787507892, 4494419.830408116802573 ], [ 7332423.133135296404362, 4494485.347754050046206 ], [ 7332734.837027952075005, 4494114.707016543485224 ], [ 7333148.684331373311579, 4494054.439281986095011 ], [ 7334270.370522291399539, 4492715.602363864891231 ], [ 7335321.889621048234403, 4492841.725282832980156 ], [ 7335599.554480266757309, 4493238.838105512782931 ], [ 7336358.317335962317884, 4493351.413338272832334 ], [ 7336635.904567319899797, 4493748.575868017040193 ], [ 7340010.909429619088769, 4493941.251792487688363 ], [ 7340363.561417129822075, 4493957.384163493290544 ], [ 7340342.395726324059069, 4494419.848521500825882 ], [ 7340359.895118306390941, 4494689.787846122868359 ], [ 7341628.146060114726424, 4496524.877133668400347 ], [ 7341642.110960034653544, 4497527.73896122071892 ], [ 7341943.769144744612277, 4497966.89761795848608 ], [ 7341418.012558885850012, 4498597.475583416409791 ], [ 7341001.639325141906738, 4498657.654764814302325 ], [ 7340504.252671428024769, 4499248.939151636324823 ], [ 7340419.22612521238625, 4500444.032417515292764 ], [ 7339860.469967170618474, 4500457.574973963201046 ], [ 7339548.598678674548864, 4500827.928061346523464 ], [ 7338783.089037369005382, 4500871.749403838999569 ], [ 7338470.915768637321889, 4501242.116815381683409 ], [ 7337705.48570339102298, 4501285.549614452756941 ], [ 7337020.84667588584125, 4502102.445373074151576 ], [ 7336607.401713086292148, 4502161.978940883651376 ], [ 7336295.769286285154521, 4502532.453697974793613 ], [ 7335882.360410274937749, 4502592.027066829614341 ], [ 7335385.606270804069936, 4503184.114048425108194 ], [ 7335280.351289288140833, 4504184.47253842279315 ], [ 7334785.865868074819446, 4504779.665728661231697 ], [ 7332962.602431616745889, 4504776.332987607456744 ], [ 7332278.437009261921048, 4505593.107806828804314 ], [ 7331865.628626439720392, 4505652.913438346236944 ], [ 7331181.642856478691101, 4506470.270312206819654 ], [ 7329919.739784564822912, 4506453.109360557980835 ], [ 7329643.829922754317522, 4506346.167158338241279 ], [ 7329551.361848974600434, 4505728.023909829556942 ], [ 7329239.391451580449939, 4505141.263575624674559 ], [ 7328741.967504209838808, 4504948.7042569629848 ], [ 7327659.230694126337767, 4503502.749133511446416 ], [ 7327600.032386978156865, 4503108.638606462627649 ], [ 7327723.324896154925227, 4500992.568617336452007 ], [ 7328096.186985625885427, 4500542.71519913803786 ], [ 7328138.266324491240084, 4498232.267180398106575 ], [ 7326867.307040381245315, 4496399.659509206190705 ], [ 7326831.383406552486122, 4495859.411790422163904 ], [ 7326528.7995675932616, 4495420.925695585086942 ] ] ] } },
{ "type": "Feature", "properties": { "id": "00030000000000006696", "COAST": 0, "DIST_MAIN": 112.0, "DIST_SINK": 112.0, "ENDO": 0, "HYBAS_ID": 2121221510, "MAIN_BAS": 2120014510, "NEXT_DOWN": 2120631920, "NEXT_SINK": 2120014510, "ORDER": 1, "PFAF_ID": 214099002320, "SORT": 23592, "SUB_AREA": 146.8, "UP_AREA": 289.6 }, "geometry": { "type": "Polygon", "coordinates": [ [ [ 7315141.285255738534033, 4514143.785141034051776 ], [ 7315241.603414844721556, 4512489.647333929315209 ], [ 7315550.001582021825016, 4512115.325511776842177 ], [ 7315671.837174884974957, 4510655.846453997306526 ], [ 7316043.507401615381241, 4510205.458839676342905 ], [ 7316101.951208366081119, 4507433.191027676686645 ], [ 7315770.235429392196238, 4506952.777757337316871 ], [ 7315868.982763454318047, 4506034.381351507268846 ], [ 7316177.634915794245899, 4505660.078438016586006 ], [ 7316219.218481570482254, 4505392.80458549875766 ], [ 7316306.467865168116987, 4505027.875563884153962 ], [ 7316780.092920400202274, 4504890.541840744204819 ], [ 7317124.706816379912198, 4504568.346173669211566 ], [ 7318207.056182311847806, 4504488.882833644747734 ], [ 7318552.140352975577116, 4504166.757601807825267 ], [ 7318930.755943010561168, 4504056.688430144451559 ], [ 7319275.891732178628445, 4503734.599467030726373 ], [ 7319761.509124290198088, 4503593.993065094575286 ], [ 7319915.439773975871503, 4502527.347962040454149 ], [ 7320190.298888404853642, 4502104.642825100570917 ], [ 7320336.551930122077465, 4501497.016459289938211 ], [ 7320810.11677873134613, 4501359.908022566698492 ], [ 7321155.442437475547194, 4501037.896481171250343 ], [ 7321886.536467531695962, 4500943.213643510825932 ], [ 7322231.559063961729407, 4500621.234083780087531 ], [ 7322421.166404720395803, 4500566.531707588583231 ], [ 7322441.236451933160424, 4500104.580673668533564 ], [ 7322764.297790195792913, 4500011.093292907811701 ], [ 7323229.982546570710838, 4499295.494314092211425 ], [ 7323208.490712025202811, 4497577.046139962039888 ], [ 7322639.047421867027879, 4496654.402797590941191 ], [ 7322624.759827423840761, 4494773.265141566284001 ], [ 7322298.027028849348426, 4494161.992723026312888 ], [ 7322408.42778480052948, 4493837.752660392783582 ], [ 7322683.68988249078393, 4493415.119459888897836 ], [ 7322830.211429183371365, 4492807.520120432600379 ], [ 7323114.554237214848399, 4492725.226610911078751 ], [ 7323321.439565001055598, 4492695.062745823524892 ], [ 7323696.482570581138134, 4492248.051349990069866 ], [ 7324043.108643867075443, 4492341.929057152941823 ], [ 7324320.966600088402629, 4492738.572940703481436 ], [ 7326286.627359239384532, 4492863.671134229749441 ], [ 7326303.505381431430578, 4493573.048820451833308 ], [ 7326540.914565501734614, 4494018.064656923525035 ], [ 7326633.900432024151087, 4494636.62876498978585 ], [ 7326910.298393466509879, 4494743.428167778067291 ], [ 7326868.703763506375253, 4495010.683646918274462 ], [ 7326528.7995675932616, 4495420.925695585086942 ], [ 7326831.383406552486122, 4495859.411790422163904 ], [ 7326867.307040381245315, 4496399.659509206190705 ], [ 7328138.266324491240084, 4498232.267180398106575 ], [ 7328096.186985625885427, 4500542.71519913803786 ], [ 7327723.324896154925227, 4500992.568617336452007 ], [ 7327600.032386978156865, 4503108.638606462627649 ], [ 7327659.230694126337767, 4503502.749133511446416 ], [ 7328741.967504209838808, 4504948.7042569629848 ], [ 7329239.391451580449939, 4505141.263575624674559 ], [ 7329551.361848974600434, 4505728.023909829556942 ], [ 7329643.829922754317522, 4506346.167158338241279 ], [ 7329919.739784564822912, 4506453.109360557980835 ], [ 7329861.004718189127743, 4506696.302080012857914 ], [ 7329079.594522728584707, 4507727.042478816583753 ], [ 7328170.733223058283329, 4507843.30031007155776 ], [ 7328078.816863631829619, 4508223.793760932981968 ], [ 7326465.331828686408699, 4508191.619179588742554 ], [ 7325782.577622299082577, 4509008.944705517031252 ], [ 7325369.641511960886419, 4509069.574415144510567 ], [ 7324874.199375190772116, 4509661.305744753219187 ], [ 7324832.125745406374335, 4509932.512889311648905 ], [ 7323219.426631601527333, 4509901.529968370683491 ], [ 7322536.812128751538694, 4510719.113485109992325 ], [ 7322124.035110859200358, 4510779.416936527937651 ], [ 7321813.478409623727202, 4511150.435659624636173 ], [ 7319291.558633988723159, 4511119.924977330490947 ], [ 7318425.472895981743932, 4512159.329246576875448 ], [ 7318341.957621403969824, 4512698.32329685613513 ], [ 7317478.292053885757923, 4513740.892306470312178 ], [ 7317063.477735174819827, 4513801.868425700813532 ], [ 7316752.924333452247083, 4514173.058775377459824 ], [ 7315141.285255738534033, 4514143.785141034051776 ] ] ] } },
{ "type": "Feature", "properties": { "id": "00030000000000006697", "COAST": 0, "DIST_MAIN": 119.5, "DIST_SINK": 119.5, "ENDO": 0, "HYBAS_ID": 2121221820, "MAIN_BAS": 2120014510, "NEXT_DOWN": 2121221510, "NEXT_SINK": 2120014510, "ORDER": 1, "PFAF_ID": 214099002330, "SORT": 23593, "SUB_AREA": 143.0, "UP_AREA": 143.0 }, "geometry": { "type": "Polygon", "coordinates": [ [ [ 7311884.534961022436619, 4498368.271208373829722 ], [ 7312053.157621888443828, 4496636.800921647809446 ], [ 7312327.712708701379597, 4496213.821591447107494 ], [ 7312513.661129241809249, 4494224.94896103348583 ], [ 7313005.842419592663646, 4494081.659584077075124 ], [ 7313350.716082153841853, 4493759.270716235041618 ], [ 7314173.480663244612515, 4493652.281605690717697 ], [ 7314364.238462694920599, 4492857.193931012414396 ], [ 7314818.970253706909716, 4492432.479401361197233 ], [ 7315309.398541700094938, 4492290.239818459376693 ], [ 7315478.043692316859961, 4490762.913644947111607 ], [ 7315856.088078899309039, 4490181.400201023556292 ], [ 7315773.781129963696003, 4489849.419760113582015 ], [ 7315446.646176938898861, 4489238.016809334978461 ], [ 7315626.852149789221585, 4487411.417522184550762 ], [ 7315928.893901266157627, 4487323.639760944060981 ], [ 7315970.474207096733153, 4487056.363013201393187 ], [ 7316279.782049715518951, 4486682.023869191296399 ], [ 7316362.24211217276752, 4486146.946876417845488 ], [ 7317043.833934907801449, 4485325.661034242250025 ], [ 7317085.478591326624155, 4485057.891625224612653 ], [ 7317438.112924438901246, 4485072.89829034358263 ], [ 7317456.485784947872162, 4485343.217023888602853 ], [ 7317897.990607033483684, 4485978.904214518144727 ], [ 7318308.002513437531888, 4486075.183049378916621 ], [ 7319252.343481784686446, 4487426.139611913822591 ], [ 7319659.260167315602303, 4487521.867830219678581 ], [ 7319937.933623913675547, 4487918.339310938492417 ], [ 7320344.799815434031188, 4488014.60268200840801 ], [ 7321120.834976261481643, 4489124.745169972069561 ], [ 7321157.859558761119843, 4489668.926786377094686 ], [ 7321598.409700315445662, 4490304.356268803589046 ], [ 7322008.125450299121439, 4490401.345474492758512 ], [ 7322451.312092809006572, 4491034.47160307969898 ], [ 7322488.230072094127536, 4491578.175002721138299 ], [ 7323096.44511005282402, 4492454.871233036741614 ], [ 7323114.554237214848399, 4492725.226610911078751 ], [ 7322830.211429183371365, 4492807.520120432600379 ], [ 7322683.68988249078393, 4493415.119459888897836 ], [ 7322408.42778480052948, 4493837.752660392783582 ], [ 7322298.027028849348426, 4494161.992723026312888 ], [ 7322624.759827423840761, 4494773.265141566284001 ], [ 7322639.047421867027879, 4496654.402797590941191 ], [ 7323208.490712025202811, 4497577.046139962039888 ], [ 7323229.982546570710838, 4499295.494314092211425 ], [ 7322764.297790195792913, 4500011.093292907811701 ], [ 7322441.236451933160424, 4500104.580673668533564 ], [ 7322421.166404720395803, 4500566.531707588583231 ], [ 7322231.559063961729407, 4500621.234083780087531 ], [ 7321886.536467531695962, 4500943.213643510825932 ], [ 7321155.442437475547194, 4501037.896481171250343 ], [ 7320810.11677873134613, 4501359.908022566698492 ], [ 7320336.551930122077465, 4501497.016459289938211 ], [ 7320190.298888404853642, 4502104.642825100570917 ], [ 7319915.439773975871503, 4502527.347962040454149 ], [ 7319761.509124290198088, 4503593.993065094575286 ], [ 7319275.891732178628445, 4503734.599467030726373 ], [ 7318930.755943010561168, 4504056.688430144451559 ], [ 7318552.140352975577116, 4504166.757601807825267 ], [ 7318207.056182311847806, 4504488.882833644747734 ], [ 7317124.706816379912198, 4504568.346173669211566 ], [ 7316780.092920400202274, 4504890.541840744204819 ], [ 7316306.467865168116987, 4505027.875563884153962 ], [ 7316219.218481570482254, 4505392.80458549875766 ], [ 7316016.083679912611842, 4505344.491869991645217 ], [ 7315738.377534660510719, 4504948.157146095298231 ], [ 7315332.035240219905972, 4504852.569939655251801 ], [ 7313059.981797569431365, 4501593.659487732686102 ], [ 7312856.713161775842309, 4501545.9441161993891 ], [ 7312800.632305624894798, 4501175.450071130879223 ], [ 7312155.172382549382746, 4500927.287848196923733 ], [ 7312607.635230011306703, 4500229.402979537844658 ], [ 7312545.193671640008688, 4499435.520943269133568 ], [ 7311884.534961022436619, 4498368.271208373829722 ] ] ] } },
{ "type": "Feature", "properties": { "id": "00030000000000006698", "COAST": 0, "DIST_MAIN": 26.2, "DIST_SINK": 26.2, "ENDO": 0, "HYBAS_ID": 2121224600, "MAIN_BAS": 2120014530, "NEXT_DOWN": 2120014530, "NEXT_SINK": 2120014530, "ORDER": 1, "PFAF_ID": 214099004120, "SORT": 23596, "SUB_AREA": 184.7, "UP_AREA": 503.6 }, "geometry": { "type": "Polygon", "coordinates": [ [ [ 7364925.722765732556581, 4475663.777816107496619 ], [ 7364968.727255919016898, 4475396.152437111362815 ], [ 7365281.063608764670789, 4475024.16480150166899 ], [ 7365367.61093810852617, 4474485.973331963643432 ], [ 7366997.112986988388002, 4472561.10000095423311 ], [ 7367412.206595784053206, 4472503.110717468895018 ], [ 7367726.533240268006921, 4472133.779817929491401 ], [ 7367934.313990143127739, 4472104.31172945164144 ], [ 7367951.189400805160403, 4472378.341181047260761 ], [ 7368779.345451697707176, 4473575.36373555008322 ], [ 7371255.408989138901234, 4473618.89372280985117 ], [ 7371569.910384221933782, 4473249.715291075408459 ], [ 7371985.025859121233225, 4473191.983105566352606 ], [ 7372364.005187188275158, 4472747.678847934119403 ], [ 7373418.352329266257584, 4472878.5275076655671 ], [ 7373721.941598770208657, 4473316.158145225606859 ], [ 7374444.073318122886121, 4472466.594657371751964 ], [ 7375213.079681211151183, 4472426.232235154137015 ], [ 7376281.483824579045177, 4471168.205647789873183 ], [ 7377050.628933981992304, 4471128.519028531387448 ], [ 7378873.681748700328171, 4468981.940767075866461 ], [ 7379997.050770552828908, 4468960.428491204977036 ], [ 7380376.740922009572387, 4468516.001986186951399 ], [ 7380723.705331658013165, 4468612.452651529572904 ], [ 7381056.47604020126164, 4469092.549390356987715 ], [ 7381411.75603043474257, 4469032.261293043382466 ], [ 7381791.540980599820614, 4468587.890907494351268 ], [ 7382138.862497130408883, 4468684.436663488857448 ], [ 7382415.347506295889616, 4469083.379666405729949 ], [ 7383680.041972062550485, 4469187.165536066517234 ], [ 7383696.55525584705174, 4469457.809258389286697 ], [ 7383997.344805267639458, 4469898.735865872353315 ], [ 7383653.111054588109255, 4470306.625104830600321 ], [ 7383565.413295484147966, 4470841.231224349699914 ], [ 7383251.951062884181738, 4471212.528953031636775 ], [ 7383168.646024572663009, 4471669.004375535063446 ], [ 7383828.433314352296293, 4472632.683581058867276 ], [ 7383820.850584780797362, 4473365.318153616972268 ], [ 7383836.976210991851985, 4473635.442195530980825 ], [ 7384110.721033241599798, 4474037.317581538110971 ], [ 7384119.389459564350545, 4475043.561807496473193 ], [ 7384558.823011773638427, 4475681.123364746570587 ], [ 7384966.330064713023603, 4475780.441550079733133 ], [ 7385241.970899399369955, 4476179.498013858683407 ], [ 7385798.966309157200158, 4476247.38393182028085 ], [ 7385710.577790820039809, 4476946.610798161476851 ], [ 7385351.200358944945037, 4477518.785911819897592 ], [ 7384392.352180015295744, 4477650.962721111252904 ], [ 7384225.679344124160707, 4478260.359962886199355 ], [ 7383493.6574916401878, 4479249.899607456289232 ], [ 7382972.711282523348927, 4479415.126285398378968 ], [ 7382608.28828538954258, 4479729.241579410620034 ], [ 7381949.528212357312441, 4478899.056310711428523 ], [ 7381027.213526457548141, 4478714.604737260378897 ], [ 7380520.104663086123765, 4479152.478004468604922 ], [ 7380290.084365857765079, 4479278.136318799108267 ], [ 7379823.937512187287211, 4478784.792879824526608 ], [ 7379460.045204128138721, 4479098.580355930142105 ], [ 7378645.113677189685404, 4479211.4793182881549 ], [ 7378439.791689176112413, 4479965.287596117705107 ], [ 7376818.662078462541103, 4480038.574085906147957 ], [ 7376642.959259388968349, 4481118.231228690594435 ], [ 7376304.62976932246238, 4481659.063827094621956 ], [ 7375768.291999678127468, 4481829.426042356528342 ], [ 7375220.554254691116512, 4482347.863079319708049 ], [ 7375491.475327040068805, 4482896.556339420378208 ], [ 7375533.435605947859585, 4484147.840351895429194 ], [ 7374690.538768234662712, 4485290.649321961216629 ], [ 7374170.254928183741868, 4485456.445088818669319 ], [ 7373814.022081398405135, 4485764.383617964573205 ], [ 7373348.070244451053441, 4485912.619037756696343 ], [ 7373154.962434242479503, 4486623.968034828081727 ], [ 7372689.072247655130923, 4486772.23678338713944 ], [ 7371957.183957997709513, 4487525.11923807207495 ], [ 7371231.795425630174577, 4487626.311972861178219 ], [ 7369501.316205268725753, 4489615.742499685846269 ], [ 7367771.721268577501178, 4491605.504087843000889 ], [ 7367597.222443301230669, 4492250.907157820649445 ], [ 7367327.331918749026954, 4492683.844153098762035 ], [ 7367263.07182645611465, 4492920.662331495434046 ], [ 7366978.070966427214444, 4493001.304716802202165 ], [ 7366793.874004246667027, 4493745.404859359376132 ], [ 7365970.132824620231986, 4493846.647991326637566 ], [ 7365622.368086395785213, 4494166.706633192487061 ], [ 7365432.169401939958334, 4494220.333548568189144 ], [ 7365079.829172357916832, 4494203.029398467391729 ], [ 7365305.148603446781635, 4490621.313259804621339 ], [ 7365799.070827485993505, 4490131.876754737459123 ], [ 7366287.89477832056582, 4489993.767107838764787 ], [ 7368182.33428751770407, 4487652.071835966780782 ], [ 7368332.685538744553924, 4487045.150325655005872 ], [ 7368903.54866736009717, 4486883.957868421450257 ], [ 7369053.961996519938111, 4486277.046207909472287 ], [ 7369332.275273561477661, 4485855.463656922802329 ], [ 7369452.863831289112568, 4485370.049202595837414 ], [ 7370483.074642540886998, 4484059.511025794781744 ], [ 7370645.988777501508594, 4483402.158954603597522 ], [ 7371104.770009022206068, 4482980.661480608396232 ], [ 7371619.906260468997061, 4482835.710995951667428 ], [ 7372091.377909996546805, 4482123.326048801653087 ], [ 7372079.834008851088583, 4480286.552809381857514 ], [ 7371601.887916443869472, 4480099.126886441372335 ], [ 7370957.010037810541689, 4479266.761637185700238 ], [ 7370772.626455363817513, 4479194.645628389902413 ], [ 7370066.118913628160954, 4479159.621402687393129 ], [ 7370089.018766845576465, 4478697.135838464833796 ], [ 7370502.182320966385305, 4478565.375677097588778 ], [ 7370467.651177015155554, 4476952.147012948058546 ], [ 7369647.348094638437033, 4476753.386446919292212 ], [ 7369323.071892277337611, 4476411.597638162784278 ], [ 7368610.199104471132159, 4476239.087747875601053 ], [ 7368285.877568531781435, 4475896.848850351758301 ], [ 7367926.165191761218011, 4475741.803952727466822 ], [ 7367465.154749816283584, 4475256.044086360372603 ], [ 7366882.051090062595904, 4475364.782097288407385 ], [ 7366022.188036359846592, 4476249.345422992482781 ], [ 7365783.469384796917439, 4476100.327526274137199 ], [ 7365459.021153746172786, 4475758.22463361453265 ], [ 7364925.722765732556581, 4475663.777816107496619 ] ] ] } },
{ "type": "Feature", "properties": { "id": "00030000000000006699", "COAST": 0, "DIST_MAIN": 43.1, "DIST_SINK": 43.1, "ENDO": 0, "HYBAS_ID": 2120634560, "MAIN_BAS": 2120014530, "NEXT_DOWN": 2121224600, "NEXT_SINK": 2120014530, "ORDER": 1, "PFAF_ID": 214099004300, "SORT": 23597, "SUB_AREA": 192.4, "UP_AREA": 192.4 }, "geometry": { "type": "Polygon", "coordinates": [ [ [ 7346806.551295151002705, 4484528.170823422260582 ], [ 7346865.894357804208994, 4484285.567347664386034 ], [ 7348266.318379673175514, 4482526.171221853233874 ], [ 7348420.193755529820919, 4481897.879085853695869 ], [ 7349596.626646813936532, 4481816.550514773465693 ], [ 7349944.110788356512785, 4481495.755226788111031 ], [ 7350840.25455270614475, 4481474.849099713377655 ], [ 7351546.431392853148282, 4481508.063906977884471 ], [ 7351561.112015158869326, 4482217.623529408127069 ], [ 7352128.997016291134059, 4483142.13939537294209 ], [ 7352201.788046572357416, 4483637.330254913307726 ], [ 7352438.158577734604478, 4484083.234244440682232 ], [ 7352495.33981953561306, 4485156.201867433264852 ], [ 7352930.85372837074101, 4485678.973773706704378 ], [ 7354004.885031308047473, 4485856.296507063321769 ], [ 7354752.794048170559108, 4486817.881570768542588 ], [ 7355025.348096421919763, 4486704.940311291255057 ], [ 7355372.897843495942652, 4486384.388004477135837 ], [ 7355753.095238874666393, 4486276.603137511759996 ], [ 7356230.587854927405715, 4485835.874903284944594 ], [ 7356827.630434045568109, 4485990.83154128678143 ], [ 7357260.912655455060303, 4486474.625219102948904 ], [ 7357869.97471228428185, 4486377.904450210742652 ], [ 7358217.667857435531914, 4486057.48699620179832 ], [ 7358597.964119702577591, 4485949.341368431225419 ], [ 7358945.715836176648736, 4485628.942939744330943 ], [ 7359767.490694494917989, 4485527.242306474596262 ], [ 7360179.079336280934513, 4484944.739462469704449 ], [ 7360335.362957491539419, 4484311.238610213622451 ], [ 7362569.544054876081645, 4484288.090610576793551 ], [ 7363668.207964372821152, 4483078.245800939388573 ], [ 7364049.133213536813855, 4482970.379872605204582 ], [ 7364396.886680071242154, 4482650.201247000135481 ], [ 7365130.719751591794193, 4482560.123427540995181 ], [ 7365478.539081568829715, 4482239.984165580943227 ], [ 7366212.452680643647909, 4482149.507660567760468 ], [ 7366560.717805257067084, 4481829.438363823108375 ], [ 7366941.365181277506053, 4481722.190657041035593 ], [ 7367289.299636847339571, 4481402.136184759438038 ], [ 7367765.634579556062818, 4481267.902935871854424 ], [ 7367945.850676828064024, 4480539.468394933268428 ], [ 7368422.248098144307733, 4480405.27025599591434 ], [ 7369146.178740157745779, 4479640.222540179267526 ], [ 7369527.357148610055447, 4479533.114705324172974 ], [ 7369875.510817072354257, 4479213.160714171826839 ], [ 7370066.118913628160954, 4479159.621402687393129 ], [ 7370772.626455363817513, 4479194.645628389902413 ], [ 7370957.010037810541689, 4479266.761637185700238 ], [ 7371601.887916443869472, 4480099.126886441372335 ], [ 7372079.834008851088583, 4480286.552809381857514 ], [ 7372091.377909996546805, 4482123.326048801653087 ], [ 7371619.906260468997061, 4482835.710995951667428 ], [ 7371104.770009022206068, 4482980.661480608396232 ], [ 7370645.988777501508594, 4483402.158954603597522 ], [ 7370483.074642540886998, 4484059.511025794781744 ], [ 7369452.863831289112568, 4485370.049202595837414 ], [ 7369332.275273561477661, 4485855.463656922802329 ], [ 7369053.961996519938111, 4486277.046207909472287 ], [ 7368903.54866736009717, 4486883.957868421450257 ], [ 7368332.685538744553924, 4487045.150325655005872 ], [ 7368182.33428751770407, 4487652.071835966780782 ], [ 7366287.89477832056582, 4489993.767107838764787 ], [ 7365799.070827485993505, 4490131.876754737459123 ], [ 7365305.148603446781635, 4490621.313259804621339 ], [ 7365079.829172357916832, 4494203.029398467391729 ], [ 7364889.618390100076795, 4494257.1660231128335 ], [ 7364542.298988606780767, 4494577.294214664027095 ], [ 7363917.512004016898572, 4494672.634597458876669 ], [ 7363171.270958448760211, 4493709.468976818025112 ], [ 7362803.534193084575236, 4493565.593814573250711 ], [ 7362488.688866600394249, 4493213.091363796964288 ], [ 7362120.941229942254722, 4493068.757432044483721 ], [ 7361806.420876872725785, 4492716.302539695054293 ], [ 7360733.058174869045615, 4492538.259045366197824 ], [ 7360418.449479345232248, 4492185.876050383783877 ], [ 7360174.360305158421397, 4492048.130806058645248 ], [ 7359696.974815370514989, 4492488.109800915233791 ], [ 7358964.223658966831863, 4492578.654618532396853 ], [ 7358617.117951471358538, 4492899.044222492724657 ], [ 7358236.785095819272101, 4493007.143799783661962 ], [ 7357889.737161138094962, 4493327.56908312626183 ], [ 7357509.456139791756868, 4493435.212907113134861 ], [ 7357162.458723731338978, 4493755.666559134609997 ], [ 7356077.537649217993021, 4493830.075142990797758 ], [ 7355355.856139172799885, 4494595.712508719414473 ], [ 7354271.126089659519494, 4494669.871470193378627 ], [ 7353912.853617183864117, 4495001.324417976662517 ], [ 7353577.260608724318445, 4494625.941058587282896 ], [ 7353219.043336955830455, 4494956.929742926731706 ], [ 7352424.049320347607136, 4495045.61500945687294 ], [ 7352291.724080519750714, 4494144.54438829049468 ], [ 7351831.816239872947335, 4493965.137401561252773 ], [ 7351416.70751225668937, 4493501.33734390232712 ], [ 7351299.93117930740118, 4492707.618813155218959 ], [ 7351023.680233165621758, 4492600.392768168821931 ], [ 7351026.7407440636307, 4491300.760530508123338 ], [ 7350081.016764352098107, 4491073.799355291761458 ], [ 7349432.414127619937062, 4489986.476987862959504 ], [ 7349350.356856916099787, 4489502.283634830266237 ], [ 7349122.875652326270938, 4489045.489147428423166 ], [ 7349040.781024581752717, 4488561.301787131465971 ], [ 7348146.33312342967838, 4487139.439249956049025 ], [ 7348534.27986403554678, 4486513.655300501734018 ], [ 7348364.518911455757916, 4485959.958167913369834 ], [ 7348001.598285994492471, 4485579.175162271596491 ], [ 7347552.282790027558804, 4485386.715123479254544 ], [ 7347490.864278472959995, 4485023.483207112178206 ], [ 7347287.243032173253596, 4484974.843510997481644 ], [ 7347010.157214688137174, 4484577.298097027465701 ], [ 7346806.551295151002705, 4484528.170823422260582 ] ] ] } },
{ "type": "Feature", "properties": { "id": "0003000000000000669a", "COAST": 0, "DIST_MAIN": 22.2, "DIST_SINK": 22.2, "ENDO": 0, "HYBAS_ID": 2121225260, "MAIN_BAS": 2120014560, "NEXT_DOWN": 2120014560, "NEXT_SINK": 2120014560, "ORDER": 1, "PFAF_ID": 215001201200, "SORT": 23602, "SUB_AREA": 161.6, "UP_AREA": 1589.7 }, "geometry": { "type": "Polygon", "coordinates": [ [ [ 7367934.313990143127739, 4472104.31172945164144 ], [ 7368031.764766840264201, 4471710.951961548998952 ], [ 7368872.749408547766507, 4470823.618083000183105 ], [ 7369457.102410614490509, 4470659.031452623195946 ], [ 7368474.682967820204794, 4469120.702443759888411 ], [ 7368763.247712223790586, 4468684.676222091540694 ], [ 7368891.56505292467773, 4467055.247614563442767 ], [ 7368837.345073419623077, 4466683.686272135935724 ], [ 7368560.274676758795977, 4466575.369635115377605 ], [ 7368582.965924040414393, 4466113.381906728260219 ], [ 7368937.017566809430718, 4466130.777445361018181 ], [ 7369023.784658754244447, 4465431.464429633691907 ], [ 7369671.359453715384007, 4464553.979845537804067 ], [ 7369856.436462155543268, 4463871.898739030584693 ], [ 7370302.2198530677706, 4463486.789840441197157 ], [ 7370676.046290102414787, 4463367.878702035173774 ], [ 7371409.733067440800369, 4462614.744894576258957 ], [ 7372491.722696660086513, 4462530.960151155479252 ], [ 7372848.829566541127861, 4462222.895815150812268 ], [ 7373685.675646253861487, 4462106.285011640749872 ], [ 7373789.734933217987418, 4461273.953171877190471 ], [ 7373997.821902817115188, 4461245.138136274181306 ], [ 7374312.881807989440858, 4460876.029367608949542 ], [ 7375083.030529526993632, 4460836.066757386550307 ], [ 7375398.546768405474722, 4460467.018108056858182 ], [ 7378293.376881191506982, 4460533.273834655061364 ], [ 7378673.273096419870853, 4460089.2287388863042 ], [ 7379375.04664044175297, 4460202.955213983543217 ], [ 7379652.045619018375874, 4460601.763147524558008 ], [ 7381122.328476565890014, 4460755.002615013159811 ], [ 7381455.508285756222904, 4461235.089947490021586 ], [ 7382873.777760657481849, 4461228.840830678120255 ], [ 7383189.317617820575833, 4460860.073104499839246 ], [ 7383605.291521332226694, 4460802.433060983195901 ], [ 7383921.263135428540409, 4460433.71475715469569 ], [ 7384837.448960075154901, 4460441.366148728877306 ], [ 7384746.408584639430046, 4461633.425968204624951 ], [ 7384432.583157377317548, 4462004.701769850216806 ], [ 7384349.231531489640474, 4462460.674108106642962 ], [ 7384679.298950716853142, 4462944.255038286559284 ], [ 7384671.797049178741872, 4463676.873384307138622 ], [ 7385026.022000300697982, 4463695.027572193183005 ], [ 7385066.024684071540833, 4463937.117686950601637 ], [ 7385292.464255934581161, 4464395.087007052265108 ], [ 7385355.663199305534363, 4465457.691752783022821 ], [ 7385818.92959439009428, 4465658.050458738580346 ], [ 7386143.06447281036526, 4466001.057085017673671 ], [ 7387665.991645900532603, 4466226.377234165556729 ], [ 7387737.640814353711903, 4467433.813121457584202 ], [ 7388020.995793580077589, 4467556.581949547864497 ], [ 7387976.778595043346286, 4467824.113761167041957 ], [ 7387475.792013674043119, 4468416.200724153779447 ], [ 7384581.018146736547351, 4468345.566609782166779 ], [ 7383887.984047268517315, 4469158.62837219145149 ], [ 7383680.041972062550485, 4469187.165536066517234 ], [ 7382415.347506295889616, 4469083.379666405729949 ], [ 7382138.862497130408883, 4468684.436663488857448 ], [ 7381791.540980599820614, 4468587.890907494351268 ], [ 7381411.75603043474257, 4469032.261293043382466 ], [ 7381056.47604020126164, 4469092.549390356987715 ], [ 7380723.705331658013165, 4468612.452651529572904 ], [ 7380376.740922009572387, 4468516.001986186951399 ], [ 7379997.050770552828908, 4468960.428491204977036 ], [ 7378873.681748700328171, 4468981.940767075866461 ], [ 7377050.628933981992304, 4471128.519028531387448 ], [ 7376281.483824579045177, 4471168.205647789873183 ], [ 7375213.079681211151183, 4472426.232235154137015 ], [ 7374444.073318122886121, 4472466.594657371751964 ], [ 7373721.941598770208657, 4473316.158145225606859 ], [ 7373418.352329266257584, 4472878.5275076655671 ], [ 7372364.005187188275158, 4472747.678847934119403 ], [ 7371985.025859121233225, 4473191.983105566352606 ], [ 7371569.910384221933782, 4473249.715291075408459 ], [ 7371255.408989138901234, 4473618.89372280985117 ], [ 7368779.345451697707176, 4473575.36373555008322 ], [ 7367951.189400805160403, 4472378.341181047260761 ], [ 7367934.313990143127739, 4472104.31172945164144 ] ] ] } },
{ "type": "Feature", "properties": { "id": "0003000000000000669b", "COAST": 0, "DIST_MAIN": 40.8, "DIST_SINK": 40.8, "ENDO": 0, "HYBAS_ID": 2120637180, "MAIN_BAS": 2120014560, "NEXT_DOWN": 2121225260, "NEXT_SINK": 2120014560, "ORDER": 1, "PFAF_ID": 215001203000, "SORT": 23603, "SUB_AREA": 242.3, "UP_AREA": 1009.1 }, "geometry": { "type": "Polygon", "coordinates": [ [ [ 7349026.278999713249505, 4459620.448460798710585 ], [ 7349234.235192817635834, 4459590.945355750620365 ], [ 7349548.028121962212026, 4459220.883657170459628 ], [ 7349966.663189508020878, 4459161.043576505966485 ], [ 7350464.50866134930402, 4458567.101698922924697 ], [ 7350549.821571605280042, 4458032.275286403484643 ], [ 7350925.538620363920927, 4457583.355817586183548 ], [ 7350951.681136570870876, 4455735.184666536748409 ], [ 7350648.422308415174484, 4455295.767100365832448 ], [ 7350991.242548892274499, 4454886.443271058611572 ], [ 7351097.775555707514286, 4453889.147578320465982 ], [ 7351410.073311597108841, 4453516.57905859965831 ], [ 7351517.62592916470021, 4451862.550939078442752 ], [ 7353114.762291802093387, 4452007.093668526038527 ], [ 7353442.934862977825105, 4452345.663672347553074 ], [ 7353911.540824792347848, 4452550.572634099982679 ], [ 7353933.99566001072526, 4454669.754423052072525 ], [ 7354978.16142900660634, 4454859.179035181179643 ], [ 7355475.939187116920948, 4454434.036840114742517 ], [ 7355847.738125197589397, 4454311.303068996407092 ], [ 7356206.540411746129394, 4454005.55666581261903 ], [ 7356578.375037266872823, 4453882.860529005527496 ], [ 7356937.251019285060465, 4453576.646131921559572 ], [ 7358186.448632977902889, 4453566.03268788009882 ], [ 7358203.831437222659588, 4453840.009918090887368 ], [ 7358646.829119375906885, 4454475.298770473338664 ], [ 7359055.317267044447362, 4454573.091308342292905 ], [ 7359333.179952246136963, 4454971.034857562743127 ], [ 7359741.99578217882663, 4455069.378826181404293 ], [ 7360076.729800681583583, 4455548.397234898991883 ], [ 7360432.36614338029176, 4455486.589883530512452 ], [ 7360811.315735999494791, 4455041.708608236163855 ], [ 7361513.617458052001894, 4455154.215712889097631 ], [ 7361791.356021181680262, 4455551.769947312772274 ], [ 7362554.268676134757698, 4455667.291510192677379 ], [ 7362832.28736489918083, 4456065.399471123702824 ], [ 7364303.441739219240844, 4456214.782675415277481 ], [ 7364969.528508638963103, 4457173.670772956684232 ], [ 7367450.835799468681216, 4457216.077008436433971 ], [ 7367766.061000163666904, 4456846.725288185290992 ], [ 7368182.033087814226747, 4456788.22683519590646 ], [ 7368561.423704992048442, 4456343.707200367935002 ], [ 7368909.453564993105829, 4456439.09233201853931 ], [ 7369186.75147386547178, 4456837.439270447939634 ], [ 7369595.397619279101491, 4456936.331551823765039 ], [ 7369872.644239299930632, 4457334.708908159285784 ], [ 7371343.943720171228051, 4457485.509344227612019 ], [ 7371621.072960959747434, 4457883.957836111076176 ], [ 7372533.899349298328161, 4457968.27090578339994 ], [ 7372550.523174494504929, 4458238.83816340751946 ], [ 7372825.549298749305308, 4458639.712425442412496 ], [ 7372790.233739214017987, 4460570.782950229011476 ], [ 7373231.614914772100747, 4461207.047389480285347 ], [ 7373789.734933217987418, 4461273.953171877190471 ], [ 7373685.675646253861487, 4462106.285011640749872 ], [ 7372848.829566541127861, 4462222.895815150812268 ], [ 7372491.722696660086513, 4462530.960151155479252 ], [ 7371409.733067440800369, 4462614.744894576258957 ], [ 7370676.046290102414787, 4463367.878702035173774 ], [ 7370302.2198530677706, 4463486.789840441197157 ], [ 7369856.436462155543268, 4463871.898739030584693 ], [ 7369671.359453715384007, 4464553.979845537804067 ], [ 7369023.784658754244447, 4465431.464429633691907 ], [ 7368937.017566809430718, 4466130.777445361018181 ], [ 7368582.965924040414393, 4466113.381906728260219 ], [ 7368560.274676758795977, 4466575.369635115377605 ], [ 7367291.379635732620955, 4466552.818063489161432 ], [ 7366223.746621101163328, 4467811.546165286563337 ], [ 7365808.396775847300887, 4467870.112688116729259 ], [ 7365493.647478127852082, 4468239.510375426150858 ], [ 7362662.841556493192911, 4468180.41857822239399 ], [ 7362328.950426105409861, 4467701.215294373221695 ], [ 7360152.169644257053733, 4467517.557384696789086 ], [ 7359543.070590071380138, 4466640.593828728422523 ], [ 7359135.282747432589531, 4466542.236469733528793 ], [ 7358857.538627543486655, 4466144.742256504483521 ], [ 7358096.066150774247944, 4466029.542253480292857 ], [ 7357818.26788982655853, 4465631.593148509971797 ], [ 7356906.802198798395693, 4465549.032173225656152 ], [ 7356716.004818266257644, 4465602.912662715651095 ], [ 7356367.947568133473396, 4465923.483036343939602 ], [ 7354925.047076599672437, 4465981.508885005488992 ], [ 7354576.713631364516914, 4466302.133574289269745 ], [ 7353589.804219804704189, 4466381.471966669894755 ], [ 7352181.43203442171216, 4464462.307635250501335 ], [ 7351103.846973734907806, 4464285.928704279474914 ], [ 7350787.437105447985232, 4463934.073816608637571 ], [ 7350417.633302698843181, 4463790.407957303337753 ], [ 7350101.169430094771087, 4463438.579407315701246 ], [ 7349287.384498173370957, 4463258.921792193315923 ], [ 7349229.838906409218907, 4462872.102588549256325 ], [ 7349212.41981893312186, 4462601.642324092797935 ], [ 7348936.428690987639129, 4462201.696081577800214 ], [ 7349004.835063206963241, 4460082.40601424779743 ], [ 7349026.278999713249505, 4459620.448460798710585 ] ] ] } },
{ "type": "Feature", "properties": { "id": "0003000000000000669c", "COAST": 0, "DIST_MAIN": 64.8, "DIST_SINK": 64.8, "ENDO": 0, "HYBAS_ID": 2120638090, "MAIN_BAS": 2120014560, "NEXT_DOWN": 2120637180, "NEXT_SINK": 2120014560, "ORDER": 1, "PFAF_ID": 215001205110, "SORT": 23607, "SUB_AREA": 120.0, "UP_AREA": 653.0 }, "geometry": { "type": "Polygon", "coordinates": [ [ [ 7337255.790453039109707, 4459926.314827655442059 ], [ 7337636.422730484977365, 4459346.220680203288794 ], [ 7337784.468947329558432, 4458738.336533551104367 ], [ 7338369.132817909121513, 4458571.339197917841375 ], [ 7338525.696765660308301, 4457505.418270219117403 ], [ 7338802.951577207073569, 4457083.266879482194781 ], [ 7338977.648378522135317, 4455346.139437374658883 ], [ 7337982.008805684745312, 4453804.70920766890049 ], [ 7337944.860611508600414, 4453557.233950454741716 ], [ 7338033.420218214392662, 4453192.493132151663303 ], [ 7338319.79986703209579, 4453110.693444061093032 ], [ 7339313.178397117182612, 4453235.646451487205923 ], [ 7339367.947125478647649, 4454895.884250158444047 ], [ 7339832.366468291729689, 4455102.673455702140927 ], [ 7340167.288913424126804, 4455442.422110074199736 ], [ 7340531.866111364215612, 4455134.280103420838714 ], [ 7340901.52200888376683, 4455008.270220343954861 ], [ 7341261.397118454799056, 4454704.41118208039552 ], [ 7342339.371931321918964, 4454610.596552801318467 ], [ 7343074.928978401236236, 4453860.493123638443649 ], [ 7343444.701177287846804, 4453734.603707129135728 ], [ 7343804.743150760419667, 4453430.852562063373625 ], [ 7344528.78328962251544, 4453320.686666292138398 ], [ 7345049.768887479789555, 4452881.6064747069031 ], [ 7346460.903482981026173, 4453105.462274519726634 ], [ 7346762.211838212795556, 4453726.49316481128335 ], [ 7346440.967498853802681, 4454257.908108326606452 ], [ 7347269.602825039066374, 4455299.275465831160545 ], [ 7347797.8589738458395, 4455535.2982790870592 ], [ 7348070.163322535343468, 4456096.581949098035693 ], [ 7348095.063901197165251, 4458104.163756330497563 ], [ 7348869.531648500822484, 4459078.34171280823648 ], [ 7349047.744491824880242, 4459157.986828623339534 ], [ 7349026.278999713249505, 4459620.448460798710585 ], [ 7349004.835063206963241, 4460082.40601424779743 ], [ 7348936.428690987639129, 4462201.696081577800214 ], [ 7349212.41981893312186, 4462601.642324092797935 ], [ 7349229.838906409218907, 4462872.102588549256325 ], [ 7348685.280191115103662, 4462909.750966501422226 ], [ 7348337.50145352166146, 4463230.672933545894921 ], [ 7347955.967165060341358, 4463338.883041990920901 ], [ 7347497.630503064021468, 4463761.782795067876577 ], [ 7347336.644650777801871, 4464419.511880102567375 ], [ 7346684.051735621877015, 4465287.484639108181 ], [ 7346564.861232344992459, 4465773.176924324594438 ], [ 7346287.386505277827382, 4466195.058763045817614 ], [ 7346133.578526430763304, 4466823.394885850138962 ], [ 7344954.899610778316855, 4466905.9001729413867 ], [ 7344607.457993372343481, 4467226.977431459352374 ], [ 7344226.18756986502558, 4467335.360284463502467 ], [ 7343878.796699016354978, 4467656.466286912560463 ], [ 7342436.585713268257678, 4467716.866007024422288 ], [ 7342089.300832291133702, 4468038.040261631831527 ], [ 7340647.239513689652085, 4468098.285114731639624 ], [ 7339914.863947425968945, 4468876.868446893058717 ], [ 7339587.013616755604744, 4468513.096360870637 ], [ 7339048.666805817745626, 4468425.790451533161104 ], [ 7339194.067415373399854, 4466241.77624072227627 ], [ 7339687.758639926090837, 4465735.290107612498105 ], [ 7341136.312384951859713, 4465683.044211313128471 ], [ 7341477.602268978953362, 4465353.117678218521178 ], [ 7341953.671031700447202, 4465230.073905662633479 ], [ 7342097.038105943240225, 4464731.564527372829616 ], [ 7341271.848702825605869, 4463502.534884431399405 ], [ 7340859.587451982311904, 4463354.952316156588495 ], [ 7340549.14003568328917, 4462995.421470887027681 ], [ 7340172.710732062347233, 4462860.405391745269299 ], [ 7339862.186072126962245, 4462501.406099945306778 ], [ 7338777.809616841375828, 4462334.472011140547693 ], [ 7338467.600296825170517, 4461975.062490268610418 ], [ 7338278.963770204223692, 4461907.58763534668833 ], [ 7338299.761830277740955, 4461445.634142680093646 ], [ 7338115.083413448184729, 4461374.384013310074806 ], [ 7337381.960514072328806, 4460439.464956987649202 ], [ 7337255.790453039109707, 4459926.314827655442059 ] ] ] } },
{ "type": "Feature", "properties": { "id": "0003000000000000669d", "COAST": 0, "DIST_MAIN": 78.3, "DIST_SINK": 78.3, "ENDO": 0, "HYBAS_ID": 2121225250, "MAIN_BAS": 2120014560, "NEXT_DOWN": 2120638090, "NEXT_SINK": 2120014560, "ORDER": 1, "PFAF_ID": 215001205120, "SORT": 23609, "SUB_AREA": 75.6, "UP_AREA": 532.9 }, "geometry": { "type": "Polygon", "coordinates": [ [ [ 7332469.923319816589355, 4456428.640377729199827 ], [ 7332822.999158676713705, 4455890.215961524285376 ], [ 7332940.981136499904096, 4455403.849543293006718 ], [ 7333217.962933398783207, 4454981.498715468682349 ], [ 7333335.9786058627069, 4454495.13184146489948 ], [ 7333622.361511143855751, 4454058.842923355288804 ], [ 7333375.620770343579352, 4453599.443527172319591 ], [ 7333358.773844203911722, 4452889.563810609281063 ], [ 7333462.674624507315457, 4452044.290071813389659 ], [ 7335171.600679784081876, 4452044.268295891582966 ], [ 7335190.220179873518646, 4452317.660408419556916 ], [ 7335968.677222587168217, 4453429.694978979416192 ], [ 7337944.860611508600414, 4453557.233950454741716 ], [ 7337982.008805684745312, 4453804.70920766890049 ], [ 7338977.648378522135317, 4455346.139437374658883 ], [ 7338802.951577207073569, 4457083.266879482194781 ], [ 7338525.696765660308301, 4457505.418270219117403 ], [ 7338369.132817909121513, 4458571.339197917841375 ], [ 7337784.468947329558432, 4458738.336533551104367 ], [ 7337636.422730484977365, 4459346.220680203288794 ], [ 7337255.790453039109707, 4459926.314827655442059 ], [ 7337381.960514072328806, 4460439.464956987649202 ], [ 7338115.083413448184729, 4461374.384013310074806 ], [ 7338299.761830277740955, 4461445.634142680093646 ], [ 7338278.963770204223692, 4461907.58763534668833 ], [ 7338467.600296825170517, 4461975.062490268610418 ], [ 7338777.809616841375828, 4462334.472011140547693 ], [ 7339862.186072126962245, 4462501.406099945306778 ], [ 7340172.710732062347233, 4462860.405391745269299 ], [ 7340549.14003568328917, 4462995.421470887027681 ], [ 7340859.587451982311904, 4463354.952316156588495 ], [ 7341271.848702825605869, 4463502.534884431399405 ], [ 7342097.038105943240225, 4464731.564527372829616 ], [ 7341953.671031700447202, 4465230.073905662633479 ], [ 7341477.602268978953362, 4465353.117678218521178 ], [ 7341136.312384951859713, 4465683.044211313128471 ], [ 7339687.758639926090837, 4465735.290107612498105 ], [ 7339194.067415373399854, 4466241.77624072227627 ], [ 7339048.666805817745626, 4468425.790451533161104 ], [ 7338762.82865097746253, 4468507.527139791287482 ], [ 7338614.799232507124543, 4469114.900298283435404 ], [ 7338195.434820225462317, 4469711.012531543150544 ], [ 7336157.158119490370154, 4469684.731014413759112 ], [ 7335953.446148383431137, 4469636.441442725248635 ], [ 7335176.638632061891258, 4468524.27040821313858 ], [ 7335157.782628980465233, 4467597.187097790651023 ], [ 7335906.703900853171945, 4466701.4662065198645 ], [ 7336007.752058519981802, 4465783.218889329582453 ], [ 7335674.977972921915352, 4465301.975698581896722 ], [ 7335638.820022732019424, 4464761.661214279010892 ], [ 7335029.230787392705679, 4463884.02544604241848 ], [ 7335010.12722947075963, 4462959.917776621878147 ], [ 7335384.986679716967046, 4462510.80476460698992 ], [ 7335426.923384922556579, 4462243.083144091069698 ], [ 7335410.389017987065017, 4461533.67024546302855 ], [ 7335164.461184747517109, 4461073.71147916931659 ], [ 7335526.172903196886182, 4460521.421619630418718 ], [ 7334970.496873310767114, 4460307.331127099692822 ], [ 7334319.513080493547022, 4459478.502885456196964 ], [ 7333834.657608592882752, 4459291.447066502645612 ], [ 7333171.011757367290556, 4458220.846079614013433 ], [ 7333134.609743150882423, 4456684.499543434008956 ], [ 7332469.923319816589355, 4456428.640377729199827 ] ] ] } },
{ "type": "Feature", "properties": { "id": "0003000000000000669e", "COAST": 0, "DIST_MAIN": 81.3, "DIST_SINK": 81.3, "ENDO": 0, "HYBAS_ID": 2121225190, "MAIN_BAS": 2120014560, "NEXT_DOWN": 2121225250, "NEXT_SINK": 2120014560, "ORDER": 1, "PFAF_ID": 215001205130, "SORT": 23610, "SUB_AREA": 181.5, "UP_AREA": 457.3 }, "geometry": { "type": "Polygon", "coordinates": [ [ [ 7322629.528365540318191, 4454737.90054546482861 ], [ 7322717.325973019003868, 4454373.028303986415267 ], [ 7323289.560332918539643, 4454208.300561500713229 ], [ 7323472.926919369958341, 4453449.65920735988766 ], [ 7324309.408023622818291, 4452558.059381540864706 ], [ 7324690.637624000199139, 4452448.134702390991151 ], [ 7325038.093453810550272, 4452126.176909431815147 ], [ 7325419.346657635644078, 4452016.770645675249398 ], [ 7326141.090351769700646, 4451247.735557175241411 ], [ 7326331.937730962410569, 4451193.070118731819093 ], [ 7326740.189404067583382, 4451075.97032109927386 ], [ 7326748.741945230402052, 4448650.355750501155853 ], [ 7326509.509540501050651, 4448205.444334073923528 ], [ 7326611.847003017552197, 4444723.048980438150465 ], [ 7326889.804620861075819, 4444829.720805763266981 ], [ 7326946.386965641751885, 4445200.816650735214353 ], [ 7327010.658957880921662, 4445622.299579618498683 ], [ 7327430.225710801780224, 4446084.450465018860996 ], [ 7327801.26649297773838, 4446226.901539706625044 ], [ 7328238.525081733241677, 4446708.705611370503902 ], [ 7330269.139657968655229, 4446671.404373473487794 ], [ 7330746.723736928775907, 4446228.995799378491938 ], [ 7331787.505673763342202, 4446411.915212915278971 ], [ 7332148.006066348403692, 4447034.306487590074539 ], [ 7332223.212321643717587, 4447528.696136489510536 ], [ 7332551.366684566251934, 4448140.765536157414317 ], [ 7332379.453627571463585, 4449850.734643530100584 ], [ 7332102.357536263763905, 4450273.61711204238236 ], [ 7331984.039754450321198, 4450759.488620702177286 ], [ 7331631.216431310400367, 4451297.967850087210536 ], [ 7332280.334385662339628, 4451547.5671441629529 ], [ 7332392.786034843884408, 4452289.402775699272752 ], [ 7332855.730363309383392, 4452467.412677749991417 ], [ 7333173.460481102578342, 4452818.433268316090107 ], [ 7333358.773844203911722, 4452889.563810609281063 ], [ 7333375.620770343579352, 4453599.443527172319591 ], [ 7333622.361511143855751, 4454058.842923355288804 ], [ 7333335.9786058627069, 4454495.13184146489948 ], [ 7333217.962933398783207, 4454981.498715468682349 ], [ 7332940.981136499904096, 4455403.849543293006718 ], [ 7332822.999158676713705, 4455890.215961524285376 ], [ 7332469.923319816589355, 4456428.640377729199827 ], [ 7333134.609743150882423, 4456684.499543434008956 ], [ 7333171.011757367290556, 4458220.846079614013433 ], [ 7333834.657608592882752, 4459291.447066502645612 ], [ 7334319.513080493547022, 4459478.502885456196964 ], [ 7334970.496873310767114, 4460307.331127099692822 ], [ 7335526.172903196886182, 4460521.421619630418718 ], [ 7335164.461184747517109, 4461073.71147916931659 ], [ 7335410.389017987065017, 4461533.67024546302855 ], [ 7335426.923384922556579, 4462243.083144091069698 ], [ 7335384.986679716967046, 4462510.80476460698992 ], [ 7335010.12722947075963, 4462959.917776621878147 ], [ 7335029.230787392705679, 4463884.02544604241848 ], [ 7335638.820022732019424, 4464761.661214279010892 ], [ 7335674.977972921915352, 4465301.975698581896722 ], [ 7336007.752058519981802, 4465783.218889329582453 ], [ 7335906.703900853171945, 4466701.4662065198645 ], [ 7335157.782628980465233, 4467597.187097790651023 ], [ 7335176.638632061891258, 4468524.27040821313858 ], [ 7335953.446148383431137, 4469636.441442725248635 ], [ 7336157.158119490370154, 4469684.731014413759112 ], [ 7336094.452165128663182, 4470414.893324847333133 ], [ 7335783.546645799651742, 4470788.007392313331366 ], [ 7335637.518559793941677, 4472709.80136120505631 ], [ 7334952.389016635715961, 4473529.543053906410933 ], [ 7334827.21991331782192, 4474988.895179068669677 ], [ 7334516.533436614088714, 4475362.049508650787175 ], [ 7334474.632455701008439, 4475629.768713912926614 ], [ 7332853.96593486238271, 4475596.634626819752157 ], [ 7332541.629587425850332, 4475967.302310489118099 ], [ 7331981.129191156476736, 4475981.551316468045115 ], [ 7331796.401687933132052, 4475910.418991330079734 ], [ 7331479.745294070802629, 4475559.397227720357478 ], [ 7331110.257602692581713, 4475417.162831413559616 ], [ 7330793.555059034377337, 4475066.174721211194992 ], [ 7330331.660265599377453, 4474888.175953424535692 ], [ 7330276.06165031529963, 4474517.031680677086115 ], [ 7330364.150155902840197, 4474152.230388555675745 ], [ 7330935.154367856681347, 4473988.644479736685753 ], [ 7331082.517875419929624, 4473381.163585918024182 ], [ 7331835.328288457356393, 4472374.808822896331549 ], [ 7331795.294066622853279, 4471096.961074597202241 ], [ 7330890.977110360749066, 4469696.177272609435022 ], [ 7330979.639902972616255, 4465504.261832224205136 ], [ 7330408.043952581472695, 4464581.63431391865015 ], [ 7330353.402079115621746, 4463624.818762010894716 ], [ 7330114.994962712749839, 4463179.243754883296788 ], [ 7330077.663725257851183, 4462932.316340753808618 ], [ 7330156.863104550167918, 4462226.681424411945045 ], [ 7330483.931610465049744, 4461727.182280640117824 ], [ 7329989.845580864697695, 4461139.062946029938757 ], [ 7327407.583893667906523, 4460895.799652276560664 ], [ 7327286.39432629942894, 4460096.693825256079435 ], [ 7326530.662782380357385, 4459136.230964608490467 ], [ 7326160.654461442492902, 4458993.820216506719589 ], [ 7325842.554822570644319, 4458643.086963484995067 ], [ 7325472.491961423307657, 4458501.202126470394433 ], [ 7325035.502244706265628, 4458019.015855652280152 ], [ 7324424.523644641973078, 4458118.985743262805045 ], [ 7324077.707034185528755, 4458440.973331354558468 ], [ 7323178.873051854781806, 4458465.221270111389458 ], [ 7323180.350350219756365, 4457732.957963085733354 ], [ 7322902.880167588591576, 4457333.568735763430595 ], [ 7322884.472597067244351, 4457063.734446357935667 ], [ 7322925.548936933279037, 4455407.108201258815825 ], [ 7322647.969418872147799, 4455007.739819191396236 ], [ 7322629.528365540318191, 4454737.90054546482861 ] ] ] } },
{ "type": "Feature", "properties": { "id": "0003000000000000669f", "COAST": 0, "DIST_MAIN": 87.5, "DIST_SINK": 87.5, "ENDO": 0, "HYBAS_ID": 2121225110, "MAIN_BAS": 2120014560, "NEXT_DOWN": 2121225190, "NEXT_SINK": 2120014560, "ORDER": 1, "PFAF_ID": 215001205140, "SORT": 23611, "SUB_AREA": 130.7, "UP_AREA": 275.6 }, "geometry": { "type": "Polygon", "coordinates": [ [ [ 7320292.9355394160375, 4466779.678961445577443 ], [ 7320550.4617431005463, 4463084.009185897186399 ], [ 7321166.162058625370264, 4462906.675958327017725 ], [ 7322021.846198945306242, 4461760.597352715209126 ], [ 7321911.161958737298846, 4461279.694919656030834 ], [ 7321644.239533827640116, 4461177.09796154499054 ], [ 7321702.824815656989813, 4460934.3395442571491 ], [ 7322726.66729523614049, 4459617.137062286958098 ], [ 7322880.99382614530623, 4458551.033103358931839 ], [ 7323178.873051854781806, 4458465.221270111389458 ], [ 7324077.707034185528755, 4458440.973331354558468 ], [ 7324424.523644641973078, 4458118.985743262805045 ], [ 7325035.502244706265628, 4458019.015855652280152 ], [ 7325472.491961423307657, 4458501.202126470394433 ], [ 7325842.554822570644319, 4458643.086963484995067 ], [ 7326160.654461442492902, 4458993.820216506719589 ], [ 7326530.662782380357385, 4459136.230964608490467 ], [ 7327286.39432629942894, 4460096.693825256079435 ], [ 7327407.583893667906523, 4460895.799652276560664 ], [ 7329989.845580864697695, 4461139.062946029938757 ], [ 7330483.931610465049744, 4461727.182280640117824 ], [ 7330156.863104550167918, 4462226.681424411945045 ], [ 7330077.663725257851183, 4462932.316340753808618 ], [ 7330114.994962712749839, 4463179.243754883296788 ], [ 7330353.402079115621746, 4463624.818762010894716 ], [ 7330408.043952581472695, 4464581.63431391865015 ], [ 7330979.639902972616255, 4465504.261832224205136 ], [ 7330890.977110360749066, 4469696.177272609435022 ], [ 7331795.294066622853279, 4471096.961074597202241 ], [ 7331835.328288457356393, 4472374.808822896331549 ], [ 7331082.517875419929624, 4473381.163585918024182 ], [ 7330935.154367856681347, 4473988.644479736685753 ], [ 7330364.150155902840197, 4474152.230388555675745 ], [ 7330276.06165031529963, 4474517.031680677086115 ], [ 7329031.40039455331862, 4474399.268272997811437 ], [ 7328714.186563537456095, 4474048.355874514207244 ], [ 7328240.640131989493966, 4473866.021418820135295 ], [ 7328172.552381597459316, 4472670.769125448539853 ], [ 7327698.907573264092207, 4472488.479879542253911 ], [ 7327371.423687151633203, 4472126.29625966027379 ], [ 7327013.57467576675117, 4472458.521739603020251 ], [ 7326279.636003283783793, 4472552.85983846988529 ], [ 7325798.313673683442175, 4473033.867749155499041 ], [ 7325644.093000276014209, 4474096.487812850624323 ], [ 7324479.799633054994047, 4475583.993008290417492 ], [ 7323502.994138582609594, 4475610.065752276219428 ], [ 7323561.596481535583735, 4475367.325668435543776 ], [ 7324220.267463967204094, 4474484.595512344501913 ], [ 7323973.521893187426031, 4474023.986527588218451 ], [ 7323898.691565974615514, 4473529.693457624875009 ], [ 7322993.367741259746253, 4472129.921530264429748 ], [ 7322918.456953418441117, 4471635.154174925759435 ], [ 7322346.152174757793546, 4470712.66437657456845 ], [ 7322284.244063335470855, 4469640.722362197935581 ], [ 7321846.065328462049365, 4469119.964841653592885 ], [ 7321384.010098050348461, 4468942.571618773043156 ], [ 7321327.513854558579624, 4468571.508639137260616 ], [ 7320973.720232408493757, 4468556.349843324162066 ], [ 7320955.938530414365232, 4467847.046412792056799 ], [ 7320292.9355394160375, 4466779.678961445577443 ] ] ] } },
{ "type": "Feature", "properties": { "id": "000300000000000066a0", "COAST": 0, "DIST_MAIN": 100.4, "DIST_SINK": 100.4, "ENDO": 0, "HYBAS_ID": 2121224720, "MAIN_BAS": 2120014560, "NEXT_DOWN": 2121225110, "NEXT_SINK": 2120014560, "ORDER": 1, "PFAF_ID": 215001205150, "SORT": 23612, "SUB_AREA": 144.9, "UP_AREA": 144.9 }, "geometry": { "type": "Polygon", "coordinates": [ [ [ 7313336.203137395903468, 4473325.832340628840029 ], [ 7313394.495916510932148, 4473082.535055748187006 ], [ 7313669.804458583705127, 4472659.569229753687978 ], [ 7313805.777970401570201, 4471711.048402179032564 ], [ 7314463.47585082333535, 4470827.509845392778516 ], [ 7314216.395440050400794, 4470367.28501277975738 ], [ 7314197.430014368146658, 4468369.868259147740901 ], [ 7313902.327874384820461, 4468256.927970767021179 ], [ 7313943.486056890338659, 4467989.137498186901212 ], [ 7314253.320261489599943, 4467615.177864868193865 ], [ 7314336.017188327386975, 4467080.103675031103194 ], [ 7314645.923230154439807, 4466705.664606836624444 ], [ 7314725.854912689886987, 4465514.014580282382667 ], [ 7315269.812701494432986, 4465473.434228291735053 ], [ 7315615.934797728434205, 4465151.08185166772455 ], [ 7316110.38406625110656, 4465008.389496233314276 ], [ 7316296.557493183761835, 4463019.578905820846558 ], [ 7316572.343438777141273, 4462596.193045235238969 ], [ 7316630.756802844814956, 4462353.411076853983104 ], [ 7316821.261751862242818, 4462298.027312537655234 ], [ 7317167.583481246605515, 4461975.734687780030072 ], [ 7317682.633283779025078, 4461827.056854131631553 ], [ 7318046.16900550853461, 4461269.693908642977476 ], [ 7318222.418381853029132, 4460539.417365136556327 ], [ 7318627.743073122575879, 4460985.660028699785471 ], [ 7320059.426223033107817, 4461172.845364145934582 ], [ 7320496.51639788877219, 4461654.250612198375165 ], [ 7320752.982033768668771, 4461539.340751739218831 ], [ 7321099.899648117832839, 4461217.236940491944551 ], [ 7321644.239533827640116, 4461177.09796154499054 ], [ 7321911.161958737298846, 4461279.694919656030834 ], [ 7322021.846198945306242, 4461760.597352715209126 ], [ 7321166.162058625370264, 4462906.675958327017725 ], [ 7320550.4617431005463, 4463084.009185897186399 ], [ 7320292.9355394160375, 4466779.678961445577443 ], [ 7320955.938530414365232, 4467847.046412792056799 ], [ 7320973.720232408493757, 4468556.349843324162066 ], [ 7321327.513854558579624, 4468571.508639137260616 ], [ 7321384.010098050348461, 4468942.571618773043156 ], [ 7321846.065328462049365, 4469119.964841653592885 ], [ 7322284.244063335470855, 4469640.722362197935581 ], [ 7322346.152174757793546, 4470712.66437657456845 ], [ 7322918.456953418441117, 4471635.154174925759435 ], [ 7322993.367741259746253, 4472129.921530264429748 ], [ 7323898.691565974615514, 4473529.693457624875009 ], [ 7323973.521893187426031, 4474023.986527588218451 ], [ 7324220.267463967204094, 4474484.595512344501913 ], [ 7323561.596481535583735, 4475367.325668435543776 ], [ 7323502.994138582609594, 4475610.065752276219428 ], [ 7323217.642322932370007, 4475692.37186131067574 ], [ 7323070.952913728542626, 4476299.970548009499907 ], [ 7322707.561245342716575, 4476857.574804693460464 ], [ 7322193.359266390092671, 4477005.85264811757952 ], [ 7321847.025282400660217, 4477327.876692255958915 ], [ 7321467.071168244816363, 4477437.382905486039817 ], [ 7320747.952307494357228, 4478206.715873527340591 ], [ 7320256.501865448430181, 4478348.657820551656187 ], [ 7320086.952306867577136, 4479875.922655174508691 ], [ 7319438.444162199273705, 4480745.987393657676876 ], [ 7319321.528205135837197, 4481232.009683434851468 ], [ 7319046.124266955070198, 4481654.774466561153531 ], [ 7318929.220468733459711, 4482141.308024846017361 ], [ 7318566.018560697324574, 4482698.57146627176553 ], [ 7318052.307619009166956, 4482847.103324670344591 ], [ 7317706.78170439042151, 4483169.316393432207406 ], [ 7317164.073621243238449, 4483209.154850093647838 ], [ 7317076.309398527257144, 4483574.049886050634086 ], [ 7316791.345990636385977, 4483656.579931790009141 ], [ 7316772.705496127717197, 4483382.790656167082489 ], [ 7315661.77269637119025, 4481795.7997225522995 ], [ 7315251.878196096979082, 4481699.701555727049708 ], [ 7314809.854810753837228, 4481064.207598117180169 ], [ 7314811.413530857302248, 4479599.702180345542729 ], [ 7314534.885695846751332, 4479200.616301449947059 ], [ 7314536.340581277385354, 4477736.116164295934141 ], [ 7314259.315432210452855, 4477337.521985098719597 ], [ 7314261.066484982147813, 4475872.553946015425026 ], [ 7313316.127543616108596, 4474519.991670816205442 ], [ 7313336.203137395903468, 4473325.832340628840029 ] ] ] } },
{ "type": "Feature", "properties": { "id": "000300000000000066a1", "COAST": 0, "DIST_MAIN": 30.1, "DIST_SINK": 30.1, "ENDO": 0, "HYBAS_ID": 2120640200, "MAIN_BAS": 2120014580, "NEXT_DOWN": 2120014580, "NEXT_SINK": 2120014580, "ORDER": 1, "PFAF_ID": 215001403000, "SORT": 23615, "SUB_AREA": 145.4, "UP_AREA": 830.8 }, "geometry": { "type": "Polygon", "coordinates": [ [ [ 7358186.448632977902889, 4453566.03268788009882 ], [ 7358281.644591767340899, 4453178.931879887357354 ], [ 7359500.829211389645934, 4451839.010073929093778 ], [ 7360237.50640475936234, 4451747.760724186897278 ], [ 7360586.677661117166281, 4451427.346989539451897 ], [ 7360968.665650524199009, 4451319.704686312004924 ], [ 7362071.000471398234367, 4450108.879247396253049 ], [ 7362807.901043351739645, 4450017.868301136419177 ], [ 7363533.961405837908387, 4449252.657124053686857 ], [ 7363916.488309869542718, 4449145.172481175512075 ], [ 7364276.734275290742517, 4448814.031056960113347 ], [ 7364614.268266706727445, 4449189.766198038123548 ], [ 7364974.895960703492165, 4448859.168515333905816 ], [ 7365357.120493453927338, 4448751.241315450519323 ], [ 7366083.558011191897094, 4447986.2539146784693 ], [ 7366684.173144946806133, 4447817.092123497277498 ], [ 7366632.732832769863307, 4446658.915297668427229 ], [ 7366342.167297741398215, 4446545.65813519898802 ], [ 7366364.578516414389014, 4446083.676360273733735 ], [ 7366009.586334569379687, 4446066.463252034038305 ], [ 7365992.628237899392843, 4445795.935337274335325 ], [ 7365660.5361254112795, 4445313.326040859334171 ], [ 7365809.851226451806724, 4443470.810627879574895 ], [ 7366500.462324995547533, 4442653.501875394955277 ], [ 7366588.676847155205905, 4441461.951171978376806 ], [ 7367226.378755694255233, 4441574.686423995532095 ], [ 7367306.476997323334217, 4442849.775137566030025 ], [ 7367737.935595034621656, 4443302.093838005326688 ], [ 7368099.307281685993075, 4443457.009810068644583 ], [ 7368425.294579675421119, 4443798.633228019811213 ], [ 7369597.973819705657661, 4444006.614238713867962 ], [ 7370603.551660197786987, 4445586.93390613142401 ], [ 7370685.205355556681752, 4446071.385636329650879 ], [ 7370913.1802739193663, 4446528.81643139757216 ], [ 7371030.423608281649649, 4447225.258218480274081 ], [ 7371437.511952459812164, 4447652.843717021867633 ], [ 7371798.223238008096814, 4447807.942504475824535 ], [ 7372123.851604888215661, 4448149.751306967809796 ], [ 7372484.909229231998324, 4448304.908416578546166 ], [ 7373142.510303258895874, 4449126.764722468331456 ], [ 7375276.707413161173463, 4449369.962853307835758 ], [ 7375602.11111056804657, 4449711.930186000652611 ], [ 7375782.374218026176095, 4449789.834679074585438 ], [ 7375759.360672224313021, 4450251.823758029378951 ], [ 7375736.320678294636309, 4450714.303919012658298 ], [ 7375692.965399513952434, 4450981.398990254849195 ], [ 7375379.250903602689505, 4451353.54324984177947 ], [ 7375269.130497042089701, 4452350.686324873939157 ], [ 7374924.778126087971032, 4452759.001047583296895 ], [ 7375917.071936585940421, 4454198.34379964787513 ], [ 7375195.119038842618465, 4455050.930142355151474 ], [ 7375108.008331916294992, 4455586.094579585827887 ], [ 7374417.346429258584976, 4456402.113679516129196 ], [ 7374330.667893638834357, 4456937.298344099894166 ], [ 7373830.308777021244168, 4457529.771968017332256 ], [ 7373411.26723950356245, 4457587.808958198875189 ], [ 7373096.141115573234856, 4457956.961505244486034 ], [ 7372533.899349298328161, 4457968.27090578339994 ], [ 7371621.072960959747434, 4457883.957836111076176 ], [ 7371343.943720171228051, 4457485.509344227612019 ], [ 7369872.644239299930632, 4457334.708908159285784 ], [ 7369595.397619279101491, 4456936.331551823765039 ], [ 7369186.75147386547178, 4456837.439270447939634 ], [ 7368909.453564993105829, 4456439.09233201853931 ], [ 7368561.423704992048442, 4456343.707200367935002 ], [ 7368182.033087814226747, 4456788.22683519590646 ], [ 7367766.061000163666904, 4456846.725288185290992 ], [ 7367450.835799468681216, 4457216.077008436433971 ], [ 7364969.528508638963103, 4457173.670772956684232 ], [ 7364303.441739219240844, 4456214.782675415277481 ], [ 7362832.28736489918083, 4456065.399471123702824 ], [ 7362554.268676134757698, 4455667.291510192677379 ], [ 7361791.356021181680262, 4455551.769947312772274 ], [ 7361513.617458052001894, 4455154.215712889097631 ], [ 7360811.315735999494791, 4455041.708608236163855 ], [ 7360432.36614338029176, 4455486.589883530512452 ], [ 7360076.729800681583583, 4455548.397234898991883 ], [ 7359741.99578217882663, 4455069.378826181404293 ], [ 7359333.179952246136963, 4454971.034857562743127 ], [ 7359055.317267044447362, 4454573.091308342292905 ], [ 7358646.829119375906885, 4454475.298770473338664 ], [ 7358203.831437222659588, 4453840.009918090887368 ], [ 7358186.448632977902889, 4453566.03268788009882 ] ] ] } },
{ "type": "Feature", "properties": { "id": "000300000000000066a2", "COAST": 0, "DIST_MAIN": 45.3, "DIST_SINK": 45.3, "ENDO": 0, "HYBAS_ID": 2120641110, "MAIN_BAS": 2120014580, "NEXT_DOWN": 2120640200, "NEXT_SINK": 2120014580, "ORDER": 1, "PFAF_ID": 215001405000, "SORT": 23618, "SUB_AREA": 127.9, "UP_AREA": 530.5 }, "geometry": { "type": "Polygon", "coordinates": [ [ [ 7354743.932114819996059, 4443676.02826258726418 ], [ 7354786.544899630360305, 4443408.866534722037613 ], [ 7355476.236558374017477, 4442590.658308861777186 ], [ 7355561.54966951534152, 4442055.347711034119129 ], [ 7355874.488378092646599, 4441682.921113413758576 ], [ 7355917.15894895978272, 4441415.267635708674788 ], [ 7355938.897066534496844, 4440953.30910091008991 ], [ 7355644.997202534228563, 4440839.354364411905408 ], [ 7355627.521615366451442, 4440012.20195934548974 ], [ 7355982.391229487024248, 4440028.891261766664684 ], [ 7356171.114149416796863, 4440096.759114146232605 ], [ 7356587.790026101283729, 4440579.375500561669469 ], [ 7357077.812845046631992, 4440394.289954537525773 ], [ 7357057.908796003088355, 4438903.251952483318746 ], [ 7356729.505417271517217, 4438315.72532778326422 ], [ 7356836.61712636705488, 4437966.3464630022645 ], [ 7357121.571284257806838, 4437553.475709762424231 ], [ 7357235.19265762064606, 4437058.665280249901116 ], [ 7357520.193879939615726, 4436645.808165855705738 ], [ 7357634.222531154751778, 4436151.02102218568325 ], [ 7358296.212235648185015, 4435292.49757918715477 ], [ 7358475.446333693340421, 4433411.810647236183286 ], [ 7358760.648859764449298, 4432998.495742977596819 ], [ 7358918.485161102376878, 4431579.792274855077267 ], [ 7359203.748062855564058, 4431166.982208266854286 ], [ 7359339.400360098108649, 4430210.230659840628505 ], [ 7360002.394495422951877, 4429351.830265344120562 ], [ 7360059.10920599848032, 4429104.682232966646552 ], [ 7360956.022661413066089, 4429210.216289868578315 ], [ 7361273.717948332428932, 4429562.423763752914965 ], [ 7362000.5458859289065, 4429722.962696323171258 ], [ 7362318.55399280693382, 4430075.231063164770603 ], [ 7363400.648171124048531, 4430253.369629824534059 ], [ 7363838.887210682034492, 4430776.555111464112997 ], [ 7363896.097692620009184, 4431849.620213920250535 ], [ 7364133.933606163598597, 4432295.810314011760056 ], [ 7364165.34540206938982, 4433832.661801983602345 ], [ 7364645.041370365768671, 4434018.820020451210439 ], [ 7365063.295898853801191, 4434483.149711600504816 ], [ 7365162.126438239589334, 4435153.227727136574686 ], [ 7365399.756765347905457, 4435599.46571631450206 ], [ 7365472.684024268761277, 4436094.287164242938161 ], [ 7365710.240351136773825, 4436541.032947639003396 ], [ 7365783.505822561681271, 4437035.877119110897183 ], [ 7366021.004025399684906, 4437482.641229240223765 ], [ 7366057.440542270429432, 4437729.811008345335722 ], [ 7365962.717326764948666, 4440311.183156544342637 ], [ 7366571.326014447957277, 4441191.407493775710464 ], [ 7366588.676847155205905, 4441461.951171978376806 ], [ 7366500.462324995547533, 4442653.501875394955277 ], [ 7365809.851226451806724, 4443470.810627879574895 ], [ 7365660.5361254112795, 4445313.326040859334171 ], [ 7365992.628237899392843, 4445795.935337274335325 ], [ 7366009.586334569379687, 4446066.463252034038305 ], [ 7365888.947703279554844, 4446553.424043968319893 ], [ 7365485.258350836113095, 4446104.041028380393982 ], [ 7364530.000644441694021, 4445931.940253389067948 ], [ 7364050.218212993815541, 4446371.848774720914662 ], [ 7363792.056843855418265, 4446485.831541439518332 ], [ 7363356.834888394922018, 4446001.338330606929958 ], [ 7359793.198641458526254, 4445704.814112519845366 ], [ 7359476.234238785691559, 4445352.627709639258683 ], [ 7358750.946447780355811, 4445191.736554343253374 ], [ 7358433.911544652655721, 4444839.596059606410563 ], [ 7356998.853902979753911, 4444645.736705251969397 ], [ 7356681.723541470244527, 4444293.679550630971789 ], [ 7355601.247840540483594, 4444116.351572535932064 ], [ 7355284.030784313566983, 4443764.359620794653893 ], [ 7354743.932114819996059, 4443676.02826258726418 ] ] ] } },
{ "type": "Feature", "properties": { "id": "000300000000000066a3", "COAST": 0, "DIST_MAIN": 58.0, "DIST_SINK": 58.0, "ENDO": 0, "HYBAS_ID": 2120641880, "MAIN_BAS": 2120014580, "NEXT_DOWN": 2120641110, "NEXT_SINK": 2120014580, "ORDER": 1, "PFAF_ID": 215001407100, "SORT": 23620, "SUB_AREA": 123.5, "UP_AREA": 260.1 }, "geometry": { "type": "Polygon", "coordinates": [ [ [ 7336379.507807625457644, 4439684.670565254054964 ], [ 7336544.821787034161389, 4439237.094616995193064 ], [ 7336811.682841981761158, 4439151.344420771114528 ], [ 7336832.262539701536298, 4438688.911734102293849 ], [ 7336894.812425839714706, 4437959.24900886695832 ], [ 7338333.960872067138553, 4436247.308521205559373 ], [ 7338376.002665256150067, 4435979.595700254663825 ], [ 7338936.027658605016768, 4436043.780463147908449 ], [ 7339216.06821908056736, 4436440.888577475212514 ], [ 7340336.023549154400826, 4436569.921923094429076 ], [ 7340644.237408571876585, 4437007.499933471903205 ], [ 7341551.260108852759004, 4435928.312622190453112 ], [ 7341636.094995379447937, 4435389.967331527732313 ], [ 7342137.021092880517244, 4434798.524279814213514 ], [ 7342700.663650366477668, 4434784.843494659289718 ], [ 7344326.748638086952269, 4434897.696074928157032 ], [ 7344606.204276801086962, 4435294.995997210033238 ], [ 7346081.776028028689325, 4435440.549861209467053 ], [ 7346361.124405145645142, 4435837.921293939463794 ], [ 7347481.160743205808103, 4435968.010403590276837 ], [ 7348151.3933807304129, 4436925.127397862263024 ], [ 7348508.098768353462219, 4436862.729378996416926 ], [ 7348887.031684907153249, 4436417.245174743235111 ], [ 7349591.172788684256375, 4436528.016251074150205 ], [ 7349870.298480563797057, 4436925.531548661179841 ], [ 7350635.179922777228057, 4437039.715533367358148 ], [ 7350914.611019589006901, 4437437.288183785043657 ], [ 7351679.0798862259835, 4437551.06754625402391 ], [ 7351958.441569255664945, 4437948.681929399259388 ], [ 7352367.899392046965659, 4438046.04210926219821 ], [ 7352980.57644822075963, 4438922.684207770973444 ], [ 7353390.350849880836904, 4439020.126500775106251 ], [ 7353669.182828854769468, 4439417.794475644826889 ], [ 7354433.797742608003318, 4439532.377209858037531 ], [ 7354712.552015667781234, 4439930.096313199959695 ], [ 7355627.521615366451442, 4440012.20195934548974 ], [ 7355644.997202534228563, 4440839.354364411905408 ], [ 7355938.897066534496844, 4440953.30910091008991 ], [ 7355917.15894895978272, 4441415.267635708674788 ], [ 7355874.488378092646599, 4441682.921113413758576 ], [ 7355561.54966951534152, 4442055.347711034119129 ], [ 7355476.236558374017477, 4442590.658308861777186 ], [ 7354786.544899630360305, 4443408.866534722037613 ], [ 7354743.932114819996059, 4443676.02826258726418 ], [ 7354558.52054104860872, 4443604.382542949169874 ], [ 7354241.241348430514336, 4443252.42712701484561 ], [ 7353515.670317645184696, 4443092.555275339633226 ], [ 7353198.312837294302881, 4442740.655448442324996 ], [ 7352117.585378212854266, 4442563.852178237400949 ], [ 7351800.149173586629331, 4442212.016607730649412 ], [ 7349424.494612881913781, 4441975.963414272293448 ], [ 7348945.483429143205285, 4442416.782146245241165 ], [ 7346558.367738730274141, 4442433.365276816301048 ], [ 7346110.281425259076059, 4441937.534912877716124 ], [ 7344881.951677095144987, 4443291.455754021182656 ], [ 7344693.983611013740301, 4444058.53084797039628 ], [ 7343865.494628694839776, 4444162.526352164335549 ], [ 7343141.20803733728826, 4444930.016172020696104 ], [ 7342663.676287206821144, 4445065.946168010123074 ], [ 7342514.785853756591678, 4445673.245157605968416 ], [ 7341861.509292680770159, 4446541.682733347639441 ], [ 7341802.198862325400114, 4446784.822449795901775 ], [ 7341243.001062303781509, 4446719.877974792383611 ], [ 7340963.519377648830414, 4446322.663615670986474 ], [ 7340554.445663472637534, 4446225.900753020308912 ], [ 7339607.369588696397841, 4444872.419775785878301 ], [ 7339402.595552956685424, 4444824.062228194437921 ], [ 7339377.474812461063266, 4443985.887754055671394 ], [ 7338443.844848879612982, 4443765.112758044153452 ], [ 7338418.892173508182168, 4441628.065949603915215 ], [ 7337474.017191530205309, 4441404.957479625940323 ], [ 7336379.507807625457644, 4439684.670565254054964 ] ] ] } },
{ "type": "Feature", "properties": { "id": "000300000000000066a4", "COAST": 0, "DIST_MAIN": 80.2, "DIST_SINK": 80.2, "ENDO": 0, "HYBAS_ID": 2121227270, "MAIN_BAS": 2120014580, "NEXT_DOWN": 2120641880, "NEXT_SINK": 2120014580, "ORDER": 1, "PFAF_ID": 215001407200, "SORT": 23622, "SUB_AREA": 136.9, "UP_AREA": 136.9 }, "geometry": { "type": "Polygon", "coordinates": [ [ [ 7325272.397468621842563, 4442813.62904036603868 ], [ 7325458.443016642704606, 4442751.273577254265547 ], [ 7326190.949858019128442, 4441997.001536531373858 ], [ 7326733.684096661396325, 4441816.286223422735929 ], [ 7327062.501213980838656, 4441277.531668405048549 ], [ 7327240.982384918257594, 4440151.059871328994632 ], [ 7327710.556418368592858, 4439747.740041431970894 ], [ 7328189.399944755248725, 4439588.131647154688835 ], [ 7328385.905847336165607, 4438348.486000603064895 ], [ 7328855.644957178272307, 4437945.222497533075511 ], [ 7329732.721523041836917, 4437814.402982975356281 ], [ 7330082.807701580226421, 4437241.480341146700084 ], [ 7330268.134586260654032, 4435706.535479317419231 ], [ 7330757.443305237218738, 4435244.751977900974452 ], [ 7331092.809667591936886, 4435587.932466687634587 ], [ 7331808.101391717791557, 4435758.957793412730098 ], [ 7332281.162977239117026, 4436243.01170228049159 ], [ 7333322.935644131153822, 4436132.190530458465219 ], [ 7333424.034718714654446, 4435297.207583462819457 ], [ 7334060.928088318556547, 4435251.424673129804432 ], [ 7334154.847326540388167, 4434866.074065991677344 ], [ 7334791.762954310514033, 4434820.841362029314041 ], [ 7334885.725430067628622, 4434435.499076793901622 ], [ 7336514.934623224660754, 4434468.019058413803577 ], [ 7336829.251514009200037, 4434097.926224346272647 ], [ 7337748.009127438999712, 4434099.15773135330528 ], [ 7337766.432739548385143, 4434369.5673972312361 ], [ 7338044.217263982631266, 4434768.984895864501595 ], [ 7338080.267497382126749, 4435309.771077091805637 ], [ 7338357.993773118592799, 4435709.204498414881527 ], [ 7338376.002665256150067, 4435979.595700254663825 ], [ 7338333.960872067138553, 4436247.308521205559373 ], [ 7336894.812425839714706, 4437959.24900886695832 ], [ 7336832.262539701536298, 4438688.911734102293849 ], [ 7336811.682841981761158, 4439151.344420771114528 ], [ 7336544.821787034161389, 4439237.094616995193064 ], [ 7336379.507807625457644, 4439684.670565254054964 ], [ 7337474.017191530205309, 4441404.957479625940323 ], [ 7338418.892173508182168, 4441628.065949603915215 ], [ 7338443.844848879612982, 4443765.112758044153452 ], [ 7339377.474812461063266, 4443985.887754055671394 ], [ 7339402.595552956685424, 4444824.062228194437921 ], [ 7339360.523292619735003, 4445091.766874213702977 ], [ 7339048.583183789625764, 4445464.815818602219224 ], [ 7338964.092179014347494, 4445999.717649454250932 ], [ 7337715.415064530447125, 4447487.490091875195503 ], [ 7336648.148654852062464, 4447518.610547942109406 ], [ 7336311.639496730640531, 4447040.253461415879428 ], [ 7335962.91240964550525, 4446946.428146648220718 ], [ 7335398.946972543373704, 4447614.141558359377086 ], [ 7335252.960543999448419, 4449538.857939119450748 ], [ 7334910.874089469201863, 4449948.844882251694798 ], [ 7335548.998335562646389, 4450865.26692371070385 ], [ 7335588.87882265355438, 4451326.923586730845273 ], [ 7335213.903386231511831, 4451776.568461131304502 ], [ 7335171.600679784081876, 4452044.268295891582966 ], [ 7333462.674624507315457, 4452044.290071813389659 ], [ 7333358.773844203911722, 4452889.563810609281063 ], [ 7333173.460481102578342, 4452818.433268316090107 ], [ 7332855.730363309383392, 4452467.412677749991417 ], [ 7332392.786034843884408, 4452289.402775699272752 ], [ 7332280.334385662339628, 4451547.5671441629529 ], [ 7331631.216431310400367, 4451297.967850087210536 ], [ 7331984.039754450321198, 4450759.488620702177286 ], [ 7332102.357536263763905, 4450273.61711204238236 ], [ 7332379.453627571463585, 4449850.734643530100584 ], [ 7332551.366684566251934, 4448140.765536157414317 ], [ 7332223.212321643717587, 4447528.696136489510536 ], [ 7332148.006066348403692, 4447034.306487590074539 ], [ 7331787.505673763342202, 4446411.915212915278971 ], [ 7330746.723736928775907, 4446228.995799378491938 ], [ 7330269.139657968655229, 4446671.404373473487794 ], [ 7328238.525081733241677, 4446708.705611370503902 ], [ 7327801.26649297773838, 4446226.901539706625044 ], [ 7327430.225710801780224, 4446084.450465018860996 ], [ 7327010.658957880921662, 4445622.299579618498683 ], [ 7326946.386965641751885, 4445200.816650735214353 ], [ 7326889.804620861075819, 4444829.720805763266981 ], [ 7326611.847003017552197, 4444723.048980438150465 ], [ 7326407.022436779923737, 4444675.058341020718217 ], [ 7326127.114139944314957, 4444278.465122729539871 ], [ 7325922.274620564654469, 4444230.48368741478771 ], [ 7325903.890291837975383, 4443960.138775832951069 ], [ 7325290.840905711054802, 4443083.467528252862394 ], [ 7325272.397468621842563, 4442813.62904036603868 ] ] ] } },
{ "type": "Feature", "properties": { "id": "000300000000000066b8", "COAST": 0, "DIST_MAIN": 9.8, "DIST_SINK": 9.8, "ENDO": 0, "HYBAS_ID": 2120647280, "MAIN_BAS": 2120015200, "NEXT_DOWN": 2120015200, "NEXT_SINK": 2120015200, "ORDER": 1, "PFAF_ID": 215001780310, "SORT": 23732, "SUB_AREA": 125.9, "UP_AREA": 448.7 }, "geometry": { "type": "Polygon", "coordinates": [ [ [ 7328184.855791005305946, 4415812.865099446848035 ], [ 7328324.876408813521266, 4413970.267094403505325 ], [ 7328636.908979514613748, 4413596.736850077286363 ], [ 7328678.99577153660357, 4413329.004316645674407 ], [ 7328797.377646245062351, 4412841.601406686939299 ], [ 7329324.69540617801249, 4413419.773382478393614 ], [ 7330030.808695311658084, 4413305.599736914969981 ], [ 7330440.926993619650602, 4412724.805130747146904 ], [ 7330559.012357847765088, 4412238.385148512199521 ], [ 7331222.942007627338171, 4411356.452457515522838 ], [ 7330884.139304381795228, 4410729.340714246965945 ], [ 7330995.20774204749614, 4410405.64622541423887 ], [ 7332026.31406987644732, 4409089.270004451274872 ], [ 7332085.388737355358899, 4408846.565750081092119 ], [ 7332442.026940922252834, 4408862.077243636362255 ], [ 7332651.246742381714284, 4408831.54050301015377 ], [ 7333030.298759956844151, 4408385.252776804380119 ], [ 7333383.13153275474906, 4408479.913214051164687 ], [ 7334165.271585984155536, 4409593.794680839404464 ], [ 7334202.242921553552151, 4410137.496814657002687 ], [ 7334650.193587113171816, 4410771.053211307153106 ], [ 7335061.642174002714455, 4410867.882449181750417 ], [ 7335342.617033095099032, 4411264.740353746339679 ], [ 7336466.346383757889271, 4411392.466916064731777 ], [ 7337083.341414712369442, 4412267.04523887578398 ], [ 7337494.309766702353954, 4412363.995060879737139 ], [ 7337775.477477815002203, 4412760.969530107453465 ], [ 7338542.900004778057337, 4412873.271265245042741 ], [ 7339159.511509229429066, 4413748.537363600917161 ], [ 7339721.196033666841686, 4413812.669232590124011 ], [ 7339657.006072763353586, 4415931.286633988842368 ], [ 7339935.492295795120299, 4416331.224016985855997 ], [ 7339975.231043560430408, 4416792.873120182193816 ], [ 7338845.351934392936528, 4418134.565191158093512 ], [ 7338744.187370643019676, 4419053.282049698755145 ], [ 7339079.260168055072427, 4419534.508914046920836 ], [ 7339033.155389148741961, 4421923.518730539828539 ], [ 7339311.429290214553475, 4422322.949598736129701 ], [ 7339226.812006262131035, 4424904.028980874456465 ], [ 7338870.900261783972383, 4424888.153009595349431 ], [ 7338785.997214294038713, 4425235.72219595964998 ], [ 7338428.047591847367585, 4425394.705976329743862 ], [ 7337989.961287203244865, 4424911.870587022043765 ], [ 7336550.981669442728162, 4424722.171376053243876 ], [ 7336232.022209861315787, 4424371.085967100225389 ], [ 7334917.818488004617393, 4424186.724377079866827 ], [ 7334438.766578124836087, 4424628.959249086678028 ], [ 7333824.978169470094144, 4424727.85092387162149 ], [ 7333285.038541753776371, 4424134.315544575452805 ], [ 7333164.174378285184503, 4423341.139531845226884 ], [ 7332698.981179813854396, 4423163.20676451176405 ], [ 7332379.790817240253091, 4422812.299776190891862 ], [ 7331838.085231801494956, 4422725.721557402983308 ], [ 7331859.777352141216397, 4421528.532674402929842 ], [ 7330740.788749226368964, 4419939.309915464371443 ], [ 7329615.676768446341157, 4419811.742063933052123 ], [ 7328834.208742187358439, 4418697.791602904908359 ], [ 7328797.221599692478776, 4418157.605259002186358 ], [ 7328518.282291368581355, 4417758.105032340623438 ], [ 7328520.715713111683726, 4416293.573123153299093 ], [ 7328184.855791005305946, 4415812.865099446848035 ] ] ] } },
{ "type": "Feature", "properties": { "id": "000300000000000066b9", "COAST": 0, "DIST_MAIN": 30.5, "DIST_SINK": 30.5, "ENDO": 0, "HYBAS_ID": 2121228510, "MAIN_BAS": 2120015200, "NEXT_DOWN": 2120647280, "NEXT_SINK": 2120015200, "ORDER": 1, "PFAF_ID": 215001780320, "SORT": 23733, "SUB_AREA": 155.3, "UP_AREA": 322.9 }, "geometry": { "type": "Polygon", "coordinates": [ [ [ 7330214.103217924945056, 4427285.017392753623426 ], [ 7330780.853993902914226, 4427270.523471534252167 ], [ 7331655.125898157246411, 4426228.433361124247313 ], [ 7331819.398756481707096, 4423844.755673444829881 ], [ 7332162.26386539824307, 4423434.576329059898853 ], [ 7331856.426049350760877, 4422996.080165732651949 ], [ 7331838.085231801494956, 4422725.721557402983308 ], [ 7332379.790817240253091, 4422812.299776190891862 ], [ 7332698.981179813854396, 4423163.20676451176405 ], [ 7333164.174378285184503, 4423341.139531845226884 ], [ 7333285.038541753776371, 4424134.315544575452805 ], [ 7333824.978169470094144, 4424727.85092387162149 ], [ 7334438.766578124836087, 4424628.959249086678028 ], [ 7334917.818488004617393, 4424186.724377079866827 ], [ 7336232.022209861315787, 4424371.085967100225389 ], [ 7336550.981669442728162, 4424722.171376053243876 ], [ 7337989.961287203244865, 4424911.870587022043765 ], [ 7338428.047591847367585, 4425394.705976329743862 ], [ 7338785.997214294038713, 4425235.72219595964998 ], [ 7338870.900261783972383, 4424888.153009595349431 ], [ 7339226.812006262131035, 4424904.028980874456465 ], [ 7339311.429290214553475, 4422322.949598736129701 ], [ 7339033.155389148741961, 4421923.518730539828539 ], [ 7339079.260168055072427, 4419534.508914046920836 ], [ 7338744.187370643019676, 4419053.282049698755145 ], [ 7338845.351934392936528, 4418134.565191158093512 ], [ 7339975.231043560430408, 4416792.873120182193816 ], [ 7339935.492295795120299, 4416331.224016985855997 ], [ 7339657.006072763353586, 4415931.286633988842368 ], [ 7339721.196033666841686, 4413812.669232590124011 ], [ 7340638.917226130142808, 4413892.737069361843169 ], [ 7340976.960839368402958, 4414371.195740593597293 ], [ 7342761.373152708634734, 4414372.364771017804742 ], [ 7343261.771707217209041, 4413777.378912096843123 ], [ 7343366.354435922577977, 4412123.382318343035877 ], [ 7343505.099094370380044, 4410363.877131136134267 ], [ 7344162.29580270126462, 4410307.232976312749088 ], [ 7344348.254323086701334, 4410378.548960429616272 ], [ 7344667.943609244190156, 4410729.970016945153475 ], [ 7345487.218803631141782, 4410908.728273266926408 ], [ 7345609.577814677730203, 4411717.622441260144114 ], [ 7346030.30443905480206, 4412180.728181844577193 ], [ 7346758.993867463432252, 4412339.683514498174191 ], [ 7347078.485454733483493, 4412691.212864085100591 ], [ 7347807.093415275216103, 4412850.758282439783216 ], [ 7348126.131986227817833, 4413202.319729403592646 ], [ 7348498.231425477191806, 4413345.192083731293678 ], [ 7348817.599862314760685, 4413696.804533734917641 ], [ 7349715.971894547343254, 4413800.864929891191423 ], [ 7349734.133270329795778, 4414071.324570038355887 ], [ 7350012.219636385329068, 4414471.657716421410441 ], [ 7350008.977487718686461, 4415857.280671589076519 ], [ 7349631.655661786906421, 4416306.361243094317615 ], [ 7349419.232577286660671, 4420271.062039135955274 ], [ 7349214.187380084767938, 4420222.494659746997058 ], [ 7348933.900605049915612, 4419825.042347471229732 ], [ 7344668.718544062227011, 4419552.501378783024848 ], [ 7344289.372974167577922, 4419998.232772951945662 ], [ 7343515.626036759465933, 4420042.085547836497426 ], [ 7343013.817763827741146, 4420632.990982999093831 ], [ 7342928.864081651903689, 4421171.828272690065205 ], [ 7341485.857454421930015, 4422883.594910790212452 ], [ 7341401.571471696719527, 4423418.504380923695862 ], [ 7341088.802348591387272, 4423791.511447535827756 ], [ 7340983.799299828708172, 4424788.861261752434075 ], [ 7340294.496846566908062, 4425608.372597202658653 ], [ 7340210.996271698735654, 4426800.44722842425108 ], [ 7340148.208766681142151, 4427530.094336113892496 ], [ 7339805.016597065143287, 4427939.930099750868976 ], [ 7340110.202276259660721, 4428378.787830493412912 ], [ 7340004.783867817372084, 4432075.508554989472032 ], [ 7338690.456317883916199, 4433638.705299251712859 ], [ 7338271.000058877281845, 4433698.768117290921509 ], [ 7337956.568027261644602, 4434069.302364110946655 ], [ 7337748.009127438999712, 4434099.15773135330528 ], [ 7336829.251514009200037, 4434097.926224346272647 ], [ 7336514.934623224660754, 4434468.019058413803577 ], [ 7334885.725430067628622, 4434435.499076793901622 ], [ 7334848.28321485966444, 4434188.057594222016633 ], [ 7334608.917324425652623, 4433742.897555042989552 ], [ 7334655.916797039099038, 4430475.410102994181216 ], [ 7334416.410836384631693, 4430029.769818415865302 ], [ 7334322.437593082897365, 4429411.663094132207334 ], [ 7333858.033562004566193, 4429233.646044648252428 ], [ 7333419.556102922186255, 4428751.057873892597854 ], [ 7332360.087508057244122, 4428842.863884835503995 ], [ 7332165.820533266291022, 4429641.558596447110176 ], [ 7331706.722528328187764, 4430065.466066480614245 ], [ 7331515.322374239563942, 4430120.032577031292021 ], [ 7331310.106106723658741, 4430071.9295614073053 ], [ 7330192.533652127720416, 4428482.700154001824558 ], [ 7330214.103217924945056, 4427285.017392753623426 ] ] ] } },
{ "type": "Feature", "properties": { "id": "000300000000000066ba", "COAST": 0, "DIST_MAIN": 18.6, "DIST_SINK": 18.6, "ENDO": 0, "HYBAS_ID": 2121227430, "MAIN_BAS": 2120015220, "NEXT_DOWN": 2120015220, "NEXT_SINK": 2120015220, "ORDER": 1, "PFAF_ID": 215001792120, "SORT": 23737, "SUB_AREA": 160.1, "UP_AREA": 160.1 }, "geometry": { "type": "Polygon", "coordinates": [ [ [ 7314312.044930391944945, 4441424.011914936825633 ], [ 7314389.670484102331102, 4440718.798544645309448 ], [ 7315040.330778669565916, 4439848.180058863013983 ], [ 7315176.481304112821817, 4438899.681940395385027 ], [ 7315827.369764781557024, 4438029.116454279050231 ], [ 7315944.320578256621957, 4437543.041880128905177 ], [ 7316220.81620717048645, 4437119.604745503515005 ], [ 7316388.612908473238349, 4435599.235784731805325 ], [ 7316875.704081378877163, 4435112.771804993972182 ], [ 7317369.764479339122772, 4434970.459038907662034 ], [ 7317538.831845945678651, 4433443.206850253045559 ], [ 7319314.051487924531102, 4431231.344190856441855 ], [ 7319373.051208695396781, 4430988.093763715587556 ], [ 7319561.086479114368558, 4430928.63373076915741 ], [ 7320399.965445637702942, 4430053.390263644047081 ], [ 7321118.996596063487232, 4430222.998260556720197 ], [ 7321190.869372659362853, 4431306.110886937007308 ], [ 7322431.50683141220361, 4433190.933608993887901 ], [ 7322521.727047854103148, 4433496.504124118946493 ], [ 7322140.168669358827174, 4434104.560652658343315 ], [ 7322004.343516603112221, 4434863.276665691286325 ], [ 7322333.222125901840627, 4435501.531893968582153 ], [ 7322374.286900652572513, 4435744.566560781560838 ], [ 7322729.629610109142959, 4435759.698638220317662 ], [ 7322748.189952258020639, 4436030.018618606962264 ], [ 7325373.265799464657903, 4439770.240128472447395 ], [ 7325272.397468621842563, 4442813.62904036603868 ], [ 7325290.840905711054802, 4443083.467528252862394 ], [ 7325903.890291837975383, 4443960.138775832951069 ], [ 7325922.274620564654469, 4444230.48368741478771 ], [ 7326127.114139944314957, 4444278.465122729539871 ], [ 7326407.022436779923737, 4444675.058341020718217 ], [ 7326611.847003017552197, 4444723.048980438150465 ], [ 7326509.509540501050651, 4448205.444334073923528 ], [ 7326748.741945230402052, 4448650.355750501155853 ], [ 7326740.189404067583382, 4451075.97032109927386 ], [ 7326331.937730962410569, 4451193.070118731819093 ], [ 7326271.555322316475213, 4450797.028092588298023 ], [ 7325288.728704372420907, 4450685.189492185600102 ], [ 7324391.824376527220011, 4450713.43410290684551 ], [ 7324038.610439574345946, 4451027.248341536149383 ], [ 7323426.759157723747194, 4451135.253964843228459 ], [ 7322648.159468224272132, 4450167.917392377741635 ], [ 7322286.344492116943002, 4450488.866243520751595 ], [ 7320632.168188325129449, 4450552.613254840485752 ], [ 7320173.858092062175274, 4450070.38297666516155 ], [ 7318391.766650309786201, 4449860.665926661342382 ], [ 7317979.882962455041707, 4449427.114659164100885 ], [ 7317862.611690894700587, 4448737.962915246374905 ], [ 7317294.744502068497241, 4447808.395145097747445 ], [ 7317246.590756579302251, 4446268.037989696487784 ], [ 7316559.153428100980818, 4446079.654001143760979 ], [ 7316061.604238776490092, 4446522.042297517880797 ], [ 7315873.615509103983641, 4446581.057168995030224 ], [ 7315850.58549243118614, 4445877.574331127107143 ], [ 7315619.464192932471633, 4445422.025119731202722 ], [ 7315572.960000103339553, 4444014.076596311293542 ], [ 7315342.129320843145251, 4443558.557826060801744 ], [ 7315291.212349198758602, 4442016.671141772530973 ], [ 7314379.158745500259101, 4441804.306157612241805 ], [ 7314312.044930391944945, 4441424.011914936825633 ] ] ] } },
{ "type": "Feature", "properties": { "id": "000300000000000066be", "COAST": 0, "DIST_MAIN": 37.1, "DIST_SINK": 37.1, "ENDO": 0, "HYBAS_ID": 2120631090, "MAIN_BAS": 2120015310, "NEXT_DOWN": 2120632880, "NEXT_SINK": 2120015310, "ORDER": 1, "PFAF_ID": 215001850000, "SORT": 23754, "SUB_AREA": 182.7, "UP_AREA": 1797.3 }, "geometry": { "type": "Polygon", "coordinates": [ [ [ 7273167.963607216253877, 4497664.849710077978671 ], [ 7273246.153834868222475, 4496965.020227604545653 ], [ 7273510.118294308893383, 4496529.035037597641349 ], [ 7273666.17450129147619, 4495129.857974546961486 ], [ 7274668.864551387727261, 4493795.573685814626515 ], [ 7274844.766319294460118, 4493111.739998559467494 ], [ 7275283.569354111328721, 4492721.387450321577489 ], [ 7276229.833018316887319, 4492576.705597746185958 ], [ 7276233.053295870311558, 4489671.818330518901348 ], [ 7276001.73037089779973, 4489217.542242768220603 ], [ 7275958.18485498148948, 4488975.744101929478347 ], [ 7276499.966132099740207, 4488932.944835926406085 ], [ 7276843.685017408803105, 4488608.962437651120126 ], [ 7278279.695896543562412, 4488536.68727101944387 ], [ 7278623.510704703629017, 4488212.782370949164033 ], [ 7279002.121255129575729, 4488100.669094641692936 ], [ 7279345.989266784861684, 4487776.792097153142095 ], [ 7279724.620022847317159, 4487665.204175254330039 ], [ 7280068.16295744292438, 4487341.34901425614953 ], [ 7281242.284488616511226, 4487248.882553022354841 ], [ 7281332.803109589964151, 4486863.03584813978523 ], [ 7281539.565494534559548, 4486831.721263010986149 ], [ 7281848.797729601152241, 4486459.087317603640258 ], [ 7282055.566348996013403, 4486427.790205056779087 ], [ 7282097.778742391616106, 4486670.571995127014816 ], [ 7282331.216992888599634, 4487122.17476293630898 ], [ 7282415.204360167495906, 4487608.237195149064064 ], [ 7282648.593877456150949, 4488059.854797906242311 ], [ 7282732.915725763887167, 4488545.930599729530513 ], [ 7283084.100331425666809, 4489166.965571441687644 ], [ 7284697.773256283253431, 4489381.524023979902267 ], [ 7284783.095346730202436, 4490321.358594635501504 ], [ 7284037.746133273467422, 4491352.2709506964311 ], [ 7283924.711872399784625, 4492977.894778488203883 ], [ 7283907.077282575890422, 4493439.809253567829728 ], [ 7284259.219987032003701, 4493453.268232667818666 ], [ 7284241.562153877690434, 4493915.178142977878451 ], [ 7283836.0307452455163, 4494034.894766693934798 ], [ 7283839.692453980445862, 4496459.413145512342453 ], [ 7284079.361079999245703, 4496903.430000325664878 ], [ 7284156.331289217807353, 4497397.193877071142197 ], [ 7284395.969784392975271, 4497840.730688627809286 ], [ 7284492.292915621772408, 4498458.566813922487199 ], [ 7284953.466367459855974, 4498633.752549024298787 ], [ 7285270.969036729075015, 4498982.746747925877571 ], [ 7286863.335648262873292, 4499107.017184508033097 ], [ 7286788.158805716782808, 4499812.388991778716445 ], [ 7286515.251670463010669, 4500236.218286061659455 ], [ 7286293.578999944031239, 4503495.633611167781055 ], [ 7285597.599567679688334, 4504441.547326021827757 ], [ 7286095.162696462124586, 4505030.828555779531598 ], [ 7286555.872260770760477, 4505206.142003327608109 ], [ 7286670.831575710326433, 4505947.11165882088244 ], [ 7286947.215149902738631, 4506052.410709042102098 ], [ 7286907.062520467676222, 4506320.300848431885242 ], [ 7286416.904831566847861, 4506917.986484713852406 ], [ 7286001.757400218397379, 4506980.693410997278988 ], [ 7285693.02542975358665, 4507353.12587414495647 ], [ 7284929.065837583504617, 4507402.429838578216732 ], [ 7284620.397434286773205, 4507774.908641021698713 ], [ 7283504.671088840812445, 4507810.349601333960891 ], [ 7283196.099985142238438, 4508182.875712803564966 ], [ 7282080.821496590040624, 4508219.042928788810968 ], [ 7281771.962938047014177, 4508591.611524125561118 ], [ 7281566.174248715862632, 4508622.90470074582845 ], [ 7281534.149020432494581, 4507810.422311808913946 ], [ 7281071.950487576425076, 4507607.133448049426079 ], [ 7280741.253243487328291, 4507274.640235002152622 ], [ 7280297.56157461553812, 4507079.034796373918653 ], [ 7280161.852897528558969, 4506362.697815245017409 ], [ 7279547.157099571079016, 4506092.338447956368327 ], [ 7279272.342169005423784, 4505533.71665252186358 ], [ 7279210.576718873344362, 4503981.72630375623703 ], [ 7275829.772537623532116, 4503703.091419299133122 ], [ 7275760.361022364348173, 4501981.042395884171128 ], [ 7274986.285080248489976, 4501042.568544009700418 ], [ 7274542.062281111255288, 4500847.827759714797139 ], [ 7274473.845027485862374, 4500489.732168540358543 ], [ 7274452.187425472773612, 4499780.26184978056699 ], [ 7274212.065709468908608, 4499337.074583668261766 ], [ 7274114.900178297422826, 4498719.902347716502845 ], [ 7273653.543465522117913, 4498545.405684927478433 ], [ 7273335.516318848356605, 4498196.941543959081173 ], [ 7273150.953050922602415, 4498127.251757991500199 ], [ 7273167.963607216253877, 4497664.849710077978671 ] ] ] } },
{ "type": "Feature", "properties": { "id": "000300000000000066bf", "COAST": 0, "DIST_MAIN": 51.3, "DIST_SINK": 51.3, "ENDO": 0, "HYBAS_ID": 2120631700, "MAIN_BAS": 2120015310, "NEXT_DOWN": 2120631090, "NEXT_SINK": 2120015310, "ORDER": 1, "PFAF_ID": 215001870110, "SORT": 23757, "SUB_AREA": 134.9, "UP_AREA": 719.5 }, "geometry": { "type": "Polygon", "coordinates": [ [ [ 7282055.566348996013403, 4486427.790205056779087 ], [ 7282597.62207190040499, 4486384.928297624923289 ], [ 7282941.735400633886456, 4486061.209481067955494 ], [ 7283673.388796019367874, 4485963.215507766231894 ], [ 7284017.193597340025008, 4485639.529187255539 ], [ 7284396.017184306867421, 4485528.172443270683289 ], [ 7284740.24544395878911, 4485204.529679752886295 ], [ 7285472.044698708690703, 4485106.216801276430488 ], [ 7285815.964577436447144, 4484782.598140224814415 ], [ 7286635.969914154149592, 4484672.920215564779937 ], [ 7287041.866131398826838, 4484086.765741216018796 ], [ 7287192.200531210750341, 4482676.036564447917044 ], [ 7287465.67927756998688, 4482251.711113685742021 ], [ 7287609.370442661456764, 4481643.582994262687862 ], [ 7288178.593940778635442, 4481476.337235192768276 ], [ 7288350.876700221560895, 4480746.502482870593667 ], [ 7288824.913993262685835, 4480607.317346445284784 ], [ 7289169.556193973869085, 4480283.860477365553379 ], [ 7289901.898032349534333, 4480186.448920886032283 ], [ 7290246.231184851378202, 4479863.016282428987324 ], [ 7290720.366918986663222, 4479723.955008324235678 ], [ 7290806.840235989540815, 4479358.815617018379271 ], [ 7291799.494557585567236, 4479477.768046460114419 ], [ 7291831.12598928809166, 4480904.504401820711792 ], [ 7290999.939461464062333, 4482072.674857772886753 ], [ 7291050.307281056419015, 4484067.759779658168554 ], [ 7293985.528585400432348, 4484040.222976216115057 ], [ 7294501.351074861362576, 4483597.930390989407897 ], [ 7295409.024629409424961, 4483776.480522495694458 ], [ 7296074.964524114504457, 4484585.514417399652302 ], [ 7296252.944126725196838, 4484664.408943912945688 ], [ 7296234.593168736435473, 4485126.331403269432485 ], [ 7296523.610349959693849, 4485236.389793914742768 ], [ 7296588.945737869478762, 4486311.90513330604881 ], [ 7296828.323163920082152, 4486755.855791730806231 ], [ 7296893.354528204537928, 4487827.401367289945483 ], [ 7297331.816465127281845, 4488347.180617295205593 ], [ 7298574.097903096117079, 4488459.78133006580174 ], [ 7298516.346140144392848, 4488703.158977109007537 ], [ 7298242.402993495576084, 4489126.615054617635906 ], [ 7298126.571845007129014, 4489612.874958220869303 ], [ 7296977.293248850852251, 4491095.107986846007407 ], [ 7296158.853115690872073, 4491203.673721474595368 ], [ 7295814.326197734102607, 4491526.802298711612821 ], [ 7295082.931821641512215, 4491623.576531772501767 ], [ 7293997.450681367889047, 4492843.222250994294882 ], [ 7292914.031838496215641, 4492926.286489414982498 ], [ 7292569.723794976249337, 4493249.563732515089214 ], [ 7291747.836946814320982, 4493358.931703545153141 ], [ 7291657.751372592523694, 4493739.772599638439715 ], [ 7290394.285815011709929, 4493729.45059484988451 ], [ 7290084.852292621508241, 4494101.731532044708729 ], [ 7287618.027957893908024, 4494084.650629903189838 ], [ 7287281.128629066050053, 4493608.525394322350621 ], [ 7285817.487510561011732, 4493473.869108407758176 ], [ 7285510.168663240969181, 4493040.080539730377495 ], [ 7285170.497097478248179, 4493449.025279779918492 ], [ 7284259.219987032003701, 4493453.268232667818666 ], [ 7283907.077282575890422, 4493439.809253567829728 ], [ 7283924.711872399784625, 4492977.894778488203883 ], [ 7284037.746133273467422, 4491352.2709506964311 ], [ 7284783.095346730202436, 4490321.358594635501504 ], [ 7284697.773256283253431, 4489381.524023979902267 ], [ 7283084.100331425666809, 4489166.965571441687644 ], [ 7282732.915725763887167, 4488545.930599729530513 ], [ 7282648.593877456150949, 4488059.854797906242311 ], [ 7282415.204360167495906, 4487608.237195149064064 ], [ 7282331.216992888599634, 4487122.17476293630898 ], [ 7282097.778742391616106, 4486670.571995127014816 ], [ 7282055.566348996013403, 4486427.790205056779087 ] ] ] } },
{ "type": "Feature", "properties": { "id": "000300000000000066c0", "COAST": 0, "DIST_MAIN": 67.8, "DIST_SINK": 67.8, "ENDO": 0, "HYBAS_ID": 2121223010, "MAIN_BAS": 2120015310, "NEXT_DOWN": 2120631700, "NEXT_SINK": 2120015310, "ORDER": 1, "PFAF_ID": 215001870120, "SORT": 23762, "SUB_AREA": 104.5, "UP_AREA": 584.5 }, "geometry": { "type": "Polygon", "coordinates": [ [ [ 7290842.8215769873932, 4478434.494147835299373 ], [ 7291402.748644290491939, 4478417.183717640116811 ], [ 7291713.176374524831772, 4478044.938323559239507 ], [ 7293892.206803805194795, 4478051.559604284353554 ], [ 7294202.765068965032697, 4477679.901931455358863 ], [ 7294616.59354574047029, 4477617.452701704576612 ], [ 7296104.51757406257093, 4475824.696274713613093 ], [ 7296805.525778264738619, 4475931.240441247820854 ], [ 7297477.036026326939464, 4476883.712695854716003 ], [ 7299596.836625517345965, 4476889.608235638588667 ], [ 7299907.379465200938284, 4476517.657166772522032 ], [ 7300114.542813482694328, 4476486.843383321538568 ], [ 7302437.259532659314573, 4476619.567263981327415 ], [ 7302717.266904348507524, 4477015.305052944459021 ], [ 7303124.868283313699067, 4477110.586858640424907 ], [ 7303404.818648291751742, 4477506.356343779712915 ], [ 7304165.360471270978451, 4477615.541814391501248 ], [ 7304445.23534107208252, 4478011.353604291565716 ], [ 7304649.198487730696797, 4478058.801847333088517 ], [ 7304611.801364257000387, 4480154.749116958118975 ], [ 7304850.971272133290768, 4480598.969099289737642 ], [ 7304904.66300883796066, 4481637.520521149039268 ], [ 7304213.608286622911692, 4481838.692043682560325 ], [ 7304126.475469954311848, 4482203.707582788541913 ], [ 7303940.889231565408409, 4482265.006154737435281 ], [ 7303587.786537901498377, 4482576.100031204521656 ], [ 7302863.212167353369296, 4482683.881230570375919 ], [ 7300927.709323270246387, 4484897.162263849750161 ], [ 7300758.175400805659592, 4485547.179964232258499 ], [ 7300425.473487937822938, 4486091.059713153168559 ], [ 7299799.034035637974739, 4486297.667322308756411 ], [ 7299644.357833553105593, 4486891.332539790309966 ], [ 7299378.145814293064177, 4487326.464610199443996 ], [ 7299214.674791784025729, 4488403.745115057565272 ], [ 7298574.097903096117079, 4488459.78133006580174 ], [ 7297331.816465127281845, 4488347.180617295205593 ], [ 7296893.354528204537928, 4487827.401367289945483 ], [ 7296828.323163920082152, 4486755.855791730806231 ], [ 7296588.945737869478762, 4486311.90513330604881 ], [ 7296523.610349959693849, 4485236.389793914742768 ], [ 7296234.593168736435473, 4485126.331403269432485 ], [ 7296252.944126725196838, 4484664.408943912945688 ], [ 7296074.964524114504457, 4484585.514417399652302 ], [ 7295409.024629409424961, 4483776.480522495694458 ], [ 7294501.351074861362576, 4483597.930390989407897 ], [ 7293985.528585400432348, 4484040.222976216115057 ], [ 7291050.307281056419015, 4484067.759779658168554 ], [ 7290999.939461464062333, 4482072.674857772886753 ], [ 7291831.12598928809166, 4480904.504401820711792 ], [ 7291799.494557585567236, 4479477.768046460114419 ], [ 7290806.840235989540815, 4479358.815617018379271 ], [ 7290842.8215769873932, 4478434.494147835299373 ] ] ] } },
{ "type": "Feature", "properties": { "id": "000300000000000066c1", "COAST": 0, "DIST_MAIN": 77.8, "DIST_SINK": 77.8, "ENDO": 0, "HYBAS_ID": 2121223730, "MAIN_BAS": 2120015310, "NEXT_DOWN": 2121223010, "NEXT_SINK": 2120015310, "ORDER": 1, "PFAF_ID": 215001870130, "SORT": 23765, "SUB_AREA": 168.4, "UP_AREA": 480.0 }, "geometry": { "type": "Polygon", "coordinates": [ [ [ 7289809.218251388520002, 4476391.365494603291154 ], [ 7289952.76876381970942, 4475383.063425038009882 ], [ 7290218.741040138527751, 4474947.615179631859064 ], [ 7290380.304639062844217, 4473876.623774461448193 ], [ 7291325.552560560405254, 4473734.554430382326245 ], [ 7291537.973615887574852, 4469668.009105066768825 ], [ 7291845.677046785131097, 4469577.951917300932109 ], [ 7292594.725635605864227, 4468566.530938038602471 ], [ 7292791.575394880026579, 4466115.537231875583529 ], [ 7293286.156599022448063, 4465970.91263450589031 ], [ 7293631.215620280243456, 4465647.607221553102136 ], [ 7294453.874349256977439, 4465538.183371658436954 ], [ 7294860.873443579301238, 4464952.369022167287767 ], [ 7294976.656504482962191, 4464466.057996159419417 ], [ 7295251.130898588337004, 4464041.971648689359426 ], [ 7295366.568442568182945, 4463555.653424066491425 ], [ 7295641.071689739823341, 4463132.067344320006669 ], [ 7295785.619385446421802, 4462523.568354336544871 ], [ 7296071.038918149657547, 4462440.206245225854218 ], [ 7296109.457892668433487, 4462687.394343046471477 ], [ 7296349.782767964527011, 4463131.771299651823938 ], [ 7296408.353718290105462, 4464087.569686410017312 ], [ 7296738.722405781038105, 4464697.983448971062899 ], [ 7296537.889372421428561, 4467332.603500512428582 ], [ 7296188.362785809673369, 4467872.561654628254473 ], [ 7296744.24241691455245, 4468084.245970585383475 ], [ 7297182.217041015625, 4468564.233604614622891 ], [ 7301680.291710085235536, 4468618.098322733305395 ], [ 7302025.640781287103891, 4468295.165357436053455 ], [ 7302850.867770617827773, 4468186.782784317620099 ], [ 7303066.190828368067741, 4467285.001410444267094 ], [ 7304206.132883941754699, 4467457.471958119422197 ], [ 7304859.342844489961863, 4468283.5424549812451 ], [ 7305397.838324137963355, 4468368.370771088637412 ], [ 7305955.437884287908673, 4468430.744310900568962 ], [ 7306235.638927936553955, 4468826.604658990167081 ], [ 7307353.073691575787961, 4468950.610527093522251 ], [ 7308800.143784697167575, 4471015.989562375470996 ], [ 7308837.969217667356133, 4471559.523165616206825 ], [ 7309952.071503267623484, 4473145.303407572209835 ], [ 7310156.133881873451173, 4473193.390790085308254 ], [ 7310136.992824950255454, 4473655.318073505535722 ], [ 7310049.529773810878396, 4474020.278829539194703 ], [ 7309574.576048511080444, 4474158.163919747807086 ], [ 7308484.008556162938476, 4475375.91560931596905 ], [ 7308009.176487690769136, 4475513.887855341657996 ], [ 7307863.741420639678836, 4476121.715104606933892 ], [ 7307077.402914825826883, 4477162.422691174782813 ], [ 7305556.132989358156919, 4477233.344268172048032 ], [ 7305210.979315238073468, 4477556.108092354610562 ], [ 7304735.980316428467631, 4477694.260905192233622 ], [ 7304649.198487730696797, 4478058.801847333088517 ], [ 7304445.23534107208252, 4478011.353604291565716 ], [ 7304165.360471270978451, 4477615.541814391501248 ], [ 7303404.818648291751742, 4477506.356343779712915 ], [ 7303124.868283313699067, 4477110.586858640424907 ], [ 7302717.266904348507524, 4477015.305052944459021 ], [ 7302437.259532659314573, 4476619.567263981327415 ], [ 7300114.542813482694328, 4476486.843383321538568 ], [ 7299907.379465200938284, 4476517.657166772522032 ], [ 7299596.836625517345965, 4476889.608235638588667 ], [ 7297477.036026326939464, 4476883.712695854716003 ], [ 7296805.525778264738619, 4475931.240441247820854 ], [ 7296104.51757406257093, 4475824.696274713613093 ], [ 7294616.59354574047029, 4477617.452701704576612 ], [ 7294202.765068965032697, 4477679.901931455358863 ], [ 7293892.206803805194795, 4478051.559604284353554 ], [ 7291713.176374524831772, 4478044.938323559239507 ], [ 7291402.748644290491939, 4478417.183717640116811 ], [ 7290842.8215769873932, 4478434.494147835299373 ], [ 7290834.963928870856762, 4477138.97602238599211 ], [ 7290389.080026553012431, 4476634.273298695683479 ], [ 7289809.218251388520002, 4476391.365494603291154 ] ] ] } },
{ "type": "Feature", "properties": { "id": "000300000000000066c2", "COAST": 0, "DIST_MAIN": 88.1, "DIST_SINK": 88.1, "ENDO": 0, "HYBAS_ID": 2121224710, "MAIN_BAS": 2120015310, "NEXT_DOWN": 2121223730, "NEXT_SINK": 2120015310, "ORDER": 1, "PFAF_ID": 215001870140, "SORT": 23769, "SUB_AREA": 160.6, "UP_AREA": 311.8 }, "geometry": { "type": "Polygon", "coordinates": [ [ [ 7295789.779253849759698, 4460578.136382858268917 ], [ 7295880.252232717350125, 4460197.333753565326333 ], [ 7296706.199560452252626, 4460088.229538359679282 ], [ 7297180.859394010156393, 4459644.353825183585286 ], [ 7297427.389167482964694, 4459779.917661494575441 ], [ 7297746.252332820557058, 4460129.359944751486182 ], [ 7298116.974655917845666, 4460270.367317079566419 ], [ 7298445.949286620132625, 4460631.141139253973961 ], [ 7298802.886215309612453, 4460297.605564262717962 ], [ 7299183.622071812860668, 4460186.437038347125053 ], [ 7300014.761492066085339, 4459293.78028033580631 ], [ 7300630.9486063728109, 4459444.713054993189871 ], [ 7301069.276041990146041, 4459924.902718058787286 ], [ 7303449.26182597130537, 4459894.786893216893077 ], [ 7304913.019939292222261, 4458228.646318853832781 ], [ 7306002.100535980425775, 4458146.563664159737527 ], [ 7306348.066459686495364, 4457823.788631500676274 ], [ 7306892.451426144689322, 4457783.069684665650129 ], [ 7307807.408066499978304, 4457859.589838035404682 ], [ 7308586.882676274515688, 4458971.483759541995823 ], [ 7308586.961365039460361, 4460439.336181269958615 ], [ 7309368.406886398792267, 4461548.462083648890257 ], [ 7309572.817602921277285, 4461596.013785403221846 ], [ 7309553.762595814652741, 4462058.433883494697511 ], [ 7309757.780973985791206, 4462105.980029631406069 ], [ 7310038.070463507436216, 4462501.981670057401061 ], [ 7312569.633589490316808, 4462685.1855403855443 ], [ 7314521.597949980758131, 4465465.818226383067667 ], [ 7314725.854912689886987, 4465514.014580282382667 ], [ 7314645.923230154439807, 4466705.664606836624444 ], [ 7314336.017188327386975, 4467080.103675031103194 ], [ 7314253.320261489599943, 4467615.177864868193865 ], [ 7313943.486056890338659, 4467989.137498186901212 ], [ 7313902.327874384820461, 4468256.927970767021179 ], [ 7313252.827887085266411, 4468315.97162713482976 ], [ 7313137.202587144449353, 4469613.633220543153584 ], [ 7312946.914007014594972, 4469669.100911580957472 ], [ 7312228.525665491819382, 4470438.748114756308496 ], [ 7311740.652392134070396, 4470579.94756893441081 ], [ 7311587.900505680590868, 4471646.681260513141751 ], [ 7310458.642415070906281, 4473105.358845331706107 ], [ 7310156.133881873451173, 4473193.390790085308254 ], [ 7309952.071503267623484, 4473145.303407572209835 ], [ 7308837.969217667356133, 4471559.523165616206825 ], [ 7308800.143784697167575, 4471015.989562375470996 ], [ 7307353.073691575787961, 4468950.610527093522251 ], [ 7306235.638927936553955, 4468826.604658990167081 ], [ 7305955.437884287908673, 4468430.744310900568962 ], [ 7305397.838324137963355, 4468368.370771088637412 ], [ 7304859.342844489961863, 4468283.5424549812451 ], [ 7304206.132883941754699, 4467457.471958119422197 ], [ 7303066.190828368067741, 4467285.001410444267094 ], [ 7302850.867770617827773, 4468186.782784317620099 ], [ 7302025.640781287103891, 4468295.165357436053455 ], [ 7301680.291710085235536, 4468618.098322733305395 ], [ 7297182.217041015625, 4468564.233604614622891 ], [ 7296744.24241691455245, 4468084.245970585383475 ], [ 7296188.362785809673369, 4467872.561654628254473 ], [ 7296537.889372421428561, 4467332.603500512428582 ], [ 7296738.722405781038105, 4464697.983448971062899 ], [ 7296408.353718290105462, 4464087.569686410017312 ], [ 7296349.782767964527011, 4463131.771299651823938 ], [ 7296109.457892668433487, 4462687.394343046471477 ], [ 7296071.038918149657547, 4462440.206245225854218 ], [ 7296088.003497367724776, 4460691.416518748737872 ], [ 7295789.779253849759698, 4460578.136382858268917 ] ] ] } },
{ "type": "Feature", "properties": { "id": "000300000000000066c3", "COAST": 0, "DIST_MAIN": 96.2, "DIST_SINK": 96.2, "ENDO": 0, "HYBAS_ID": 2121225100, "MAIN_BAS": 2120015310, "NEXT_DOWN": 2121224710, "NEXT_SINK": 2120015310, "ORDER": 1, "PFAF_ID": 215001870150, "SORT": 23770, "SUB_AREA": 151.3, "UP_AREA": 151.3 }, "geometry": { "type": "Polygon", "coordinates": [ [ [ 7306567.390102982521057, 4455766.01267147436738 ], [ 7306763.865917908959091, 4453701.355305727571249 ], [ 7307691.462769007310271, 4453564.329434758983552 ], [ 7307789.504321563988924, 4453190.853634208440781 ], [ 7308417.576475331559777, 4453136.783641377463937 ], [ 7308617.369564482010901, 4452375.630369760096073 ], [ 7310240.549914268776774, 4452287.23010718356818 ], [ 7310637.535148790106177, 4451695.726879299618304 ], [ 7310819.843409577384591, 4450507.847942050546408 ], [ 7311384.952495812438428, 4451092.456612974405289 ], [ 7311968.60123454220593, 4450979.360622771084309 ], [ 7312696.804425772279501, 4450220.83688444364816 ], [ 7313212.526605067774653, 4450052.994515935890377 ], [ 7314427.084335716441274, 4448462.208409319631755 ], [ 7314335.692976860329509, 4448128.948374048806727 ], [ 7314061.041676298715174, 4447586.919886794872582 ], [ 7314977.818748507648706, 4446612.489884914830327 ], [ 7315873.615509103983641, 4446581.057168995030224 ], [ 7316061.604238776490092, 4446522.042297517880797 ], [ 7316559.153428100980818, 4446079.654001143760979 ], [ 7317246.590756579302251, 4446268.037989696487784 ], [ 7317294.744502068497241, 4447808.395145097747445 ], [ 7317862.611690894700587, 4448737.962915246374905 ], [ 7317979.882962455041707, 4449427.114659164100885 ], [ 7318391.766650309786201, 4449860.665926661342382 ], [ 7320173.858092062175274, 4450070.38297666516155 ], [ 7320632.168188325129449, 4450552.613254840485752 ], [ 7322286.344492116943002, 4450488.866243520751595 ], [ 7322648.159468224272132, 4450167.917392377741635 ], [ 7323426.759157723747194, 4451135.253964843228459 ], [ 7324038.610439574345946, 4451027.248341536149383 ], [ 7324391.824376527220011, 4450713.43410290684551 ], [ 7325288.728704372420907, 4450685.189492185600102 ], [ 7326271.555322316475213, 4450797.028092588298023 ], [ 7326331.937730962410569, 4451193.070118731819093 ], [ 7326141.090351769700646, 4451247.735557175241411 ], [ 7325419.346657635644078, 4452016.770645675249398 ], [ 7325038.093453810550272, 4452126.176909431815147 ], [ 7324690.637624000199139, 4452448.134702390991151 ], [ 7324309.408023622818291, 4452558.059381540864706 ], [ 7323472.926919369958341, 4453449.65920735988766 ], [ 7323289.560332918539643, 4454208.300561500713229 ], [ 7322717.325973019003868, 4454373.028303986415267 ], [ 7322629.528365540318191, 4454737.90054546482861 ], [ 7321920.992963807657361, 4454707.576230038888752 ], [ 7320299.388544051907957, 4454598.788943245075643 ], [ 7320019.626721455715597, 4454202.416525146923959 ], [ 7319815.041190455667675, 4454154.583164984360337 ], [ 7319270.242823540233076, 4454194.390485050156713 ], [ 7318923.520593388937414, 4454516.613462127745152 ], [ 7318188.052406596019864, 4454611.835208014585078 ], [ 7317841.390322511084378, 4454934.098717111162841 ], [ 7317460.057241261005402, 4455043.854662800207734 ], [ 7317113.446345868520439, 4455366.155399891547859 ], [ 7316636.810063659213483, 4455503.639474877156317 ], [ 7316549.322861118242145, 4455868.567171152681112 ], [ 7316358.684676226228476, 4455923.480111377313733 ], [ 7315759.295490071177483, 4456626.100341225042939 ], [ 7316434.105417761951685, 4456883.836950998753309 ], [ 7316491.014548741281033, 4457254.844067854806781 ], [ 7316449.376149481162429, 4457522.606659508310258 ], [ 7316139.092989552766085, 4457896.504538787528872 ], [ 7316097.848202889785171, 4458164.292507233098149 ], [ 7315907.274520045146346, 4458219.206297969445586 ], [ 7315424.693620626814663, 4458702.311409271322191 ], [ 7315269.69732085056603, 4459846.217703361064196 ], [ 7315851.205384893342853, 4460068.807065546512604 ], [ 7316270.835619577206671, 4460530.367386156693101 ], [ 7316335.445705798454583, 4460951.738141063600779 ], [ 7316333.943952698260546, 4462239.834895508363843 ], [ 7316630.756802844814956, 4462353.411076853983104 ], [ 7316572.343438777141273, 4462596.193045235238969 ], [ 7316296.557493183761835, 4463019.578905820846558 ], [ 7316110.38406625110656, 4465008.389496233314276 ], [ 7315615.934797728434205, 4465151.08185166772455 ], [ 7315269.812701494432986, 4465473.434228291735053 ], [ 7314725.854912689886987, 4465514.014580282382667 ], [ 7314521.597949980758131, 4465465.818226383067667 ], [ 7312569.633589490316808, 4462685.1855403855443 ], [ 7310038.070463507436216, 4462501.981670057401061 ], [ 7309757.780973985791206, 4462105.980029631406069 ], [ 7309553.762595814652741, 4462058.433883494697511 ], [ 7309572.817602921277285, 4461596.013785403221846 ], [ 7309368.406886398792267, 4461548.462083648890257 ], [ 7308586.961365039460361, 4460439.336181269958615 ], [ 7308586.882676274515688, 4458971.483759541995823 ], [ 7307807.408066499978304, 4457859.589838035404682 ], [ 7306892.451426144689322, 4457783.069684665650129 ], [ 7306954.906007787212729, 4457545.359658407978714 ], [ 7307334.641948822885752, 4456927.266929787583649 ], [ 7307249.262779917567968, 4456052.894565944559872 ], [ 7306567.390102982521057, 4455766.01267147436738 ] ] ] } },
{ "type": "Feature", "properties": { "id": "00030000000000006c14", "COAST": 0, "DIST_MAIN": 46.4, "DIST_SINK": 46.4, "ENDO": 0, "HYBAS_ID": 2121215810, "MAIN_BAS": 2120014070, "NEXT_DOWN": 2120613560, "NEXT_SINK": 2120014070, "ORDER": 2, "PFAF_ID": 214095002220, "SORT": 23467, "SUB_AREA": 163.3, "UP_AREA": 480.6 }, "geometry": { "type": "Polygon", "coordinates": [ [ [ 7280931.063686136156321, 4560568.929913605563343 ], [ 7281333.022717695683241, 4560449.728195076808333 ], [ 7281883.695621921680868, 4560510.159476961940527 ], [ 7282217.343408142216504, 4560985.733266857452691 ], [ 7283963.136404867284, 4560975.365952279418707 ], [ 7284300.13053027074784, 4560566.488602504134178 ], [ 7284604.200690798461437, 4561000.410571159794927 ], [ 7285007.603298779577017, 4561094.454002799466252 ], [ 7285671.399898906238377, 4562046.29537707939744 ], [ 7286021.484756074845791, 4561981.788023539818823 ], [ 7287797.762417679652572, 4559815.743967930786312 ], [ 7288207.017167785204947, 4559753.661937657743692 ], [ 7288881.781785731203854, 4558932.820037325844169 ], [ 7289640.51406076643616, 4558884.679315363056958 ], [ 7290010.581625471822917, 4558436.230591142550111 ], [ 7290703.325837887823582, 4558542.608604553155601 ], [ 7290980.248568062670529, 4558938.077313565649092 ], [ 7291383.339497049339116, 4559032.46874519996345 ], [ 7291660.204745049588382, 4559427.967055037617683 ], [ 7293258.367563469335437, 4559531.291058016940951 ], [ 7293276.970208450220525, 4559069.332664398476481 ], [ 7293481.840660544112325, 4559038.455504351295531 ], [ 7293789.183477868326008, 4558666.413401489146054 ], [ 7294201.239027343690395, 4558603.774721698835492 ], [ 7295119.619532695040107, 4557482.663996646180749 ], [ 7295079.151632896624506, 4557021.281968506984413 ], [ 7294804.714069249108434, 4556622.768087707459927 ], [ 7294823.421483761630952, 4555428.60717164631933 ], [ 7295097.419115073978901, 4555533.814401943236589 ], [ 7295210.447076719254255, 4556275.558452030643821 ], [ 7295667.26976106222719, 4556451.616113520227373 ], [ 7296312.222202111966908, 4557277.403806198388338 ], [ 7297112.403142275288701, 4557451.179572984576225 ], [ 7297797.847222286276519, 4558544.32552314735949 ], [ 7297860.940861003473401, 4559619.506181729957461 ], [ 7298329.649455533362925, 4559800.703500022180378 ], [ 7298643.573591969907284, 4560150.464456183835864 ], [ 7299175.332514008507133, 4560235.217584644444287 ], [ 7299115.219427730888128, 4562908.608316124416888 ], [ 7299410.238339733332396, 4563022.307626212947071 ], [ 7299390.981899796053767, 4564217.016699092462659 ], [ 7299691.681735515594482, 4564654.494706738740206 ], [ 7299356.034068709239364, 4565065.760851826518774 ], [ 7299274.527549045160413, 4565600.955680120736361 ], [ 7298968.869698342867196, 4565975.806584362871945 ], [ 7298830.727499921806157, 4567897.399966693483293 ], [ 7298342.954149154946208, 4568494.173235605470836 ], [ 7298135.679312028922141, 4568525.289833777584136 ], [ 7298116.691619518212974, 4568987.74858561065048 ], [ 7297929.001948555931449, 4569042.965580383315682 ], [ 7297577.0178202111274, 4569376.324490048922598 ], [ 7297253.123806603252888, 4569015.259606843814254 ], [ 7296661.874662417918444, 4568865.236531933769584 ], [ 7296192.934514381922781, 4569308.826775423251092 ], [ 7295712.049290689639747, 4569450.726433501578867 ], [ 7295561.69155764952302, 4570517.694424523971975 ], [ 7294737.556303751654923, 4571622.651701441965997 ], [ 7294369.313457269221544, 4571212.359071516431868 ], [ 7293429.740520446561277, 4571048.459426616318524 ], [ 7292961.511669427156448, 4571492.256521554663777 ], [ 7292586.364447332918644, 4571602.945054692216218 ], [ 7292245.645276426337659, 4571926.090542013756931 ], [ 7292058.064295810647309, 4571981.947704338468611 ], [ 7291527.165171376429498, 4571897.177131602540612 ], [ 7291213.507217498496175, 4571547.708905797451735 ], [ 7290500.032241616398096, 4571393.266606528311968 ], [ 7288534.737038065679371, 4568663.565391527488828 ], [ 7287820.934417607262731, 4568509.410787030123174 ], [ 7287176.643069384619594, 4567683.880838753655553 ], [ 7286373.772221497260034, 4567510.501567799597979 ], [ 7286276.862034488469362, 4566877.076028043404222 ], [ 7284880.11399582400918, 4564759.520812699571252 ], [ 7284481.626556675881147, 4565137.721126322634518 ], [ 7282463.912867653183639, 4565184.848522799089551 ], [ 7281270.604584468528628, 4563583.23667808342725 ], [ 7281205.380317583680153, 4562513.282174907624722 ], [ 7280968.528126070275903, 4562069.731753153726459 ], [ 7280931.063686136156321, 4560568.929913605563343 ] ] ] } },
{ "type": "Feature", "properties": { "id": "00030000000000006c15", "COAST": 0, "DIST_MAIN": 57.9, "DIST_SINK": 57.9, "ENDO": 0, "HYBAS_ID": 2121216630, "MAIN_BAS": 2120014070, "NEXT_DOWN": 2121215810, "NEXT_SINK": 2120014070, "ORDER": 2, "PFAF_ID": 214095002230, "SORT": 23468, "SUB_AREA": 159.5, "UP_AREA": 317.3 }, "geometry": { "type": "Polygon", "coordinates": [ [ [ 7273511.681709149852395, 4554598.129735251888633 ], [ 7273551.31089333910495, 4554330.183438492938876 ], [ 7273855.974807915277779, 4553954.311480748467147 ], [ 7273936.122915394604206, 4553415.489257746376097 ], [ 7274424.72777447104454, 4552820.198390640318394 ], [ 7274629.267909572459757, 4552788.773813488893211 ], [ 7274812.397721975110471, 4552858.560971012338996 ], [ 7275459.881483944132924, 4553682.865805126726627 ], [ 7275825.706564317457378, 4553822.487211060710251 ], [ 7276227.534473458305001, 4554266.618587401695549 ], [ 7276341.486255357041955, 4553779.109043285250664 ], [ 7276968.008162655867636, 4553729.067322691902518 ], [ 7277057.928416009061038, 4553343.179487392306328 ], [ 7277242.962674827314913, 4553283.346710046753287 ], [ 7277589.751569055020809, 4552968.152450592257082 ], [ 7278051.665604857727885, 4552817.336400705389678 ], [ 7278231.424115573056042, 4552100.555828392505646 ], [ 7278693.404209, 4551949.779752962291241 ], [ 7279182.729073407128453, 4551505.86175246629864 ], [ 7280803.226390960626304, 4551702.243223878555 ], [ 7281124.998868729919195, 4552043.02740253508091 ], [ 7281634.194502911530435, 4552253.353148615919054 ], [ 7281926.349223828874528, 4552825.834951386786997 ], [ 7282000.613128071650863, 4553908.509408788755536 ], [ 7282692.738555077463388, 4554071.513636001385748 ], [ 7283163.189941676333547, 4553644.947248633950949 ], [ 7284580.858965965919197, 4553565.876346082426608 ], [ 7284928.356155670247972, 4553251.031814060173929 ], [ 7285735.708010133355856, 4553131.523719734512269 ], [ 7285830.187293124385178, 4552756.281417719088495 ], [ 7286179.513142172247171, 4552769.971598031930625 ], [ 7286277.090776694007218, 4552354.73794103320688 ], [ 7286738.155876345932484, 4551918.098707158118486 ], [ 7287074.142239332199097, 4552290.933467822149396 ], [ 7287804.13537822291255, 4551496.39704382698983 ], [ 7288247.781854364089668, 4551988.458437584340572 ], [ 7288850.519237617962062, 4551885.96135260630399 ], [ 7289191.894075361080468, 4551562.629969300702214 ], [ 7289917.35785608459264, 4551465.580771485343575 ], [ 7290258.802556588314474, 4551142.295086004771292 ], [ 7290634.916113118641078, 4551031.43642683327198 ], [ 7290976.414073132909834, 4550708.177594870328903 ], [ 7291464.450745739042759, 4550563.670682930387557 ], [ 7291655.680287300609052, 4548458.020133526995778 ], [ 7291956.093839855864644, 4548369.453211274929345 ], [ 7292857.197834297083318, 4548445.140695287846029 ], [ 7293629.873400748707354, 4549552.627409641630948 ], [ 7293667.610976590774953, 4550096.106105981394649 ], [ 7294935.134705021046102, 4551923.19039399176836 ], [ 7294954.19549329765141, 4552925.664768821559846 ], [ 7295228.811246437951922, 4553323.676393575966358 ], [ 7295269.301635542884469, 4553785.550336712040007 ], [ 7294502.946599021553993, 4554721.104676665738225 ], [ 7294804.386682676151395, 4555158.334272712469101 ], [ 7294823.421483761630952, 4555428.60717164631933 ], [ 7294804.714069249108434, 4556622.768087707459927 ], [ 7295079.151632896624506, 4557021.281968506984413 ], [ 7295119.619532695040107, 4557482.663996646180749 ], [ 7294201.239027343690395, 4558603.774721698835492 ], [ 7293789.183477868326008, 4558666.413401489146054 ], [ 7293481.840660544112325, 4559038.455504351295531 ], [ 7293276.970208450220525, 4559069.332664398476481 ], [ 7293258.367563469335437, 4559531.291058016940951 ], [ 7291660.204745049588382, 4559427.967055037617683 ], [ 7291383.339497049339116, 4559032.46874519996345 ], [ 7290980.248568062670529, 4558938.077313565649092 ], [ 7290703.325837887823582, 4558542.608604553155601 ], [ 7290010.581625471822917, 4558436.230591142550111 ], [ 7289640.51406076643616, 4558884.679315363056958 ], [ 7288881.781785731203854, 4558932.820037325844169 ], [ 7288207.017167785204947, 4559753.661937657743692 ], [ 7287797.762417679652572, 4559815.743967930786312 ], [ 7286021.484756074845791, 4561981.788023539818823 ], [ 7285671.399898906238377, 4562046.29537707939744 ], [ 7285007.603298779577017, 4561094.454002799466252 ], [ 7284604.200690798461437, 4561000.410571159794927 ], [ 7284300.13053027074784, 4560566.488602504134178 ], [ 7283963.136404867284, 4560975.365952279418707 ], [ 7282217.343408142216504, 4560985.733266857452691 ], [ 7281883.695621921680868, 4560510.159476961940527 ], [ 7281333.022717695683241, 4560449.728195076808333 ], [ 7281251.317295592278242, 4559920.532019881531596 ], [ 7278020.979878650046885, 4559922.275901265442371 ], [ 7277680.486252442933619, 4560246.093090758658946 ], [ 7276794.504136910662055, 4560275.744882209226489 ], [ 7276504.654150711372495, 4560164.681175258941948 ], [ 7276456.656803176738322, 4558511.541731106117368 ], [ 7275892.277278549037874, 4558295.494387932121754 ], [ 7275796.635520486161113, 4557678.202996955253184 ], [ 7275440.388552123680711, 4557062.956395588815212 ], [ 7274639.138993776403368, 4556891.063901361078024 ], [ 7274223.735188466496766, 4556431.646881144493818 ], [ 7274120.089310062117875, 4555763.577784891240299 ], [ 7273882.18624774646014, 4555320.28001790586859 ], [ 7273786.328001081943512, 4554702.539041955955327 ], [ 7273511.681709149852395, 4554598.129735251888633 ] ] ] } },
{ "type": "Feature", "properties": { "id": "00030000000000006c16", "COAST": 0, "DIST_MAIN": 68.2, "DIST_SINK": 68.2, "ENDO": 0, "HYBAS_ID": 2121217080, "MAIN_BAS": 2120014070, "NEXT_DOWN": 2121216630, "NEXT_SINK": 2120014070, "ORDER": 2, "PFAF_ID": 214095002240, "SORT": 23469, "SUB_AREA": 157.7, "UP_AREA": 157.8 }, "geometry": { "type": "Polygon", "coordinates": [ [ [ 7272527.536271036602557, 4543454.516050714068115 ], [ 7273782.309307129122317, 4543461.720212430693209 ], [ 7274089.502862150780857, 4543088.89627739880234 ], [ 7275199.389946946874261, 4543052.29169247020036 ], [ 7275873.86473298817873, 4542230.758455298841 ], [ 7276283.935862361453474, 4542167.470703740604222 ], [ 7276958.611772753298283, 4541346.030155273154378 ], [ 7277721.227570861577988, 4541296.152115157805383 ], [ 7278944.438823615200818, 4539799.806675484403968 ], [ 7279024.103589565493166, 4539264.453083883970976 ], [ 7279329.580242675729096, 4538889.26672724634409 ], [ 7279369.432738005183637, 4538621.352306696586311 ], [ 7279719.796872481703758, 4538634.712141808122396 ], [ 7279841.770046978257596, 4538113.360676378011703 ], [ 7280696.532830185256898, 4539352.098413962870836 ], [ 7280792.200428828597069, 4539969.444065127521753 ], [ 7281250.353874571621418, 4540144.520583584904671 ], [ 7281684.398332712240517, 4540624.305808574892581 ], [ 7281937.625697052106261, 4540507.747361233457923 ], [ 7282279.128929692320526, 4540184.083877966739237 ], [ 7284217.734269564971328, 4540196.129516344517469 ], [ 7285888.702110069803894, 4540327.51243759598583 ], [ 7285988.438055879436433, 4540973.361824463121593 ], [ 7286647.603937957435846, 4542038.348864693194628 ], [ 7286520.716676846146584, 4542845.737783295102417 ], [ 7285798.05926308222115, 4543831.448117966763675 ], [ 7286356.746150939725339, 4544045.479234324768186 ], [ 7286672.347926089540124, 4544394.668651148676872 ], [ 7287152.27660456020385, 4544578.435404893010855 ], [ 7287812.685334051027894, 4545645.615455633960664 ], [ 7287912.059219051152468, 4546292.981452168896794 ], [ 7288662.006844699382782, 4547249.858040925115347 ], [ 7289377.9153554122895, 4547404.477808024734259 ], [ 7289693.21625536121428, 4547753.815050018951297 ], [ 7291624.60066625289619, 4547893.531243213452399 ], [ 7291899.285636358894408, 4547999.118515628390014 ], [ 7291956.093839855864644, 4548369.453211274929345 ], [ 7291655.680287300609052, 4548458.020133526995778 ], [ 7291464.450745739042759, 4550563.670682930387557 ], [ 7290976.414073132909834, 4550708.177594870328903 ], [ 7290634.916113118641078, 4551031.43642683327198 ], [ 7290258.802556588314474, 4551142.295086004771292 ], [ 7289917.35785608459264, 4551465.580771485343575 ], [ 7289191.894075361080468, 4551562.629969300702214 ], [ 7288850.519237617962062, 4551885.96135260630399 ], [ 7288247.781854364089668, 4551988.458437584340572 ], [ 7287804.13537822291255, 4551496.39704382698983 ], [ 7287074.142239332199097, 4552290.933467822149396 ], [ 7286738.155876345932484, 4551918.098707158118486 ], [ 7286277.090776694007218, 4552354.73794103320688 ], [ 7286179.513142172247171, 4552769.971598031930625 ], [ 7285830.187293124385178, 4552756.281417719088495 ], [ 7285735.708010133355856, 4553131.523719734512269 ], [ 7284928.356155670247972, 4553251.031814060173929 ], [ 7284580.858965965919197, 4553565.876346082426608 ], [ 7283163.189941676333547, 4553644.947248633950949 ], [ 7282692.738555077463388, 4554071.513636001385748 ], [ 7282000.613128071650863, 4553908.509408788755536 ], [ 7281926.349223828874528, 4552825.834951386786997 ], [ 7281634.194502911530435, 4552253.353148615919054 ], [ 7281124.998868729919195, 4552043.02740253508091 ], [ 7280803.226390960626304, 4551702.243223878555 ], [ 7279182.729073407128453, 4551505.86175246629864 ], [ 7278693.404209, 4551949.779752962291241 ], [ 7278231.424115573056042, 4552100.555828392505646 ], [ 7278051.665604857727885, 4552817.336400705389678 ], [ 7277589.751569055020809, 4552968.152450592257082 ], [ 7277242.962674827314913, 4553283.346710046753287 ], [ 7277057.928416009061038, 4553343.179487392306328 ], [ 7277019.732429662719369, 4553096.558529143221676 ], [ 7276781.903296245262027, 4552652.667401678860188 ], [ 7276828.107874704524875, 4548923.899062175303698 ], [ 7276590.099202267825603, 4548480.021981307305396 ], [ 7276513.221613475121558, 4547986.280367023311555 ], [ 7276275.137065606191754, 4547542.91718939319253 ], [ 7276171.47368985041976, 4546874.330364026129246 ], [ 7275755.506214320659637, 4546414.853217404335737 ], [ 7275039.315617073327303, 4546262.08143606595695 ], [ 7273393.507694618776441, 4544012.284380189143121 ], [ 7272587.77494107093662, 4543840.578274399973452 ], [ 7272527.536271036602557, 4543454.516050714068115 ] ] ] } },
{ "type": "Feature", "properties": { "id": "00030000000000006c19", "COAST": 0, "DIST_MAIN": 14.7, "DIST_SINK": 14.7, "ENDO": 0, "HYBAS_ID": 2120614800, "MAIN_BAS": 2120014090, "NEXT_DOWN": 2120614740, "NEXT_SINK": 2120014090, "ORDER": 2, "PFAF_ID": 214095004600, "SORT": 23478, "SUB_AREA": 204.5, "UP_AREA": 204.5 }, "geometry": { "type": "Polygon", "coordinates": [ [ [ 7302317.838680850341916, 4560365.024517933838069 ], [ 7302375.481573600322008, 4560121.668176994659007 ], [ 7302647.611904279328883, 4559698.454635372385383 ], [ 7302791.943578999489546, 4559090.092654909007251 ], [ 7303073.908116224221885, 4559007.674801013432443 ], [ 7303133.8739367807284, 4558277.383572657592595 ], [ 7303808.394552560523152, 4557455.758551027625799 ], [ 7303868.802039070986211, 4556725.482642481103539 ], [ 7304567.156881786882877, 4556754.633846439421177 ], [ 7305118.06481391005218, 4556817.315610250458121 ], [ 7305394.33511699270457, 4557213.370022351853549 ], [ 7306496.099954955279827, 4557337.908220699988306 ], [ 7306772.2814905885607, 4557734.02833766490221 ], [ 7307175.30080231744796, 4557829.785127283073962 ], [ 7308110.576613388024271, 4559179.361259750090539 ], [ 7309212.015502294525504, 4559304.818115454167128 ], [ 7309487.972406509332359, 4559701.054740043357015 ], [ 7310737.135979631915689, 4559793.39507991168648 ], [ 7310754.413889775052667, 4560502.711749261245131 ], [ 7310989.986459232866764, 4560947.339213200844824 ], [ 7311085.815649515017867, 4561586.686807979829609 ], [ 7312237.081497659906745, 4561772.749498926103115 ], [ 7312550.671619039960206, 4562123.174331887625158 ], [ 7313613.764178627170622, 4562294.778560833074152 ], [ 7313926.900993459858, 4562645.242894072085619 ], [ 7314292.043013470247388, 4562787.368249205872416 ], [ 7314605.118097786791623, 4563137.866260685957968 ], [ 7315668.037000063806772, 4563309.78641573805362 ], [ 7316098.444704592227936, 4563791.818377747200429 ], [ 7316700.835709990002215, 4563691.654738135635853 ], [ 7317171.082880742847919, 4563249.296570693142712 ], [ 7317413.644007606431842, 4563385.74177036061883 ], [ 7317726.559874205850065, 4563736.386662215925753 ], [ 7318956.097526675090194, 4563853.13911693636328 ], [ 7318933.119962231256068, 4565050.926802700385451 ], [ 7319699.991291913203895, 4566162.001389168202877 ], [ 7319901.409521295689046, 4566210.009683390147984 ], [ 7320168.35070308111608, 4566324.844631285406649 ], [ 7320271.152791890315711, 4566929.527008875273168 ], [ 7320553.513900984078646, 4567499.517379579134285 ], [ 7321166.932729878462851, 4567763.499708076007664 ], [ 7321235.952300354838371, 4568824.646375867538154 ], [ 7321790.015966825187206, 4569758.105157157406211 ], [ 7321872.146308935247362, 4570241.981473446823657 ], [ 7322097.966365011408925, 4570698.032990712672472 ], [ 7322180.059013704769313, 4571181.919720350764692 ], [ 7322405.445743016898632, 4571637.977435139939189 ], [ 7322507.924661350436509, 4572242.704551967792213 ], [ 7323062.551644847728312, 4572481.486638585105538 ], [ 7323040.677524561062455, 4575388.270611423999071 ], [ 7323665.132472117431462, 4576442.060760752297938 ], [ 7324160.720424816943705, 4576656.024632219225168 ], [ 7324809.283718938007951, 4577474.112872815690935 ], [ 7325513.028413508087397, 4577643.00701670628041 ], [ 7326488.714820344932377, 4578938.913930552080274 ], [ 7327300.177599164657295, 4579134.165122759528458 ], [ 7327321.516782748512924, 4581271.375557034276426 ], [ 7328244.27591332513839, 4581493.112308375537395 ], [ 7328198.228921437636018, 4583716.524115500971675 ], [ 7328047.976632719859481, 4585923.813263043761253 ], [ 7327745.439808581024408, 4586011.685261262580752 ], [ 7327724.474693430587649, 4586473.678414373658597 ], [ 7327523.66487280651927, 4586425.408884614706039 ], [ 7327250.211398590356112, 4586028.383502526208758 ], [ 7326848.560578473843634, 4585931.884511231444776 ], [ 7326575.055314207449555, 4585534.894743068143725 ], [ 7322056.812546036206186, 4585253.235929116606712 ], [ 7321655.394587220624089, 4585736.422989249229431 ], [ 7321354.613481630571187, 4585300.769351071678102 ], [ 7319909.328305290080607, 4585157.8194390675053 ], [ 7319635.063651992939413, 4584761.099755028262734 ], [ 7319233.653507249429822, 4584665.044462666846812 ], [ 7318796.976347081363201, 4584031.722616921178997 ], [ 7318782.00840936601162, 4583025.505009151995182 ], [ 7318509.936521487310529, 4582626.457057283259928 ], [ 7318474.400592370890081, 4582085.696125513873994 ], [ 7318202.262008955702186, 4581686.65894216671586 ], [ 7318167.064412272535264, 4581145.913194778375328 ], [ 7317566.7105961907655, 4580269.610044279135764 ], [ 7317531.44667333830148, 4579728.868371444754303 ], [ 7317096.264167992398143, 4579092.79667850304395 ], [ 7316544.841668906621635, 4579029.014787906780839 ], [ 7315670.756032695993781, 4578922.450414357706904 ], [ 7315349.459655919112265, 4578582.366925425827503 ], [ 7314444.958154493942857, 4578366.60220540035516 ], [ 7315170.127647889778018, 4577356.957560024224222 ], [ 7315294.264686858281493, 4576882.167125726118684 ], [ 7315558.618974371813238, 4576447.674638506956398 ], [ 7315682.784147383645177, 4575972.880966450087726 ], [ 7315947.568385465070605, 4575538.413493623957038 ], [ 7316071.394219207577407, 4575063.610827852971852 ], [ 7317073.718920605257154, 4573735.656317202374339 ], [ 7317270.673384303227067, 4571599.441270377486944 ], [ 7316949.434326777234674, 4570951.567865016870201 ], [ 7316866.99318478628993, 4570467.765493810176849 ], [ 7316641.229083830490708, 4570011.90443214867264 ], [ 7316595.762747038155794, 4568490.529377171769738 ], [ 7316133.917087900452316, 4568292.010999094694853 ], [ 7315812.078467916697264, 4567952.426822732202709 ], [ 7315456.29103640653193, 4567799.703081204555929 ], [ 7314476.66762619279325, 4566504.980206820182502 ], [ 7314120.779343402013183, 4566352.326708940789104 ], [ 7313469.940926887094975, 4565535.323530067689717 ], [ 7313113.988843060098588, 4565382.717676021158695 ], [ 7312791.876755209639668, 4565043.285143132321537 ], [ 7312086.704770277254283, 4564875.724887023679912 ], [ 7311764.899264130741358, 4564536.357895654626191 ], [ 7311408.871989449486136, 4564383.841768679209054 ], [ 7311086.652089236304164, 4564043.997951076366007 ], [ 7310032.506796398200095, 4563861.72304848767817 ], [ 7309710.189774561673403, 4563522.439311409369111 ], [ 7307260.070126376114786, 4563281.277048444375396 ], [ 7306937.622554087080061, 4562941.626634581014514 ], [ 7306581.431884658522904, 4562789.359095576219261 ], [ 7305599.537354252301157, 4561496.46498457621783 ], [ 7304373.944136647507548, 4561376.728434273973107 ], [ 7303474.429269794374704, 4561299.532920759171247 ], [ 7302868.492218127474189, 4560427.051729874685407 ], [ 7302317.838680850341916, 4560365.024517933838069 ] ] ] } },
{ "type": "Feature", "properties": { "id": "00030000000000006c1b", "COAST": 0, "DIST_MAIN": 2.1, "DIST_SINK": 2.1, "ENDO": 0, "HYBAS_ID": 2120616250, "MAIN_BAS": 2120014120, "NEXT_DOWN": 2120014120, "NEXT_SINK": 2120014120, "ORDER": 2, "PFAF_ID": 214096020000, "SORT": 23484, "SUB_AREA": 161.7, "UP_AREA": 161.7 }, "geometry": { "type": "Polygon", "coordinates": [ [ [ 7342499.266983146779239, 4560945.520783940330148 ], [ 7342645.293335603550076, 4559099.330635483376682 ], [ 7343139.975871086120605, 4558508.395901348441839 ], [ 7344251.502876484766603, 4558482.006852596066892 ], [ 7344743.898725347593427, 4557887.576111209578812 ], [ 7344828.792554742656648, 4557352.716460816562176 ], [ 7345137.283116788603365, 4556979.639705673791468 ], [ 7345243.704777471721172, 4555982.76460736989975 ], [ 7345582.50176300201565, 4555572.960273827426136 ], [ 7344245.042962010018528, 4553616.470807054080069 ], [ 7344326.210787177085876, 4553159.759808417409658 ], [ 7345006.132524665445089, 4552341.163028169423342 ], [ 7345178.553583342581987, 4549954.374055223539472 ], [ 7345673.974764427170157, 4549363.072374203242362 ], [ 7348183.659450950101018, 4549403.888964503072202 ], [ 7348494.340326013974845, 4549033.980023354291916 ], [ 7348905.053337711840868, 4548974.745641372166574 ], [ 7349216.162132732570171, 4548604.891487293876708 ], [ 7349771.40650191437453, 4548592.26673243008554 ], [ 7349793.512216964736581, 4548130.27528553456068 ], [ 7350325.944750539027154, 4548218.732086739502847 ], [ 7350759.66526254452765, 4548745.223290182650089 ], [ 7350797.884949523024261, 4550114.432464816607535 ], [ 7350409.920287560671568, 4550709.099780309945345 ], [ 7351307.039522252045572, 4552126.521679041907191 ], [ 7351386.308945212513208, 4552459.050604287534952 ], [ 7350920.670228724367917, 4553172.407532250508666 ], [ 7350294.731394950300455, 4553352.052752891555429 ], [ 7350138.537574115209281, 4555559.22965104971081 ], [ 7349982.355600235983729, 4557765.918369404040277 ], [ 7349489.832127354107797, 4557907.384250440634787 ], [ 7349145.409381940029562, 4558228.003958883695304 ], [ 7348659.408644133247435, 4558367.349131143651903 ], [ 7348489.913169780746102, 4559732.553288534283638 ], [ 7348810.529810767620802, 4560345.317950565367937 ], [ 7348882.335387024097145, 4560840.573103309608996 ], [ 7349532.153145366348326, 4561913.385621008463204 ], [ 7350009.675228772684932, 4562101.932605685666203 ], [ 7350420.730144864879549, 4562565.946481970138848 ], [ 7350517.326809362508357, 4563235.462185597978532 ], [ 7350750.500024508684874, 4563681.51032542064786 ], [ 7350821.736282972618937, 4564176.78045744355768 ], [ 7351054.857909707352519, 4564622.848223965615034 ], [ 7351133.263469318859279, 4564976.677239246666431 ], [ 7350374.655996527522802, 4565994.153843155130744 ], [ 7350943.280529553070664, 4566933.861923688091338 ], [ 7350992.495217550545931, 4567891.163823235780001 ], [ 7351225.442831214517355, 4568337.244012338109314 ], [ 7351162.395383608527482, 4571605.555919840931892 ], [ 7351729.654669460840523, 4572544.843212286010385 ], [ 7351445.168136619962752, 4572981.250022064894438 ], [ 7351312.112483493052423, 4573766.629717547446489 ], [ 7351631.678514999337494, 4574380.072540687397122 ], [ 7351703.035349893383682, 4574874.893744907341897 ], [ 7352587.867061936296523, 4576279.912973123602569 ], [ 7352576.653848353773355, 4578461.024566931650043 ], [ 7352199.35749798733741, 4579040.627435510978103 ], [ 7352117.593524878844619, 4579745.687410920858383 ], [ 7351564.275717681273818, 4579758.452236087992787 ], [ 7351254.505891295149922, 4580127.675950647331774 ], [ 7350701.598701464012265, 4580140.527046882547438 ], [ 7350724.010492590256035, 4579678.026500353589654 ], [ 7350753.008226503618062, 4577937.62110842205584 ], [ 7350199.139687937684357, 4577696.622141066938639 ], [ 7350098.688170604407787, 4577091.339725011959672 ], [ 7349222.636923837475479, 4575676.179849795997143 ], [ 7349183.659264211542904, 4574133.344979641959071 ], [ 7348374.5114366710186, 4573936.760873747989535 ], [ 7348054.71242833416909, 4573595.176995863206685 ], [ 7347002.35256187710911, 4573407.410952536389232 ], [ 7346682.0758964009583, 4573066.363789063878357 ], [ 7346327.044014585204422, 4572912.073470182716846 ], [ 7345353.264479817822576, 4571613.329482231289148 ], [ 7344842.753481338731945, 4571391.239142945967615 ], [ 7344562.358689269982278, 4570820.681838809512556 ], [ 7344525.581534554250538, 4569411.965868390165269 ], [ 7343551.022901760414243, 4567842.841041509993374 ], [ 7343713.74190097860992, 4566594.299379982985556 ], [ 7344832.665758616290987, 4565123.840892148204148 ], [ 7344744.787527786567807, 4564789.992737884633243 ], [ 7344515.990256072953343, 4564324.541312302462757 ], [ 7344838.505550547502935, 4563800.442529280669987 ], [ 7344025.127626093104482, 4562748.619518757797778 ], [ 7343669.51980756316334, 4562594.494536051526666 ], [ 7343348.569389801472425, 4562253.141229718923569 ], [ 7343170.924411440268159, 4562176.352429865859449 ], [ 7343154.087491509504616, 4561905.869006891734898 ], [ 7342499.266983146779239, 4560945.520783940330148 ] ] ] } },
{ "type": "Feature", "properties": { "id": "00030000000000006c1c", "COAST": 0, "DIST_MAIN": 23.0, "DIST_SINK": 23.0, "ENDO": 0, "HYBAS_ID": 2120618560, "MAIN_BAS": 2120014120, "NEXT_DOWN": 2120616240, "NEXT_SINK": 2120014120, "ORDER": 2, "PFAF_ID": 214096030200, "SORT": 23486, "SUB_AREA": 144.8, "UP_AREA": 144.9 }, "geometry": { "type": "Polygon", "coordinates": [ [ [ 7336344.065228895284235, 4559309.809872494079173 ], [ 7336627.171964559704065, 4558874.287100323475897 ], [ 7336766.153144455514848, 4557926.009753920137882 ], [ 7337040.481681727804244, 4557503.474274787120521 ], [ 7337158.12824528105557, 4557017.681574115529656 ], [ 7337535.379697034135461, 4556437.332205682992935 ], [ 7337455.19851085357368, 4556104.977174106985331 ], [ 7337133.467779608443379, 4555492.289143445901573 ], [ 7337350.457860490307212, 4552857.810389220714569 ], [ 7337727.888605929911137, 4552277.462539767846465 ], [ 7337647.641720452345908, 4551945.102477971464396 ], [ 7337405.654749532230198, 4551484.820946605876088 ], [ 7337689.08623147662729, 4551048.824588573537767 ], [ 7337828.549117350019515, 4550101.075341796502471 ], [ 7338178.28408564068377, 4549563.075469501316547 ], [ 7337812.433670490980148, 4549419.250895875506103 ], [ 7337911.993929051794112, 4549034.742000102065504 ], [ 7339853.868034907616675, 4548977.069879830814898 ], [ 7340016.059784556739032, 4548353.579913621768355 ], [ 7340284.864594325423241, 4547922.927455958910286 ], [ 7340430.291198343969882, 4546983.391839331947267 ], [ 7341070.865932394750416, 4546106.588125305250287 ], [ 7341194.831395405344665, 4545629.544502344913781 ], [ 7341463.785481041297317, 4545198.927576532587409 ], [ 7341639.875882312655449, 4544522.57287788297981 ], [ 7342226.710026919841766, 4543999.253365959972143 ], [ 7342900.009766385890543, 4544188.895149844698608 ], [ 7342973.733859205618501, 4545403.397489396855235 ], [ 7343403.188326440751553, 4545906.869017489254475 ], [ 7343762.025280851870775, 4546058.562029947526753 ], [ 7344088.564590746536851, 4546410.021459782496095 ], [ 7344446.655613740906119, 4546090.763426161371171 ], [ 7345518.151992141269147, 4546006.458678357303143 ], [ 7345868.486852496862411, 4545694.332944986410439 ], [ 7346404.249799078330398, 4545652.755420485511422 ], [ 7346609.506982390768826, 4545622.815815892070532 ], [ 7346920.583211909979582, 4545253.352933883666992 ], [ 7347331.474519681185484, 4545194.018882029689848 ], [ 7347642.633415250107646, 4544824.089298162609339 ], [ 7349248.150131609290838, 4544861.37193073052913 ], [ 7349264.897351401858032, 4545131.864643778651953 ], [ 7349537.124583344906569, 4545532.061160408891737 ], [ 7349548.884488632902503, 4546535.071078018285334 ], [ 7349821.031808696687222, 4546935.28724529594183 ], [ 7349793.512216964736581, 4548130.27528553456068 ], [ 7349771.40650191437453, 4548592.26673243008554 ], [ 7349216.162132732570171, 4548604.891487293876708 ], [ 7348905.053337711840868, 4548974.745641372166574 ], [ 7348494.340326013974845, 4549033.980023354291916 ], [ 7348183.659450950101018, 4549403.888964503072202 ], [ 7345673.974764427170157, 4549363.072374203242362 ], [ 7345178.553583342581987, 4549954.374055223539472 ], [ 7345006.132524665445089, 4552341.163028169423342 ], [ 7344326.210787177085876, 4553159.759808417409658 ], [ 7344245.042962010018528, 4553616.470807054080069 ], [ 7345582.50176300201565, 4555572.960273827426136 ], [ 7345243.704777471721172, 4555982.76460736989975 ], [ 7345137.283116788603365, 4556979.639705673791468 ], [ 7344828.792554742656648, 4557352.716460816562176 ], [ 7344743.898725347593427, 4557887.576111209578812 ], [ 7344251.502876484766603, 4558482.006852596066892 ], [ 7343139.975871086120605, 4558508.395901348441839 ], [ 7342645.293335603550076, 4559099.330635483376682 ], [ 7342499.266983146779239, 4560945.520783940330148 ], [ 7343154.087491509504616, 4561905.869006891734898 ], [ 7343170.924411440268159, 4562176.352429865859449 ], [ 7343111.895222406834364, 4562419.458932626061141 ], [ 7342095.51722976565361, 4563732.894079918973148 ], [ 7341977.197164901532233, 4564218.608244921080768 ], [ 7341615.608822096139193, 4564774.686607710085809 ], [ 7341012.569088780321181, 4564948.635141735896468 ], [ 7340865.05187161732465, 4565555.923202948644757 ], [ 7340117.182807778939605, 4566562.91277579497546 ], [ 7339623.992372592911124, 4566704.929066848009825 ], [ 7338539.754428947344422, 4567917.913882079534233 ], [ 7337654.152205222286284, 4567939.653038368560374 ], [ 7337675.625136804766953, 4567477.655572753399611 ], [ 7337639.232845683582127, 4567230.095396392047405 ], [ 7337397.203510157763958, 4566768.751860974356532 ], [ 7338431.479797557927668, 4565429.345203008502722 ], [ 7338189.416476340964437, 4564967.976638423278928 ], [ 7338224.773301735520363, 4562161.9363171197474 ], [ 7337662.837080454453826, 4561238.128609033301473 ], [ 7337570.178302659653127, 4560603.299084536731243 ], [ 7336678.542098304256797, 4560404.878329328261316 ], [ 7336621.908616206608713, 4560017.603183492086828 ], [ 7336585.777957066893578, 4559770.066379953175783 ], [ 7336344.065228895284235, 4559309.809872494079173 ] ] ] } },
{ "type": "Feature", "properties": { "id": "00030000000000006c1d", "COAST": 0, "DIST_MAIN": 30.8, "DIST_SINK": 30.8, "ENDO": 0, "HYBAS_ID": 2120619600, "MAIN_BAS": 2120014120, "NEXT_DOWN": 2120618550, "NEXT_SINK": 2120014120, "ORDER": 2, "PFAF_ID": 214096040100, "SORT": 23489, "SUB_AREA": 93.4, "UP_AREA": 282.4 }, "geometry": { "type": "Polygon", "coordinates": [ [ [ 7326691.675134047865868, 4547291.497220426797867 ], [ 7327587.769428955391049, 4546214.480522093363106 ], [ 7328350.710284165106714, 4546169.886273799464107 ], [ 7328842.730281731113791, 4545574.946227599866688 ], [ 7328884.416070376522839, 4545307.199074153788388 ], [ 7329062.582899409346282, 4545384.102248701266944 ], [ 7329385.013716040179133, 4545724.232563304714859 ], [ 7330791.408372832462192, 4545924.983374558389187 ], [ 7331113.738879919983447, 4546265.204210337251425 ], [ 7333666.38400381244719, 4546523.956979949958622 ], [ 7334008.452815856784582, 4547151.712520815432072 ], [ 7334078.744846779853106, 4548249.334581100381911 ], [ 7336106.053881211206317, 4548414.63963164575398 ], [ 7336084.80992528423667, 4548876.624525096267462 ], [ 7336286.288306266069412, 4548925.051265391521156 ], [ 7336561.351642873138189, 4549322.363928954117 ], [ 7336964.623566176742315, 4549419.762784665450454 ], [ 7337266.34716768655926, 4549856.001624347642064 ], [ 7337606.967807904817164, 4549449.413454310968518 ], [ 7337812.433670490980148, 4549419.250895875506103 ], [ 7338178.28408564068377, 4549563.075469501316547 ], [ 7337828.549117350019515, 4550101.075341796502471 ], [ 7337689.08623147662729, 4551048.824588573537767 ], [ 7337405.654749532230198, 4551484.820946605876088 ], [ 7337647.641720452345908, 4551945.102477971464396 ], [ 7337727.888605929911137, 4552277.462539767846465 ], [ 7337350.457860490307212, 4552857.810389220714569 ], [ 7337133.467779608443379, 4555492.289143445901573 ], [ 7337455.19851085357368, 4556104.977174106985331 ], [ 7337535.379697034135461, 4556437.332205682992935 ], [ 7337158.12824528105557, 4557017.681574115529656 ], [ 7337040.481681727804244, 4557503.474274787120521 ], [ 7336766.153144455514848, 4557926.009753920137882 ], [ 7336627.171964559704065, 4558874.287100323475897 ], [ 7336344.065228895284235, 4559309.809872494079173 ], [ 7336585.777957066893578, 4559770.066379953175783 ], [ 7336621.908616206608713, 4560017.603183492086828 ], [ 7336416.765170469880104, 4560047.285663558170199 ], [ 7335365.980471444316208, 4561309.901204240508378 ], [ 7334955.764439953491092, 4561369.827922669239342 ], [ 7334276.005457540974021, 4562186.193118611350656 ], [ 7333865.871872930787504, 4562245.686452604830265 ], [ 7333556.453276433981955, 4562616.137106177397072 ], [ 7333351.379861081019044, 4562646.389264456927776 ], [ 7333393.72832184843719, 4561721.920737128704786 ], [ 7333099.072958009317517, 4561606.320237791165709 ], [ 7333240.586746236309409, 4556374.100504921749234 ], [ 7331897.247969808988273, 4554313.359519170597196 ], [ 7330404.03732046764344, 4554112.255477933213115 ], [ 7329433.38931215275079, 4552804.987243806943297 ], [ 7329251.027105210348964, 4552733.820927738212049 ], [ 7329256.527514840476215, 4551456.324463928118348 ], [ 7328488.638844565488398, 4550446.850478190928698 ], [ 7328032.00810279417783, 4550268.7218949040398 ], [ 7327940.508602351881564, 4549650.543235092423856 ], [ 7327705.470093018375337, 4549204.841332802549005 ], [ 7327606.437873722985387, 4548535.784553507342935 ], [ 7327193.157487369142473, 4548073.199414598755538 ], [ 7327010.653800032101572, 4548002.09364009834826 ], [ 7326992.743991979397833, 4547731.681372128427029 ], [ 7326691.675134047865868, 4547291.497220426797867 ] ] ] } },
{ "type": "Feature", "properties": { "id": "00030000000000006c1e", "COAST": 0, "DIST_MAIN": 45.7, "DIST_SINK": 45.7, "ENDO": 0, "HYBAS_ID": 2121217640, "MAIN_BAS": 2120014120, "NEXT_DOWN": 2120619600, "NEXT_SINK": 2120014120, "ORDER": 2, "PFAF_ID": 214096040200, "SORT": 23491, "SUB_AREA": 189.0, "UP_AREA": 189.0 }, "geometry": { "type": "Polygon", "coordinates": [ [ [ 7327341.2448495561257, 4540607.033677619881928 ], [ 7327383.403922468423843, 4540335.843146618455648 ], [ 7327877.403303828090429, 4539743.86482703499496 ], [ 7328288.3079704483971, 4539683.954123192466795 ], [ 7328598.603258832357824, 4539313.261329154483974 ], [ 7329854.888412925414741, 4539330.531586159020662 ], [ 7330410.655163064599037, 4539315.916910913772881 ], [ 7330720.689071127213538, 4538945.779779956676066 ], [ 7331832.292396401055157, 4538917.209630913101137 ], [ 7332142.812080832198262, 4538546.659281118772924 ], [ 7334305.25402439199388, 4538566.615771181881428 ], [ 7334615.920671571046114, 4538196.163987789303064 ], [ 7334821.296405682340264, 4538165.882343266159296 ], [ 7338179.944328446872532, 4538280.84624801389873 ], [ 7338862.357183175161481, 4537464.730909292586148 ], [ 7340324.549645783379674, 4537453.605813030153513 ], [ 7340635.578928094357252, 4537083.388130100443959 ], [ 7341046.811158904805779, 4537024.174210644327104 ], [ 7341792.950232760980725, 4536132.431830536574125 ], [ 7343539.134254419244826, 4536292.789454761892557 ], [ 7343870.372192378155887, 4536771.304631976410747 ], [ 7345273.172157219611108, 4536758.862565658055246 ], [ 7345584.501371273770928, 4536388.833086217753589 ], [ 7345995.858577559702098, 4536329.393565580248833 ], [ 7346307.23956177663058, 4535959.389399389736354 ], [ 7346512.736976593732834, 4535929.928362151607871 ], [ 7347418.134506352245808, 4536011.896677569486201 ], [ 7347853.972713043913245, 4536650.242516754195094 ], [ 7347887.731040557846427, 4537190.721070801839232 ], [ 7348160.365269500762224, 4537591.334240324795246 ], [ 7348150.561375365592539, 4539056.311309286393225 ], [ 7348423.096220918931067, 4539456.936708432622254 ], [ 7348456.762353681959212, 4539997.42906076926738 ], [ 7348729.261102691292763, 4540397.574463568627834 ], [ 7348741.089224703609943, 4541404.036634558811784 ], [ 7349178.471066983416677, 4542039.120702448301017 ], [ 7350282.833107208833098, 4542170.673057132400572 ], [ 7350884.985204187221825, 4543047.279372375458479 ], [ 7351086.952106215059757, 4543096.126921211369336 ], [ 7351064.776184545829892, 4543558.619478162378073 ], [ 7350975.592033402062953, 4543922.701110335066915 ], [ 7350503.863609738647938, 4544057.763766623102129 ], [ 7349786.83285996504128, 4544824.129797245375812 ], [ 7349248.150131609290838, 4544861.37193073052913 ], [ 7347642.633415250107646, 4544824.089298162609339 ], [ 7347331.474519681185484, 4545194.018882029689848 ], [ 7346920.583211909979582, 4545253.352933883666992 ], [ 7346609.506982390768826, 4545622.815815892070532 ], [ 7346404.249799078330398, 4545652.755420485511422 ], [ 7345868.486852496862411, 4545694.332944986410439 ], [ 7345518.151992141269147, 4546006.458678357303143 ], [ 7344446.655613740906119, 4546090.763426161371171 ], [ 7344088.564590746536851, 4546410.021459782496095 ], [ 7343762.025280851870775, 4546058.562029947526753 ], [ 7343403.188326440751553, 4545906.869017489254475 ], [ 7342973.733859205618501, 4545403.397489396855235 ], [ 7342900.009766385890543, 4544188.895149844698608 ], [ 7342226.710026919841766, 4543999.253365959972143 ], [ 7341639.875882312655449, 4544522.57287788297981 ], [ 7341463.785481041297317, 4545198.927576532587409 ], [ 7341194.831395405344665, 4545629.544502344913781 ], [ 7341070.865932394750416, 4546106.588125305250287 ], [ 7340430.291198343969882, 4546983.391839331947267 ], [ 7340284.864594325423241, 4547922.927455958910286 ], [ 7340016.059784556739032, 4548353.579913621768355 ], [ 7339853.868034907616675, 4548977.069879830814898 ], [ 7337911.993929051794112, 4549034.742000102065504 ], [ 7337812.433670490980148, 4549419.250895875506103 ], [ 7337606.967807904817164, 4549449.413454310968518 ], [ 7337266.34716768655926, 4549856.001624347642064 ], [ 7336964.623566176742315, 4549419.762784665450454 ], [ 7336561.351642873138189, 4549322.363928954117 ], [ 7336286.288306266069412, 4548925.051265391521156 ], [ 7336084.80992528423667, 4548876.624525096267462 ], [ 7336106.053881211206317, 4548414.63963164575398 ], [ 7334078.744846779853106, 4548249.334581100381911 ], [ 7334008.452815856784582, 4547151.712520815432072 ], [ 7333666.38400381244719, 4546523.956979949958622 ], [ 7331113.738879919983447, 4546265.204210337251425 ], [ 7330791.408372832462192, 4545924.983374558389187 ], [ 7329385.013716040179133, 4545724.232563304714859 ], [ 7329062.582899409346282, 4545384.102248701266944 ], [ 7328884.416070376522839, 4545307.199074153788388 ], [ 7328682.429625165648758, 4545258.970052902586758 ], [ 7327914.168807453475893, 4544147.030303382314742 ], [ 7327896.01939302124083, 4543219.915149036794901 ], [ 7328267.156893935985863, 4542770.177489317953587 ], [ 7328367.664277628064156, 4541851.356000164523721 ], [ 7327545.59335997980088, 4540655.813331332989037 ], [ 7327341.2448495561257, 4540607.033677619881928 ] ] ] } },
{ "type": "Feature", "properties": { "id": "00030000000000006c1f", "COAST": 0, "DIST_MAIN": 56.5, "DIST_SINK": 56.5, "ENDO": 0, "HYBAS_ID": 2120621580, "MAIN_BAS": 2120014120, "NEXT_DOWN": 2121216970, "NEXT_SINK": 2120014120, "ORDER": 2, "PFAF_ID": 214096060100, "SORT": 23494, "SUB_AREA": 40.6, "UP_AREA": 450.2 }, "geometry": { "type": "Polygon", "coordinates": [ [ [ 7309365.351881162263453, 4542603.765679609961808 ], [ 7309570.790653755888343, 4542573.307447363622487 ], [ 7310249.428972915746272, 4541754.736945933662355 ], [ 7310660.000265671871603, 4541693.356935827992857 ], [ 7311032.155292296782136, 4541246.362754160538316 ], [ 7311376.521178252995014, 4541339.28418283443898 ], [ 7311983.401230511255562, 4542212.906668034382164 ], [ 7312387.276950674131513, 4542308.416478982195258 ], [ 7312663.838958438485861, 4542704.729164995253086 ], [ 7313915.947865546680987, 4542797.451815006323159 ], [ 7314265.825702387839556, 4542812.461890745908022 ], [ 7315868.149282642640173, 4542921.061443192884326 ], [ 7316144.131952252238989, 4543317.505480074323714 ], [ 7316696.074361528269947, 4543380.504277190193534 ], [ 7316654.026255615055561, 4545037.245106901973486 ], [ 7316927.895259084179997, 4545436.122310555540025 ], [ 7316947.509356381371617, 4546360.160325325094163 ], [ 7316577.272292179055512, 4546810.427124398760498 ], [ 7316434.820623339153826, 4548731.903310539200902 ], [ 7316127.631075576879084, 4549106.113834642805159 ], [ 7316044.862859987653792, 4549641.185055624693632 ], [ 7315738.122306331992149, 4550014.932794893160462 ], [ 7315696.550517432391644, 4550282.707168070599437 ], [ 7315347.03134626802057, 4550267.614649384282529 ], [ 7314821.333006605505943, 4550173.574562592431903 ], [ 7313504.2857501283288, 4548407.888370869681239 ], [ 7312452.59890703111887, 4548219.643347844481468 ], [ 7311464.991069328039885, 4546931.303137895651162 ], [ 7310307.699203656986356, 4546725.028440421447158 ], [ 7310253.872363731265068, 4545182.247375498525798 ], [ 7309370.592907720245421, 4543767.384048514068127 ], [ 7309365.351881162263453, 4542603.765679609961808 ] ] ] } },
{ "type": "Feature", "properties": { "id": "00030000000000006c20", "COAST": 0, "DIST_MAIN": 64.7, "DIST_SINK": 64.7, "ENDO": 0, "HYBAS_ID": 2120622900, "MAIN_BAS": 2120014120, "NEXT_DOWN": 2120621580, "NEXT_SINK": 2120014120, "ORDER": 2, "PFAF_ID": 214096060310, "SORT": 23496, "SUB_AREA": 121.3, "UP_AREA": 274.2 }, "geometry": { "type": "Polygon", "coordinates": [ [ [ 7313918.683038187213242, 4542208.40068371873349 ], [ 7314267.220058326609433, 4541669.36412610206753 ], [ 7314660.939615049399436, 4534712.873714356683195 ], [ 7314934.580379719845951, 4534289.549821550957859 ], [ 7315064.111625013872981, 4533503.765375966206193 ], [ 7314731.337314466014504, 4532877.545392047613859 ], [ 7315013.856614558026195, 4532441.219107474200428 ], [ 7315150.379579884000123, 4531492.716603006236255 ], [ 7316165.150271397083998, 4530175.122463683597744 ], [ 7316281.552389326505363, 4529689.067014219239354 ], [ 7316555.416095169261098, 4529266.286322402767837 ], [ 7316706.195874482393265, 4528637.519605978392065 ], [ 7317335.051401261240244, 4528590.796786986291409 ], [ 7317888.081912131048739, 4528654.320405344478786 ], [ 7318164.989686139859259, 4529050.825077712535858 ], [ 7318718.005993382073939, 4529113.91986776702106 ], [ 7318737.779219074174762, 4529932.903525180183351 ], [ 7319506.242420293390751, 4530937.020043227821589 ], [ 7319964.671372700482607, 4531114.548398207873106 ], [ 7320079.077323272824287, 4531879.696096948347986 ], [ 7321158.24877018854022, 4533324.247554495930672 ], [ 7321708.84891356062144, 4533538.151589676737785 ], [ 7321257.081247323192656, 4534234.943143375217915 ], [ 7321380.707420465536416, 4534741.368747442960739 ], [ 7322535.763489238917828, 4536289.127431750297546 ], [ 7326664.391095602884889, 4536345.905756494961679 ], [ 7327019.583835516124964, 4536013.81929540541023 ], [ 7327343.835137731395662, 4536376.186103334650397 ], [ 7327709.81131349503994, 4536518.411445659585297 ], [ 7328023.988154824823141, 4536869.458979868330061 ], [ 7328389.908271522261202, 4537012.211512461304665 ], [ 7329033.485741519369185, 4537840.969030493870378 ], [ 7329216.614110035821795, 4537912.132190529257059 ], [ 7329195.852323640137911, 4538374.600864555686712 ], [ 7329398.020076383836567, 4538422.831316488794982 ], [ 7329836.787726264446974, 4539056.635363522917032 ], [ 7329854.888412925414741, 4539330.531586159020662 ], [ 7328598.603258832357824, 4539313.261329154483974 ], [ 7328288.3079704483971, 4539683.954123192466795 ], [ 7327877.403303828090429, 4539743.86482703499496 ], [ 7327383.403922468423843, 4540335.843146618455648 ], [ 7327341.2448495561257, 4540607.033677619881928 ], [ 7325384.820395692251623, 4540559.049499104730785 ], [ 7325074.742504616267979, 4540929.859502198174596 ], [ 7323963.573563115671277, 4540959.437098270282149 ], [ 7323653.959424550645053, 4541330.325283983722329 ], [ 7323242.829824488610029, 4541390.475310611538589 ], [ 7322933.275723366998136, 4541761.387501085177064 ], [ 7322522.559376056306064, 4541821.590340537950397 ], [ 7322212.673632717691362, 4542192.515246112830937 ], [ 7321801.972405119799078, 4542253.248879541642964 ], [ 7321492.146446437574923, 4542624.206065283156931 ], [ 7321081.495993442833424, 4542684.488768375478685 ], [ 7320771.722969385795295, 4543055.462652424350381 ], [ 7319660.961565369740129, 4543085.677552445791662 ], [ 7319351.652347674593329, 4543456.729524788446724 ], [ 7318300.560583676211536, 4543489.246472163125873 ], [ 7317968.14845428429544, 4543011.958727121353149 ], [ 7317623.929910548962653, 4542918.22917384840548 ], [ 7317251.387646893039346, 4543365.403789209201932 ], [ 7316696.074361528269947, 4543380.504277190193534 ], [ 7316144.131952252238989, 4543317.505480074323714 ], [ 7315868.149282642640173, 4542921.061443192884326 ], [ 7314265.825702387839556, 4542812.461890745908022 ], [ 7314285.653461155481637, 4542350.503474681638181 ], [ 7313918.683038187213242, 4542208.40068371873349 ] ] ] } },
{ "type": "Feature", "properties": { "id": "00030000000000006c21", "COAST": 0, "DIST_MAIN": 82.5, "DIST_SINK": 82.5, "ENDO": 0, "HYBAS_ID": 2121218530, "MAIN_BAS": 2120014120, "NEXT_DOWN": 2120622900, "NEXT_SINK": 2120014120, "ORDER": 2, "PFAF_ID": 214096060320, "SORT": 23498, "SUB_AREA": 152.9, "UP_AREA": 153.0 }, "geometry": { "type": "Polygon", "coordinates": [ [ [ 7318718.005993382073939, 4529113.91986776702106 ], [ 7318810.673312118276954, 4528728.442197221331298 ], [ 7319979.018426434136927, 4528642.41542961448431 ], [ 7320322.833418402820826, 4528320.413441703654826 ], [ 7320511.752480215393007, 4528265.705621966160834 ], [ 7320700.669269656762481, 4528211.006538731977344 ], [ 7321415.352106736041605, 4527441.885085804387927 ], [ 7322143.882802468724549, 4527347.877123177051544 ], [ 7322859.148832447826862, 4526579.394369276240468 ], [ 7323678.606586628593504, 4526473.658125719055533 ], [ 7323858.108013137243688, 4525728.289311887696385 ], [ 7324330.284691818058491, 4525591.48562593664974 ], [ 7324674.437693447805941, 4525269.670604839920998 ], [ 7325052.504265032708645, 4525160.478721582330763 ], [ 7325525.464346942491829, 4524718.008071615360677 ], [ 7326555.152138169854879, 4524901.365644887089729 ], [ 7326911.358366275206208, 4525523.269433066248894 ], [ 7327008.240002846345305, 4526171.344449853524566 ], [ 7327857.652867145836353, 4527263.253273759968579 ], [ 7328127.93725548312068, 4527149.419706533662975 ], [ 7328483.605629341676831, 4526816.884493288584054 ], [ 7328926.136019407771528, 4527310.939460404217243 ], [ 7330583.700800193473697, 4527259.337788482196629 ], [ 7330928.462288083508611, 4526937.817520460113883 ], [ 7332358.650464372709394, 4526875.881151472218335 ], [ 7332703.519296514801681, 4526554.436012800782919 ], [ 7333081.307923286221921, 4526445.631185067817569 ], [ 7333426.220429223962128, 4526124.223062024451792 ], [ 7333614.949416709132493, 4526069.823517942801118 ], [ 7333670.010893863625824, 4526440.578573749400675 ], [ 7334128.481391404755414, 4526618.990857570432127 ], [ 7334442.498961728997529, 4526970.28887942712754 ], [ 7335159.91195668745786, 4527129.315784153528512 ], [ 7335573.730774053372443, 4527592.270113731734455 ], [ 7335672.623766873963177, 4528261.449263111688197 ], [ 7335908.089040634222329, 4528706.883671351708472 ], [ 7335923.454495804384351, 4529416.367663716897368 ], [ 7335734.762926421128213, 4529471.201075433753431 ], [ 7335280.65477800834924, 4529894.577025843784213 ], [ 7335120.934617814607918, 4530551.963093858212233 ], [ 7334845.975539037026465, 4530974.117743612267077 ], [ 7334728.316337356343865, 4531460.437116703949869 ], [ 7334366.07897315453738, 4532016.910494293086231 ], [ 7333747.366297005675733, 4532195.467321054078639 ], [ 7333588.822469919919968, 4533343.601830303668976 ], [ 7334347.870455958880484, 4533639.325175025500357 ], [ 7333997.481045099906623, 4534177.514877618290484 ], [ 7333844.282189688645303, 4535446.832719542086124 ], [ 7334497.939598830416799, 4536515.96639459207654 ], [ 7334549.731049792841077, 4537472.961314203217626 ], [ 7334784.863248975016177, 4537918.874731843359768 ], [ 7334821.296405682340264, 4538165.882343266159296 ], [ 7334615.920671571046114, 4538196.163987789303064 ], [ 7334305.25402439199388, 4538566.615771181881428 ], [ 7332142.812080832198262, 4538546.659281118772924 ], [ 7331832.292396401055157, 4538917.209630913101137 ], [ 7330720.689071127213538, 4538945.779779956676066 ], [ 7330410.655163064599037, 4539315.916910913772881 ], [ 7329854.888412925414741, 4539330.531586159020662 ], [ 7329836.787726264446974, 4539056.635363522917032 ], [ 7329398.020076383836567, 4538422.831316488794982 ], [ 7329195.852323640137911, 4538374.600864555686712 ], [ 7329216.614110035821795, 4537912.132190529257059 ], [ 7329033.485741519369185, 4537840.969030493870378 ], [ 7328389.908271522261202, 4537012.211512461304665 ], [ 7328023.988154824823141, 4536869.458979868330061 ], [ 7327709.81131349503994, 4536518.411445659585297 ], [ 7327343.835137731395662, 4536376.186103334650397 ], [ 7327019.583835516124964, 4536013.81929540541023 ], [ 7326664.391095602884889, 4536345.905756494961679 ], [ 7322535.763489238917828, 4536289.127431750297546 ], [ 7321380.707420465536416, 4534741.368747442960739 ], [ 7321257.081247323192656, 4534234.943143375217915 ], [ 7321708.84891356062144, 4533538.151589676737785 ], [ 7321158.24877018854022, 4533324.247554495930672 ], [ 7320079.077323272824287, 4531879.696096948347986 ], [ 7319964.671372700482607, 4531114.548398207873106 ], [ 7319506.242420293390751, 4530937.020043227821589 ], [ 7318737.779219074174762, 4529932.903525180183351 ], [ 7318718.005993382073939, 4529113.91986776702106 ] ] ] } },
{ "type": "Feature", "properties": { "id": "00030000000000006c22", "COAST": 0, "DIST_MAIN": 99.0, "DIST_SINK": 99.0, "ENDO": 0, "HYBAS_ID": 2120625290, "MAIN_BAS": 2120014120, "NEXT_DOWN": 2121218500, "NEXT_SINK": 2120014120, "ORDER": 2, "PFAF_ID": 214096080100, "SORT": 23501, "SUB_AREA": 136.1, "UP_AREA": 305.8 }, "geometry": { "type": "Polygon", "coordinates": [ [ [ 7293467.142231334000826, 4519268.288332058116794 ], [ 7293524.618668964132667, 4519024.88193419855088 ], [ 7293797.408463598228991, 4518601.303783765994012 ], [ 7293961.50148497056216, 4517080.155101832933724 ], [ 7294442.462134149856865, 4516593.064962876029313 ], [ 7295171.451928162947297, 4516495.85298122651875 ], [ 7295642.895597339607775, 4516052.042512119747698 ], [ 7296589.664852275513113, 4516215.843756499700248 ], [ 7297238.64118256047368, 4517041.981489143334329 ], [ 7299011.032171544618905, 4517239.392624972388148 ], [ 7299445.576452447101474, 4517719.70971336774528 ], [ 7299798.417079627513885, 4517559.65976042766124 ], [ 7299967.81352735683322, 4516846.727719039656222 ], [ 7300439.932437520474195, 4516708.390091989189386 ], [ 7301153.608531755395234, 4515937.886103144846857 ], [ 7301342.263816552236676, 4515882.666889497078955 ], [ 7301693.761670978739858, 4515897.024513890966773 ], [ 7302251.019754459150136, 4515880.174628855660558 ], [ 7302560.352335137315094, 4515508.406479323282838 ], [ 7303675.278491729870439, 4515475.89627297129482 ], [ 7303984.699775853194296, 4515104.176560750231147 ], [ 7304542.018631101585925, 4515087.999181153252721 ], [ 7304465.109313329681754, 4515793.280072394758463 ], [ 7304089.405591697432101, 4516375.285936801694334 ], [ 7304152.342453023418784, 4517169.070876051671803 ], [ 7304722.008564028888941, 4518090.27692146319896 ], [ 7304797.594715343788266, 4518584.371064766310155 ], [ 7305035.187721854075789, 4519029.179172904230654 ], [ 7305110.367863185703754, 4519523.261925474740565 ], [ 7305347.903488788753748, 4519968.085076111368835 ], [ 7305365.984412065707147, 4521848.52128922007978 ], [ 7305603.417392482049763, 4522293.361334668472409 ], [ 7305666.183817603625357, 4523365.123161065392196 ], [ 7306101.677894340828061, 4523885.089700111187994 ], [ 7306909.191030805930495, 4524060.88805893715471 ], [ 7307023.950860771350563, 4524818.260996583849192 ], [ 7307299.375608800910413, 4524924.382481624372303 ], [ 7307280.095264481380582, 4525386.330694949254394 ], [ 7307648.037824119441211, 4525528.04338701441884 ], [ 7307299.432579384185374, 4526067.398853966034949 ], [ 7307190.380302506498992, 4526391.328781981952488 ], [ 7307523.778524143621325, 4527016.64904213976115 ], [ 7307241.544969975017011, 4527453.739493805915117 ], [ 7307087.114985743537545, 4528864.790374431759119 ], [ 7304964.681474392302334, 4531525.678944525308907 ], [ 7304906.860619905404747, 4531769.022526951506734 ], [ 7304704.400718900375068, 4531721.486282525584102 ], [ 7304426.949193563312292, 4531325.523206416517496 ], [ 7304022.404595403000712, 4531229.995140777900815 ], [ 7303717.93116625957191, 4530795.29061243776232 ], [ 7303378.626403336413205, 4531203.389244884252548 ], [ 7302676.836663068272173, 4531253.224702132865787 ], [ 7302342.843454636633396, 4530776.246184329502285 ], [ 7300595.451826129108667, 4530626.292440188117325 ], [ 7299854.264721720479429, 4531521.940655733458698 ], [ 7298451.468466204591095, 4531543.09508706536144 ], [ 7298117.210116340778768, 4531066.824416579678655 ], [ 7297712.225074421614408, 4530971.641437490470707 ], [ 7297434.761283531785011, 4530575.97599393222481 ], [ 7297232.251840682700276, 4530528.641904379241168 ], [ 7297269.632245207205415, 4529604.265739967115223 ], [ 7297235.426452425308526, 4529353.201640396378934 ], [ 7296991.088321591727436, 4528916.801278905011714 ], [ 7296940.555187634192407, 4527952.70715687610209 ], [ 7296613.027989027090371, 4527367.814888616092503 ], [ 7296753.667650014162064, 4526891.480360814370215 ], [ 7297222.681507961824536, 4526766.244576796889305 ], [ 7298668.273108338005841, 4525090.887309373356402 ], [ 7299139.709936666302383, 4524965.368885515257716 ], [ 7299274.804675263352692, 4524482.392026842571795 ], [ 7298950.732524598017335, 4523904.47471129335463 ], [ 7298867.146757212467492, 4523294.71681350748986 ], [ 7297441.844314523041248, 4521337.715451369062066 ], [ 7297067.912724829278886, 4521205.225932719185948 ], [ 7296426.053717454895377, 4520371.426103769801557 ], [ 7295700.798352112062275, 4520224.406014581210911 ], [ 7295391.503343251533806, 4519866.737727152183652 ], [ 7294314.864536085166037, 4519706.289219281636178 ], [ 7294005.491591189987957, 4519348.67470046505332 ], [ 7293467.142231334000826, 4519268.288332058116794 ] ] ] } },
{ "type": "Feature", "properties": { "id": "00030000000000006c23", "COAST": 0, "DIST_MAIN": 112.4, "DIST_SINK": 112.4, "ENDO": 0, "HYBAS_ID": 2121219480, "MAIN_BAS": 2120014120, "NEXT_DOWN": 2120625290, "NEXT_SINK": 2120014120, "ORDER": 2, "PFAF_ID": 214096080200, "SORT": 23503, "SUB_AREA": 169.7, "UP_AREA": 169.7 }, "geometry": { "type": "Polygon", "coordinates": [ [ [ 7304089.405591697432101, 4516375.285936801694334 ], [ 7304465.109313329681754, 4515793.280072394758463 ], [ 7304542.018631101585925, 4515087.999181153252721 ], [ 7304731.101940982975066, 4515032.872243863530457 ], [ 7305074.729608299210668, 4514710.168188568204641 ], [ 7305452.948209930211306, 4514599.467024235054851 ], [ 7306537.779421540908515, 4513381.532154381275177 ], [ 7307267.33508619107306, 4513285.987120197154582 ], [ 7307611.155519556254148, 4512963.391358949244022 ], [ 7308340.793717094697058, 4512867.456665193662047 ], [ 7308685.0602813558653, 4512544.921460723504424 ], [ 7308939.682421440258622, 4512429.709974380210042 ], [ 7309373.593427010811865, 4512910.607694123871624 ], [ 7309833.375343562103808, 4513087.424378674477339 ], [ 7309889.780442320741713, 4513458.413338396698236 ], [ 7311295.213134005665779, 4513517.481788898818195 ], [ 7312270.10937509406358, 4513627.976081731729209 ], [ 7312329.839570187032223, 4514024.402222888544202 ], [ 7312884.38063149061054, 4514087.011158281937242 ], [ 7313218.66934070084244, 4514563.949811358004808 ], [ 7313570.568107125349343, 4514500.597720367833972 ], [ 7313880.938060622662306, 4514129.277084679342806 ], [ 7315141.285255738534033, 4514143.785141034051776 ], [ 7315159.544427591376007, 4514413.613164405338466 ], [ 7315434.843269121833146, 4514812.838182780891657 ], [ 7315433.328878658823669, 4515545.120572376064956 ], [ 7315451.789389510639012, 4515818.430878083221614 ], [ 7316225.370252950116992, 4516928.746530837379396 ], [ 7316427.823142470791936, 4516976.562444797717035 ], [ 7316388.195523463189602, 4517900.965557138435543 ], [ 7316408.768241710029542, 4518720.915392368100584 ], [ 7316847.810951567254961, 4519246.666572829708457 ], [ 7317424.431269955821335, 4519469.665389607660472 ], [ 7317200.372626237571239, 4519724.630172552540898 ], [ 7316606.775734419934452, 4519897.329134679399431 ], [ 7316657.788882646709681, 4520936.12783669680357 ], [ 7316894.637421976774931, 4521380.864572637714446 ], [ 7316955.787891937419772, 4522453.306764249689877 ], [ 7317390.613250821828842, 4522973.983818674460053 ], [ 7317574.218462457880378, 4523044.828596244566143 ], [ 7317554.284748749807477, 4523507.278869866393507 ], [ 7317348.273511542007327, 4523537.546229251660407 ], [ 7316854.679117406718433, 4524130.243204494006932 ], [ 7316812.52985183428973, 4524401.456448272801936 ], [ 7316529.44284338131547, 4524483.927343745715916 ], [ 7316441.919883704744279, 4524848.336220006458461 ], [ 7315885.222561709582806, 4524863.576825750991702 ], [ 7315575.114237289875746, 4525234.797170572914183 ], [ 7314812.866426262073219, 4525280.949610902927816 ], [ 7314502.836108584888279, 4525652.205715151503682 ], [ 7313740.29190032556653, 4525697.956903862766922 ], [ 7312876.053669080138206, 4526738.37457265611738 ], [ 7312773.722213221713901, 4527738.878240492194891 ], [ 7312282.483329004608095, 4528335.392924166284502 ], [ 7311517.97447950579226, 4528381.757442261092365 ], [ 7309544.062454502098262, 4530764.381299803964794 ], [ 7309461.624773444607854, 4531302.960443774238229 ], [ 7309154.234542709775269, 4531676.982778021134436 ], [ 7309071.945203340612352, 4532212.597166883759201 ], [ 7308211.574805486947298, 4533256.069259287789464 ], [ 7307797.949258981272578, 4533317.508465561084449 ], [ 7306748.992335426621139, 4534584.098460171371698 ], [ 7305492.244942709803581, 4534570.837987658567727 ], [ 7305512.261703590862453, 4533376.642525101080537 ], [ 7304906.149146948009729, 4532501.260024377144873 ], [ 7304906.860619905404747, 4531769.022526951506734 ], [ 7304964.681474392302334, 4531525.678944525308907 ], [ 7307087.114985743537545, 4528864.790374431759119 ], [ 7307241.544969975017011, 4527453.739493805915117 ], [ 7307523.778524143621325, 4527016.64904213976115 ], [ 7307190.380302506498992, 4526391.328781981952488 ], [ 7307299.432579384185374, 4526067.398853966034949 ], [ 7307648.037824119441211, 4525528.04338701441884 ], [ 7307280.095264481380582, 4525386.330694949254394 ], [ 7307299.375608800910413, 4524924.382481624372303 ], [ 7307023.950860771350563, 4524818.260996583849192 ], [ 7306909.191030805930495, 4524060.88805893715471 ], [ 7306101.677894340828061, 4523885.089700111187994 ], [ 7305666.183817603625357, 4523365.123161065392196 ], [ 7305603.417392482049763, 4522293.361334668472409 ], [ 7305365.984412065707147, 4521848.52128922007978 ], [ 7305347.903488788753748, 4519968.085076111368835 ], [ 7305110.367863185703754, 4519523.261925474740565 ], [ 7305035.187721854075789, 4519029.179172904230654 ], [ 7304797.594715343788266, 4518584.371064766310155 ], [ 7304722.008564028888941, 4518090.27692146319896 ], [ 7304152.342453023418784, 4517169.070876051671803 ], [ 7304089.405591697432101, 4516375.285936801694334 ] ] ] } },
{ "type": "Feature", "properties": { "id": "00030000000000006c24", "COAST": 0, "DIST_MAIN": 10.1, "DIST_SINK": 10.1, "ENDO": 0, "HYBAS_ID": 2120622060, "MAIN_BAS": 2120014230, "NEXT_DOWN": 2120014230, "NEXT_SINK": 2120014230, "ORDER": 2, "PFAF_ID": 214097304200, "SORT": 23523, "SUB_AREA": 123.9, "UP_AREA": 124.1 }, "geometry": { "type": "Polygon", "coordinates": [ [ [ 7399386.028881688602269, 4526563.517692682333291 ], [ 7400088.231628741137683, 4526601.640445596538484 ], [ 7400726.878048669546843, 4526554.507442276924849 ], [ 7400924.671311100944877, 4525364.572253200225532 ], [ 7401216.890854123979807, 4525272.316640360280871 ], [ 7402476.773665964603424, 4525301.847373060882092 ], [ 7402822.240436694584787, 4524897.995060435496271 ], [ 7403121.62036522757262, 4525337.110336976125836 ], [ 7403876.800577096641064, 4525456.872241388075054 ], [ 7404149.594993744045496, 4525856.879726416431367 ], [ 7404844.970889752730727, 4525973.469653677195311 ], [ 7405223.984861696138978, 4525530.866914827376604 ], [ 7405636.768624821677804, 4525475.187254677526653 ], [ 7406328.304614137858152, 4524664.299335104413331 ], [ 7406741.530836842954159, 4524608.697168503887951 ], [ 7407056.26480723451823, 4524241.024071815423667 ], [ 7407409.784776096232235, 4524181.65878301858902 ], [ 7408388.684011545032263, 4525627.248273268342018 ], [ 7408792.832393063232303, 4525728.070283959619701 ], [ 7409226.623415423557162, 4526366.989002508111298 ], [ 7409256.663281681016088, 4526911.533614316955209 ], [ 7409526.715872555971146, 4527314.601869464851916 ], [ 7409534.818639508448541, 4528239.043476453982294 ], [ 7409127.029401546344161, 4528721.525113176554441 ], [ 7410399.308077270165086, 4530609.119657821021974 ], [ 7410388.165895230136812, 4531341.950324674136937 ], [ 7410326.783699420280755, 4531584.666297984309494 ], [ 7410038.210676096379757, 4532017.663816182874143 ], [ 7410276.777030367404222, 4532480.576799659058452 ], [ 7410344.735580437816679, 4532976.647011780180037 ], [ 7410575.78600818477571, 4533424.760390142910182 ], [ 7410627.319492951966822, 4534220.654355104081333 ], [ 7410243.062863443978131, 4534797.160339366644621 ], [ 7409980.618575242348015, 4537709.384875423274934 ], [ 7409486.719863495789468, 4537846.561167380772531 ], [ 7409002.950964515097439, 4538322.272010995075107 ], [ 7408836.494087583385408, 4539384.375901835970581 ], [ 7408557.267231188714504, 4539804.021282684989274 ], [ 7408366.097013919614255, 4541513.340303353965282 ], [ 7408683.421640201471746, 4542129.500023106113076 ], [ 7408648.121777431108057, 4544474.279174160212278 ], [ 7408878.745005872100592, 4544922.859109138138592 ], [ 7408550.934657330624759, 4551642.172307028435171 ], [ 7407930.798111942596734, 4551534.068430004641414 ], [ 7407876.86480719409883, 4551141.006668638437986 ], [ 7407527.09751883149147, 4551121.49109538923949 ], [ 7407514.193180793896317, 4550416.591472181491554 ], [ 7406968.852484748698771, 4549476.098585309460759 ], [ 7406917.512418761849403, 4548528.405766624957323 ], [ 7406695.782414309680462, 4548069.456659615039825 ], [ 7406618.653987375088036, 4547584.315447466447949 ], [ 7406397.207261627539992, 4547125.89751947298646 ], [ 7406397.070833173580468, 4545253.613558650948107 ], [ 7406175.168065613135695, 4544794.693264968693256 ], [ 7406226.094992960803211, 4541998.318123421631753 ], [ 7405679.775223543867469, 4541057.987721727229655 ], [ 7405602.422861174680293, 4540572.868607082404196 ], [ 7405286.761338971555233, 4539920.754809267818928 ], [ 7405508.978068773634732, 4537785.924147608689964 ], [ 7405894.774658530019224, 4537172.103442445397377 ], [ 7405734.349343491718173, 4536629.309877327643335 ], [ 7405048.159027966670692, 4535750.839702364988625 ], [ 7404590.289216442964971, 4535548.94184401538223 ], [ 7404531.762556150555611, 4534486.328058394603431 ], [ 7403333.31150449346751, 4532583.034682860597968 ], [ 7403255.62473934981972, 4532097.968914185650647 ], [ 7402707.6447917772457, 4531157.43914485629648 ], [ 7402607.717638821341097, 4530533.7230244288221 ], [ 7401814.392352449707687, 4530336.029877073131502 ], [ 7400842.64992590714246, 4529029.698653494007885 ], [ 7399683.48973922431469, 4528815.806924775242805 ], [ 7399622.821871313266456, 4527726.930362072773278 ], [ 7399399.793676204048097, 4527268.297781683504581 ], [ 7399360.966017113998532, 4527025.560661477968097 ], [ 7399386.028881688602269, 4526563.517692682333291 ] ] ] } },
{ "type": "Feature", "properties": { "id": "00030000000000006c2a", "COAST": 0, "DIST_MAIN": 5.9, "DIST_SINK": 5.9, "ENDO": 0, "HYBAS_ID": 2120632900, "MAIN_BAS": 2120014470, "NEXT_DOWN": 2120014470, "NEXT_SINK": 2120014470, "ORDER": 2, "PFAF_ID": 214097800210, "SORT": 23557, "SUB_AREA": 67.2, "UP_AREA": 270.9 }, "geometry": { "type": "Polygon", "coordinates": [ [ [ 7412130.212672892026603, 4506399.32933724205941 ], [ 7412433.434550146572292, 4506315.962058196775615 ], [ 7413580.262439442798495, 4504871.29574210010469 ], [ 7413703.334897766821086, 4504386.389458072371781 ], [ 7414739.994266150519252, 4503081.58960485085845 ], [ 7414863.557845246046782, 4502596.222233183681965 ], [ 7415522.210542695596814, 4501733.86043001152575 ], [ 7415645.427127160131931, 4501248.976817652583122 ], [ 7417164.652757074683905, 4499373.94127029273659 ], [ 7417088.910120620392263, 4499011.382856218144298 ], [ 7416856.793333697132766, 4498562.636350595392287 ], [ 7416808.981767608784139, 4497485.555565896444023 ], [ 7416338.148218794725835, 4497297.387165674008429 ], [ 7416026.112281375564635, 4496942.459389910101891 ], [ 7415461.595691813156009, 4496716.357819811441004 ], [ 7417346.750460467301309, 4494417.068520749919116 ], [ 7417486.227221177890897, 4492787.733928062953055 ], [ 7417512.169144737534225, 4492325.18868622649461 ], [ 7417864.775589557364583, 4492344.969890396110713 ], [ 7417916.218874081037939, 4492717.073002391494811 ], [ 7418191.776257360354066, 4492827.33714725356549 ], [ 7418323.979751080274582, 4492307.729308265261352 ], [ 7419191.608545151539147, 4492496.486015190370381 ], [ 7420195.658337062224746, 4494085.122762755490839 ], [ 7420287.995282753370702, 4494756.349069480784237 ], [ 7420699.208203451707959, 4495224.274599526077509 ], [ 7420882.836212419904768, 4495297.68736626394093 ], [ 7420794.882143253460526, 4496002.411731262691319 ], [ 7420513.742918711155653, 4496421.758182323537767 ], [ 7420346.693836525082588, 4497668.912720887921751 ], [ 7420673.173795037902892, 4498299.810434508137405 ], [ 7420382.993057417683303, 4498733.033470602706075 ], [ 7420259.047968382015824, 4499218.343483936041594 ], [ 7419978.032403393648565, 4499637.693481910973787 ], [ 7419697.650675346143544, 4502896.369266641326249 ], [ 7419416.744546904228628, 4503316.222476366907358 ], [ 7419267.159769715741277, 4504263.130158271640539 ], [ 7418986.313647288829088, 4504682.992209622636437 ], [ 7418795.731434112414718, 4506209.233762987889349 ], [ 7418186.726558896712959, 4506376.832563867792487 ], [ 7418011.539034497924149, 4508583.840487443841994 ], [ 7417100.363065213896334, 4508571.679701114073396 ], [ 7416784.557849544100463, 4508939.012120180763304 ], [ 7416577.446764198131859, 4508966.558839600533247 ], [ 7415690.14716405980289, 4508853.678279273211956 ], [ 7415052.728152663446963, 4508016.959639359265566 ], [ 7413981.9945980431512, 4507830.504989082925022 ], [ 7413670.400246828794479, 4507475.645864409394562 ], [ 7413303.686117421835661, 4507329.134139740839601 ], [ 7412992.026521280407906, 4506974.317350029014051 ], [ 7412183.835520549677312, 4506787.394159331917763 ], [ 7412130.212672892026603, 4506399.32933724205941 ] ] ] } },
{ "type": "Feature", "properties": { "id": "00030000000000006c2b", "COAST": 0, "DIST_MAIN": 25.0, "DIST_SINK": 25.0, "ENDO": 0, "HYBAS_ID": 2121221360, "MAIN_BAS": 2120014470, "NEXT_DOWN": 2120632900, "NEXT_SINK": 2120014470, "ORDER": 2, "PFAF_ID": 214097800220, "SORT": 23559, "SUB_AREA": 203.8, "UP_AREA": 203.8 }, "geometry": { "type": "Polygon", "coordinates": [ [ [ 7402648.61731911636889, 4518396.159567147493362 ], [ 7403273.224023866467178, 4518357.310543071478605 ], [ 7404446.006252876482904, 4516885.800244273617864 ], [ 7404720.28646279219538, 4513627.052208834327757 ], [ 7405000.020212074741721, 4513206.721356418915093 ], [ 7405122.86658938601613, 4512721.741041237488389 ], [ 7405507.166873753070831, 4512144.405466936528683 ], [ 7405454.834224025718868, 4511349.140000246465206 ], [ 7405135.458277732133865, 4510733.261760070919991 ], [ 7405300.06109884660691, 4509485.952111975289881 ], [ 7405579.93926447071135, 4509065.637188298627734 ], [ 7405745.846555473282933, 4508409.356146735139191 ], [ 7406205.574912428855896, 4507989.972840297967196 ], [ 7406700.484057893976569, 4507852.900490791536868 ], [ 7406823.815022211521864, 4506570.08243609033525 ], [ 7407033.607299867086112, 4506541.412904245778918 ], [ 7407534.254594168625772, 4505951.671569280326366 ], [ 7407623.954419709742069, 4505413.270253931172192 ], [ 7408157.921622372232378, 4504790.157042222097516 ], [ 7408458.038117282092571, 4505229.447439994663 ], [ 7408863.318074816837907, 4505330.677657982334495 ], [ 7409136.432583164423704, 4505730.804933535866439 ], [ 7410246.329237596131861, 4505870.547257330268621 ], [ 7410519.357751030474901, 4506270.730582368560135 ], [ 7412130.212672892026603, 4506399.32933724205941 ], [ 7412183.835520549677312, 4506787.394159331917763 ], [ 7412992.026521280407906, 4506974.317350029014051 ], [ 7413303.686117421835661, 4507329.134139740839601 ], [ 7413670.400246828794479, 4507475.645864409394562 ], [ 7413981.9945980431512, 4507830.504989082925022 ], [ 7415052.728152663446963, 4508016.959639359265566 ], [ 7415690.14716405980289, 4508853.678279273211956 ], [ 7416577.446764198131859, 4508966.558839600533247 ], [ 7416784.557849544100463, 4508939.012120180763304 ], [ 7417100.363065213896334, 4508571.679701114073396 ], [ 7418011.539034497924149, 4508583.840487443841994 ], [ 7419250.707483638077974, 4508716.915713370777667 ], [ 7419562.009116813540459, 4509072.027196147479117 ], [ 7420715.986169371753931, 4509273.488196487538517 ], [ 7421066.45906000956893, 4509901.892233936116099 ], [ 7421134.576768080703914, 4510398.108125131577253 ], [ 7421365.976449923589826, 4510846.547664656303823 ], [ 7421433.690313213504851, 4511342.751380752772093 ], [ 7422078.312010457739234, 4512420.283517975360155 ], [ 7421936.015788753516972, 4513226.138577019795775 ], [ 7421550.372145659290254, 4513802.711195781826973 ], [ 7421608.782957145012915, 4514718.780543914064765 ], [ 7422075.373416314832866, 4514906.712788284756243 ], [ 7422502.89042497612536, 4515394.711704451590776 ], [ 7423463.056312974542379, 4515323.591766400262713 ], [ 7423943.493430268019438, 4514887.057731973938644 ], [ 7424185.803166373632848, 4515027.522962363436818 ], [ 7424496.581374686211348, 4515382.882931211031973 ], [ 7425566.158019780181348, 4515570.47184712253511 ], [ 7425876.850858395919204, 4515925.900554876774549 ], [ 7426059.897239255718887, 4515999.489017704501748 ], [ 7425953.250656250864267, 4517848.759781130589545 ], [ 7425667.874107268638909, 4517927.110516988672316 ], [ 7425512.896963847801089, 4518533.166700566187501 ], [ 7425142.870710800401866, 4519085.647239103913307 ], [ 7424818.432976441457868, 4519174.682196318171918 ], [ 7423581.013334194198251, 4519040.530955511145294 ], [ 7423260.095177040435374, 4518673.688865339383483 ], [ 7422899.740954813547432, 4519001.469279235228896 ], [ 7421236.975746016018093, 4519032.473689342848957 ], [ 7420809.641587231308222, 4518544.532466980628669 ], [ 7419389.128348745405674, 4518337.143371650949121 ], [ 7419078.291678064502776, 4517982.006458696909249 ], [ 7418132.809642299078405, 4517802.348056243732572 ], [ 7417652.945582746528089, 4518238.730452628806233 ], [ 7416569.87917935103178, 4518304.104852323420346 ], [ 7416220.99474860355258, 4518621.891464206390083 ], [ 7415261.439993021078408, 4518693.912967162206769 ], [ 7414833.738060147501528, 4518206.350866252556443 ], [ 7413061.770131766796112, 4517980.46205722168088 ], [ 7412750.269716930575669, 4517625.593725642189384 ], [ 7411788.898005412891507, 4517445.877692906185985 ], [ 7410948.125158888287842, 4518326.507894943468273 ], [ 7410216.634494490921497, 4518411.872478178702295 ], [ 7409868.058186222799122, 4518729.940626698546112 ], [ 7409488.292603374458849, 4518835.404941418208182 ], [ 7409139.392809074372053, 4519153.487327481620014 ], [ 7408759.696581446565688, 4519258.488022856414318 ], [ 7408033.990877442061901, 4520019.71399179007858 ], [ 7407559.347021145746112, 4520151.278947866521776 ], [ 7407467.221049140207469, 4520514.872533367015421 ], [ 7406574.402216081507504, 4520528.630293358117342 ], [ 7406226.085219522938132, 4520846.862491944804788 ], [ 7405432.503317384980619, 4520929.72644056007266 ], [ 7405324.433248480781913, 4520150.726411558687687 ], [ 7404973.388639618642628, 4519523.126650550402701 ], [ 7403820.941883242689073, 4519324.027938401326537 ], [ 7403509.49791584443301, 4518969.596798761747777 ], [ 7403326.37540218513459, 4518896.574994284659624 ], [ 7402703.387495364062488, 4518789.12459213193506 ], [ 7402648.61731911636889, 4518396.159567147493362 ] ] ] } },
{ "type": "Feature", "properties": { "id": "00030000000000006c2c", "COAST": 0, "DIST_MAIN": 18.3, "DIST_SINK": 18.3, "ENDO": 0, "HYBAS_ID": 2120633460, "MAIN_BAS": 2120014490, "NEXT_DOWN": 2120014490, "NEXT_SINK": 2120014490, "ORDER": 2, "PFAF_ID": 214098020100, "SORT": 23564, "SUB_AREA": 124.4, "UP_AREA": 606.6 }, "geometry": { "type": "Polygon", "coordinates": [ [ [ 7388444.898669440299273, 4506974.361494046635926 ], [ 7388536.139821022748947, 4506610.093204606324434 ], [ 7389106.175290681421757, 4506451.019908319227397 ], [ 7389296.322862688452005, 4505693.143804856576025 ], [ 7390136.589325020089746, 4504808.730127889662981 ], [ 7390963.581706739962101, 4504709.93070871103555 ], [ 7391079.474546795710921, 4504196.189469913952053 ], [ 7390786.719854956492782, 4503635.104147140868008 ], [ 7390741.182216053828597, 4502677.319839674048126 ], [ 7390507.725508783943951, 4502229.999590836465359 ], [ 7390472.771467133425176, 4501982.124650997109711 ], [ 7390771.202992447651923, 4501899.11910592764616 ], [ 7392671.694795606657863, 4499562.813004073686898 ], [ 7392793.391385538503528, 4499077.656079279258847 ], [ 7393072.76719800196588, 4498657.3901486126706 ], [ 7393219.353950763121247, 4497709.738218434154987 ], [ 7393875.589838746935129, 4496845.627192138694227 ], [ 7393997.757814065553248, 4496360.503710526973009 ], [ 7394276.933572609908879, 4495939.759209586307406 ], [ 7394423.665123797953129, 4494992.11666838824749 ], [ 7394703.247949002310634, 4494571.898105674423277 ], [ 7394825.138573332689703, 4494086.271116821095347 ], [ 7395104.767746728844941, 4493666.062975354492664 ], [ 7395262.611753243021667, 4493038.484441570937634 ], [ 7396439.055109878070652, 4492964.643667194060981 ], [ 7397165.175443521700799, 4492202.175165537744761 ], [ 7397546.312140862457454, 4492096.520943511277437 ], [ 7397895.327235876582563, 4491777.819881933741271 ], [ 7398394.888100273907185, 4491638.840492421761155 ], [ 7399157.249639456160367, 4490637.369424723088741 ], [ 7399322.681923833675683, 4489980.970642015337944 ], [ 7399782.945757234469056, 4489561.143490817397833 ], [ 7400298.821241887286305, 4489418.184897824190557 ], [ 7400667.931348552927375, 4488864.029362209141254 ], [ 7400790.210784892551601, 4488378.955163291655481 ], [ 7401070.365822991356254, 4487958.937788601964712 ], [ 7401131.53375082463026, 4487716.156851700507104 ], [ 7401484.673679728992283, 4487735.169970644637942 ], [ 7402374.156666277907789, 4487846.134202956221998 ], [ 7402786.821276167407632, 4488312.947477665729821 ], [ 7402881.24845214933157, 4488983.356689493171871 ], [ 7403442.21612293459475, 4489912.709250282496214 ], [ 7403420.172507613897324, 4492095.002749970182776 ], [ 7403026.246389120817184, 4492685.897057773545384 ], [ 7403266.928976198658347, 4493148.432485442608595 ], [ 7403319.948930351063609, 4493944.139086159877479 ], [ 7402846.1972745526582, 4494654.732446194626391 ], [ 7402235.671826899982989, 4494824.121240482665598 ], [ 7402082.543046807870269, 4495430.545414386317134 ], [ 7401047.482661067508161, 4496737.493605613708496 ], [ 7400924.84712606202811, 4497222.535578106530011 ], [ 7400644.954300549812615, 4497642.543103229254484 ], [ 7400522.698112660087645, 4498128.099548140540719 ], [ 7400242.851556130684912, 4498548.117392941378057 ], [ 7400095.738160948269069, 4499495.716367756016552 ], [ 7399815.95199747569859, 4499915.743260427378118 ], [ 7399643.60789408069104, 4501325.849054043181241 ], [ 7399363.903552151285112, 4501745.890906023792922 ], [ 7399216.888734218664467, 4502693.496310640126467 ], [ 7398072.893971390090883, 4504139.693741735070944 ], [ 7397579.894506766460836, 4504276.958034084178507 ], [ 7396854.293447486124933, 4505039.290242974646389 ], [ 7396664.042001250199974, 4505092.111519621685147 ], [ 7395753.132243124768138, 4505082.620495815761387 ], [ 7395061.468994558788836, 4505894.031000105664134 ], [ 7394854.407409289851785, 4505922.685724991373718 ], [ 7394309.168025332503021, 4505952.194854717701674 ], [ 7393966.834920505993068, 4506279.753287999890745 ], [ 7393228.612928406335413, 4506358.604713128879666 ], [ 7392886.352156838402152, 4506686.209378469735384 ], [ 7392500.057557182386518, 4506783.299964056350291 ], [ 7392157.845905848778784, 4507110.940983132459223 ], [ 7391178.30129658523947, 4507177.21099825296551 ], [ 7390668.471028574742377, 4506573.896081704646349 ], [ 7390289.424052146263421, 4506706.209406876936555 ], [ 7390205.081323620863259, 4507066.858484908938408 ], [ 7389852.887854029424489, 4507048.315404833294451 ], [ 7389828.573891680687666, 4507510.339561478234828 ], [ 7389804.231889283284545, 4507972.857398713938892 ], [ 7389452.469383796676993, 4507954.35304950363934 ], [ 7389476.789205523207784, 4507491.837600559927523 ], [ 7388501.141563046723604, 4507371.15518547501415 ], [ 7388444.898669440299273, 4506974.361494046635926 ] ] ] } },
{ "type": "Feature", "properties": { "id": "00030000000000006c2d", "COAST": 0, "DIST_MAIN": 39.9, "DIST_SINK": 39.9, "ENDO": 0, "HYBAS_ID": 2120631520, "MAIN_BAS": 2120014490, "NEXT_DOWN": 2120633450, "NEXT_SINK": 2120014490, "ORDER": 2, "PFAF_ID": 214098040100, "SORT": 23566, "SUB_AREA": 135.8, "UP_AREA": 417.7 }, "geometry": { "type": "Polygon", "coordinates": [ [ [ 7371063.728962211869657, 4515814.460076333023608 ], [ 7371124.205302556045353, 4515571.534857926890254 ], [ 7371401.807433118112385, 4515150.579338557086885 ], [ 7371545.259724154137075, 4514202.680886411108077 ], [ 7372572.780117992311716, 4512892.140192412771285 ], [ 7372730.475095545873046, 4512255.900388574227691 ], [ 7373568.324106524698436, 4511369.814855596981943 ], [ 7373947.701638148166239, 4511262.526133132167161 ], [ 7374294.824556045234203, 4510942.853010479360819 ], [ 7375026.170440603047609, 4510853.921828941442072 ], [ 7375503.604821379296482, 4510414.447123764082789 ], [ 7376098.760313559323549, 4510571.133229707367718 ], [ 7376422.477907970547676, 4510936.734223579056561 ], [ 7377156.049193076789379, 4510161.237904436886311 ], [ 7377630.513457451015711, 4510027.725481123663485 ], [ 7377781.515461769886315, 4509420.952300237491727 ], [ 7378059.694563868455589, 4509000.204969447106123 ], [ 7378180.773958240635693, 4508514.408729031682014 ], [ 7378458.620099633932114, 4508093.657770307734609 ], [ 7378626.959148420020938, 4506683.83813152462244 ], [ 7378905.29289514105767, 4506262.621367332525551 ], [ 7379067.792397532612085, 4505197.193529997952282 ], [ 7379554.891655506566167, 4505059.942075991071761 ], [ 7379902.908693102188408, 4504740.518869669176638 ], [ 7380634.978545065969229, 4504652.100431951694191 ], [ 7381358.354778522625566, 4503888.780193453654647 ], [ 7382884.163849039934576, 4503832.987581158988178 ], [ 7383041.393433228135109, 4503202.778791508637369 ], [ 7383695.971267600543797, 4502337.888305738568306 ], [ 7383860.314287946559489, 4501681.270322969183326 ], [ 7384318.990612396970391, 4501260.600398357026279 ], [ 7385493.454683270305395, 4501185.113941020332277 ], [ 7385650.42081917822361, 4500557.39609155151993 ], [ 7386305.506371675059199, 4499692.691958403214812 ], [ 7386366.535432039760053, 4499449.853147256188095 ], [ 7386718.692148059606552, 4499468.177477393299341 ], [ 7386902.43355140928179, 4499540.745521623641253 ], [ 7387225.901848086155951, 4499906.300490278750658 ], [ 7387715.866384803317487, 4499457.177938300184906 ], [ 7388311.438349396921694, 4499614.284570008516312 ], [ 7388624.878820268437266, 4499967.978877228684723 ], [ 7389105.976073439233005, 4500158.848322034813464 ], [ 7389757.189922645688057, 4501235.171845742501318 ], [ 7389847.898118524812162, 4501875.856452805921435 ], [ 7390472.771467133425176, 4501982.124650997109711 ], [ 7390507.725508783943951, 4502229.999590836465359 ], [ 7390741.182216053828597, 4502677.319839674048126 ], [ 7390786.719854956492782, 4503635.104147140868008 ], [ 7391079.474546795710921, 4504196.189469913952053 ], [ 7390963.581706739962101, 4504709.93070871103555 ], [ 7390136.589325020089746, 4504808.730127889662981 ], [ 7389296.322862688452005, 4505693.143804856576025 ], [ 7389106.175290681421757, 4506451.019908319227397 ], [ 7388536.139821022748947, 4506610.093204606324434 ], [ 7388444.898669440299273, 4506974.361494046635926 ], [ 7387813.162549337372184, 4507014.674494221806526 ], [ 7387656.047378557734191, 4507642.355100847780704 ], [ 7387377.247446406632662, 4508062.783606962300837 ], [ 7387255.925529041327536, 4508548.486728130839765 ], [ 7386977.172255793586373, 4508968.925042393617332 ], [ 7386807.563471728935838, 4510379.176599908620119 ], [ 7386528.892540087923408, 4510799.628996264189482 ], [ 7386377.168039608746767, 4511406.265794481150806 ], [ 7385902.181680301204324, 4511539.212953547947109 ], [ 7385418.685713095590472, 4512016.957309384830296 ], [ 7385255.799480877816677, 4513078.862209743820131 ], [ 7384845.303992506116629, 4513657.16339251678437 ], [ 7384131.10753093380481, 4513764.352736317552626 ], [ 7383389.529102840460837, 4512799.332866703160107 ], [ 7381388.187585711479187, 4512569.366968552581966 ], [ 7380800.348840623162687, 4513109.943430645391345 ], [ 7380636.361975868232548, 4513766.602466974407434 ], [ 7379982.934776141308248, 4514631.681578684598207 ], [ 7379862.165495125576854, 4515116.982359441928566 ], [ 7379584.020006855949759, 4515538.145087290555239 ], [ 7379462.912409962154925, 4516023.428664660081267 ], [ 7379184.838735114783049, 4516444.116552975960076 ], [ 7379028.534729196690023, 4517071.917428742162883 ], [ 7377856.706947515718639, 4517148.750702399760485 ], [ 7377509.658359612338245, 4517468.250649378634989 ], [ 7376968.254169156774879, 4517503.572415925562382 ], [ 7377035.669609427452087, 4516774.002457874827087 ], [ 7377786.091978278011084, 4515882.438242877833545 ], [ 7377749.752914417535067, 4515420.326882067136467 ], [ 7376821.56933129299432, 4514058.179540116339922 ], [ 7376805.532591986469924, 4513788.066456369124353 ], [ 7376829.107637480832636, 4513325.561566781252623 ], [ 7376758.201813618652523, 4512828.97478248924017 ], [ 7376315.642023564316332, 4513236.418698683381081 ], [ 7375935.950795563869178, 4513343.070926646701992 ], [ 7375213.923957840539515, 4514107.31900230050087 ], [ 7374834.304370309226215, 4514214.029546660371125 ], [ 7374475.82361938431859, 4514543.99602841027081 ], [ 7374035.480309040285647, 4514047.588660721667111 ], [ 7373428.253049802035093, 4514142.854319479316473 ], [ 7372706.193756870925426, 4514907.307674353010952 ], [ 7371975.288649015128613, 4514996.434902118518949 ], [ 7371253.48978013638407, 4515760.52018485404551 ], [ 7371063.728962211869657, 4515814.460076333023608 ] ] ] } },
{ "type": "Feature", "properties": { "id": "00030000000000006c2e", "COAST": 0, "DIST_MAIN": 45.0, "DIST_SINK": 45.0, "ENDO": 0, "HYBAS_ID": 2120630430, "MAIN_BAS": 2120014490, "NEXT_DOWN": 2120633460, "NEXT_SINK": 2120014490, "ORDER": 2, "PFAF_ID": 214098020310, "SORT": 23568, "SUB_AREA": 116.9, "UP_AREA": 260.9 }, "geometry": { "type": "Polygon", "coordinates": [ [ [ 7375374.65678139962256, 4521129.528737324289978 ], [ 7375580.761596648022532, 4521100.845622862689197 ], [ 7375894.283218937925994, 4520731.96106444299221 ], [ 7376660.67641752678901, 4520692.202351173385978 ], [ 7377221.757133718580008, 4520024.061349472030997 ], [ 7377233.085116066038609, 4518637.451884424313903 ], [ 7376961.007721001282334, 4518236.213316748850048 ], [ 7376968.254169156774879, 4517503.572415925562382 ], [ 7377509.658359612338245, 4517468.250649378634989 ], [ 7377856.706947515718639, 4517148.750702399760485 ], [ 7379028.534729196690023, 4517071.917428742162883 ], [ 7379184.838735114783049, 4516444.116552975960076 ], [ 7379462.912409962154925, 4516023.428664660081267 ], [ 7379584.020006855949759, 4515538.145087290555239 ], [ 7379862.165495125576854, 4515116.982359441928566 ], [ 7379982.934776141308248, 4514631.681578684598207 ], [ 7380636.361975868232548, 4513766.602466974407434 ], [ 7380800.348840623162687, 4513109.943430645391345 ], [ 7381388.187585711479187, 4512569.366968552581966 ], [ 7383389.529102840460837, 4512799.332866703160107 ], [ 7384131.10753093380481, 4513764.352736317552626 ], [ 7384845.303992506116629, 4513657.16339251678437 ], [ 7385255.799480877816677, 4513078.862209743820131 ], [ 7385418.685713095590472, 4512016.957309384830296 ], [ 7385902.181680301204324, 4511539.212953547947109 ], [ 7386377.168039608746767, 4511406.265794481150806 ], [ 7386528.892540087923408, 4510799.628996264189482 ], [ 7386807.563471728935838, 4510379.176599908620119 ], [ 7386977.172255793586373, 4508968.925042393617332 ], [ 7387255.925529041327536, 4508548.486728130839765 ], [ 7387377.247446406632662, 4508062.783606962300837 ], [ 7387656.047378557734191, 4507642.355100847780704 ], [ 7387813.162549337372184, 4507014.674494221806526 ], [ 7388444.898669440299273, 4506974.361494046635926 ], [ 7388501.141563046723604, 4507371.15518547501415 ], [ 7389476.789205523207784, 4507491.837600559927523 ], [ 7389452.469383796676993, 4507954.35304950363934 ], [ 7389804.231889283284545, 4507972.857398713938892 ], [ 7389839.176981724798679, 4508220.238889968022704 ], [ 7390072.396911230869591, 4508668.045161462388933 ], [ 7390142.591251102276146, 4509163.33014964312315 ], [ 7390703.054490588605404, 4510091.730699447914958 ], [ 7390748.756543739698827, 4511049.543526775203645 ], [ 7390981.824647726491094, 4511496.900531302206218 ], [ 7391035.658672333694994, 4512292.445729152299464 ], [ 7390652.578162935562432, 4512870.442991727031767 ], [ 7390506.304630276747048, 4513817.621390830725431 ], [ 7390138.905756013467908, 4514372.159391459077597 ], [ 7389434.588225384242833, 4514569.146472165361047 ], [ 7389738.831438567489386, 4515153.664101804606616 ], [ 7389451.078526449389756, 4515587.907428221777081 ], [ 7389299.138927728869021, 4516194.505358853377402 ], [ 7388824.741969895549119, 4516327.257986607961357 ], [ 7388366.555703020654619, 4516747.611223673447967 ], [ 7388202.25618895329535, 4517404.657454733736813 ], [ 7387923.691067001782358, 4517825.041800720617175 ], [ 7387777.727967525832355, 4518772.749152692034841 ], [ 7387410.7540442077443, 4519326.895659861154854 ], [ 7386897.569999190047383, 4519470.608295693993568 ], [ 7386549.792711859568954, 4519789.67907392885536 ], [ 7386170.570142792537808, 4519896.313510173000395 ], [ 7384955.06907119974494, 4521232.061094720847905 ], [ 7384797.840985682792962, 4521861.238255695439875 ], [ 7384519.605716603808105, 4522281.725228099152446 ], [ 7384349.951033562421799, 4523691.988557853735983 ], [ 7383934.27581871766597, 4524278.433056833222508 ], [ 7383308.969297984614968, 4524318.787615302950144 ], [ 7380580.904207118786871, 4524111.889454912394285 ], [ 7380471.209708251990378, 4523339.428657061420381 ], [ 7379922.128421076573431, 4523121.642207854427397 ], [ 7379816.466130085289478, 4522378.672149552032351 ], [ 7379267.295134881511331, 4522160.93634391669184 ], [ 7379214.406836675480008, 4521789.710280079394579 ], [ 7378863.332292917184532, 4521771.663129412569106 ], [ 7378873.248829178512096, 4520470.745605395175517 ], [ 7378155.27995565533638, 4520292.557634903118014 ], [ 7377317.354343904182315, 4521161.711148022674024 ], [ 7376944.371866733767092, 4521277.040897455997765 ], [ 7376092.786061709746718, 4522160.488888552412391 ], [ 7375681.198487258516252, 4521910.877156648784876 ], [ 7375413.120041044428945, 4521373.501555548980832 ], [ 7375374.65678139962256, 4521129.528737324289978 ] ] ] } },
{ "type": "Feature", "properties": { "id": "00030000000000006c2f", "COAST": 0, "DIST_MAIN": 56.9, "DIST_SINK": 56.9, "ENDO": 0, "HYBAS_ID": 2120630870, "MAIN_BAS": 2120014490, "NEXT_DOWN": 2120631570, "NEXT_SINK": 2120014490, "ORDER": 2, "PFAF_ID": 214098050200, "SORT": 23569, "SUB_AREA": 130.0, "UP_AREA": 130.0 }, "geometry": { "type": "Polygon", "coordinates": [ [ [ 7342737.04582784883678, 4502564.121606591157615 ], [ 7343150.590145257301629, 4502422.642474784515798 ], [ 7343171.984662072733045, 4501960.174706318415701 ], [ 7344065.960139373317361, 4501938.637500450015068 ], [ 7344412.003390768542886, 4501617.630081497132778 ], [ 7345143.552284696139395, 4501525.714379068464041 ], [ 7345490.040987923741341, 4501204.776285878382623 ], [ 7345964.249578032642603, 4501069.236291692592204 ], [ 7346154.652166049927473, 4500290.455846611410379 ], [ 7346740.51108174957335, 4499747.253495903685689 ], [ 7346984.49598758853972, 4499885.055227898992598 ], [ 7347417.403772227466106, 4500368.288654714822769 ], [ 7348025.546540290117264, 4500270.377683591097593 ], [ 7348371.824912228621542, 4499950.033298205584288 ], [ 7348751.242775765247643, 4499841.445097618736327 ], [ 7349097.974604128859937, 4499520.648354167118669 ], [ 7349287.88449452444911, 4499466.626393395476043 ], [ 7350899.618197188712656, 4499581.790627532638609 ], [ 7351175.830462384037673, 4499979.537464085966349 ], [ 7351582.175921273417771, 4500077.593032782897353 ], [ 7351858.35274498257786, 4500474.876180429942906 ], [ 7352264.659941447898746, 4500572.971895404160023 ], [ 7352540.762113051488996, 4500970.778675759211183 ], [ 7354003.36807993426919, 4501118.730133039876819 ], [ 7354939.42010526265949, 4502474.733527673408389 ], [ 7356753.613321184180677, 4502640.599204491823912 ], [ 7357085.927539709955454, 4503119.643493588082492 ], [ 7357791.213949006050825, 4503075.30016509257257 ], [ 7358478.641969785094261, 4502260.199576441198587 ], [ 7359596.263227501884103, 4502235.958047495223582 ], [ 7359909.551622858271003, 4501866.410505875013769 ], [ 7363492.174322496168315, 4501962.236506573855877 ], [ 7363805.302568549290299, 4501592.821018766611814 ], [ 7364571.148525962606072, 4501552.067841573618352 ], [ 7365259.472152966074646, 4500738.030216849409044 ], [ 7365818.490710283629596, 4500725.894372512586415 ], [ 7366025.456316767260432, 4500696.924810774624348 ], [ 7366338.761278733611107, 4500327.606782611459494 ], [ 7367104.782389656640589, 4500287.108565248548985 ], [ 7367418.542707544751465, 4499917.840903736650944 ], [ 7368888.804917071014643, 4499911.907065299339592 ], [ 7369202.673912890255451, 4499542.716295688413084 ], [ 7369409.31713518127799, 4499513.819838888011873 ], [ 7369454.225656513124704, 4499750.604111609980464 ], [ 7369743.21599944960326, 4500374.908482781611383 ], [ 7372903.423263750039041, 4500699.615641312673688 ], [ 7372555.225808015093207, 4501290.100160406902432 ], [ 7372383.094565022736788, 4502461.197596346959472 ], [ 7372701.689537144266069, 4503150.625398716889322 ], [ 7372800.526454716920853, 4503431.316537446342409 ], [ 7372244.434716120362282, 4504282.603569087572396 ], [ 7371841.225453158840537, 4503880.033962223678827 ], [ 7371666.732129545882344, 4503796.908728337846696 ], [ 7371643.574754369445145, 4504258.912004514597356 ], [ 7370045.673740684986115, 4504241.961430391296744 ], [ 7369698.496352406218648, 4504561.837107512168586 ], [ 7369223.521411778405309, 4504695.854209998622537 ], [ 7369133.238763160072267, 4505060.290879617445171 ], [ 7368930.637185429222882, 4505011.030965202488005 ], [ 7368628.381691622547805, 4504573.511952009052038 ], [ 7368284.218857236206532, 4504978.880435614846647 ], [ 7366814.611477962695062, 4504984.356673947535455 ], [ 7366501.432974980212748, 4505353.646927949972451 ], [ 7365384.107353896833956, 4505377.321249929256737 ], [ 7364321.249605882912874, 4506635.99015430547297 ], [ 7362208.436809564009309, 4506611.226894753985107 ], [ 7361849.84177384339273, 4506092.921765781007707 ], [ 7361506.160630184225738, 4506498.081069415435195 ], [ 7361092.961981510743499, 4506556.768623024225235 ], [ 7360779.766516789793968, 4506926.256394371390343 ], [ 7359662.819050171412528, 4506950.282716404646635 ], [ 7359349.716183442622423, 4507319.827106032520533 ], [ 7358996.841420392505825, 4507381.542501559481025 ], [ 7358664.907219721004367, 4506901.897502718493342 ], [ 7356559.511919679120183, 4506721.920338666066527 ], [ 7355060.96785815898329, 4508503.125486759468913 ], [ 7354151.04029209073633, 4508498.707156303338706 ], [ 7354118.162794498726726, 4508247.273217253386974 ], [ 7353876.108029318973422, 4507808.846373358741403 ], [ 7353810.690882042050362, 4507305.997846307232976 ], [ 7353568.577472825534642, 4506867.587085865437984 ], [ 7353488.689885517582297, 4506255.97524858918041 ], [ 7353062.901030854322016, 4505726.041123436763883 ], [ 7352688.854945424944162, 4505590.735216941684484 ], [ 7352381.353048177435994, 4505230.570136876776814 ], [ 7351655.144313882105052, 4505078.091090830042958 ], [ 7351347.198539541102946, 4504717.954939649440348 ], [ 7350620.898315077647567, 4504566.074889512732625 ], [ 7350313.266778016462922, 4504206.00337518658489 ], [ 7349586.929586359299719, 4504053.733532967977226 ], [ 7349174.3626166312024, 4503571.292191790416837 ], [ 7348547.286544289439917, 4503659.271056259050965 ], [ 7348207.133399809710681, 4503988.805133557878435 ], [ 7346061.704432445578277, 4504006.327656597830355 ], [ 7345605.483878441154957, 4504448.026018623262644 ], [ 7345246.440146055072546, 4504271.179327771067619 ], [ 7345198.464643101207912, 4503907.090525432489812 ], [ 7343790.448038429021835, 4503841.670989472419024 ], [ 7343254.90534847881645, 4503888.227852472104132 ], [ 7342785.009849297814071, 4504286.826050186529756 ], [ 7342737.04582784883678, 4502564.121606591157615 ] ] ] } },
{ "type": "Feature", "properties": { "id": "00030000000000006c30", "COAST": 0, "DIST_MAIN": 60.2, "DIST_SINK": 60.2, "ENDO": 0, "HYBAS_ID": 2121220680, "MAIN_BAS": 2120014490, "NEXT_DOWN": 2120631520, "NEXT_SINK": 2120014490, "ORDER": 2, "PFAF_ID": 214098040200, "SORT": 23572, "SUB_AREA": 120.1, "UP_AREA": 282.0 }, "geometry": { "type": "Polygon", "coordinates": [ [ [ 7359072.502514149993658, 4530510.397742956876755 ], [ 7359297.250173609703779, 4526917.226842483505607 ], [ 7359793.146806665696204, 4526776.337680719792843 ], [ 7360886.229465217329562, 4525565.969787072390318 ], [ 7361398.670437375083566, 4525420.531009769067168 ], [ 7361763.328225564211607, 4524865.240818711929023 ], [ 7361922.858571113087237, 4523802.557561629451811 ], [ 7362403.999175730161369, 4523323.924893968738616 ], [ 7363133.881470425985754, 4523233.909915000200272 ], [ 7363480.004357509315014, 4522913.794798760674894 ], [ 7363858.994915384799242, 4522806.050210169516504 ], [ 7364334.640482257120311, 4522366.419752467423677 ], [ 7365279.939813271164894, 4522539.154487069696188 ], [ 7365710.200309223495424, 4523024.125957417301834 ], [ 7366316.950953832827508, 4522927.810163506306708 ], [ 7366663.248292055912316, 4522607.82918908726424 ], [ 7367136.692798196338117, 4522473.709655808284879 ], [ 7367286.727845218963921, 4521866.788994247093797 ], [ 7367667.880688113160431, 4521287.755192710086703 ], [ 7367680.527734538540244, 4519106.014021786861122 ], [ 7367446.46167812962085, 4518659.471616648137569 ], [ 7367410.925360326655209, 4518411.74825394898653 ], [ 7368322.448489913716912, 4518418.008217302151024 ], [ 7368819.50460681412369, 4517824.953355041332543 ], [ 7368906.334451796486974, 4517286.790124750696123 ], [ 7370154.486447661183774, 4515808.017529183067381 ], [ 7371063.728962211869657, 4515814.460076333023608 ], [ 7371253.48978013638407, 4515760.52018485404551 ], [ 7371975.288649015128613, 4514996.434902118518949 ], [ 7372706.193756870925426, 4514907.307674353010952 ], [ 7373428.253049802035093, 4514142.854319479316473 ], [ 7374035.480309040285647, 4514047.588660721667111 ], [ 7374475.82361938431859, 4514543.99602841027081 ], [ 7374834.304370309226215, 4514214.029546660371125 ], [ 7375213.923957840539515, 4514107.31900230050087 ], [ 7375935.950795563869178, 4513343.070926646701992 ], [ 7376315.642023564316332, 4513236.418698683381081 ], [ 7376758.201813618652523, 4512828.97478248924017 ], [ 7376829.107637480832636, 4513325.561566781252623 ], [ 7376805.532591986469924, 4513788.066456369124353 ], [ 7376821.56933129299432, 4514058.179540116339922 ], [ 7377749.752914417535067, 4515420.326882067136467 ], [ 7377786.091978278011084, 4515882.438242877833545 ], [ 7377035.669609427452087, 4516774.002457874827087 ], [ 7376968.254169156774879, 4517503.572415925562382 ], [ 7376961.007721001282334, 4518236.213316748850048 ], [ 7377233.085116066038609, 4518637.451884424313903 ], [ 7377221.757133718580008, 4520024.061349472030997 ], [ 7376660.67641752678901, 4520692.202351173385978 ], [ 7375894.283218937925994, 4520731.96106444299221 ], [ 7375580.761596648022532, 4521100.845622862689197 ], [ 7375374.65678139962256, 4521129.528737324289978 ], [ 7375095.920028501190245, 4521200.64518385194242 ], [ 7374950.011187477037311, 4521676.269458096474409 ], [ 7375282.38356960657984, 4522283.354715211316943 ], [ 7374986.549597651697695, 4522713.650608657859266 ], [ 7374825.092635899782181, 4524132.256876207888126 ], [ 7374033.645802151411772, 4525147.889098478481174 ], [ 7373758.509139750152826, 4525218.228054282255471 ], [ 7373205.225676325149834, 4525150.989740233868361 ], [ 7372904.218577777035534, 4524713.211856681853533 ], [ 7372560.54520370811224, 4525118.354375498369336 ], [ 7370598.987153086811304, 4525058.568985342048109 ], [ 7370248.105357053689659, 4525040.924109055660665 ], [ 7370212.718930823728442, 4524793.171142830513418 ], [ 7369979.036380219273269, 4524346.525467117317021 ], [ 7369867.408948466181755, 4523568.800253251567483 ], [ 7369075.03307425417006, 4523655.031093581579626 ], [ 7368728.666256913915277, 4523974.899829531088471 ], [ 7367998.730108346790075, 4524064.353743040934205 ], [ 7367278.07728442363441, 4524829.246493682265282 ], [ 7366899.139851294457912, 4524936.311194621026516 ], [ 7366552.931595460511744, 4525256.27083308622241 ], [ 7366079.667748887091875, 4525390.418734887614846 ], [ 7365929.732078685425222, 4525997.853114063851535 ], [ 7364904.94112835265696, 4527308.637766648083925 ], [ 7364755.134043732658029, 4527915.590454273857176 ], [ 7364282.077403548173606, 4528049.838740333914757 ], [ 7362814.848196874372661, 4529704.405491304583848 ], [ 7362085.572791406884789, 4529794.905581331811845 ], [ 7361739.787489259615541, 4530115.056800953112543 ], [ 7361361.220610536634922, 4530222.394521147944033 ], [ 7360641.828935638070107, 4530987.850652390159667 ], [ 7359751.435789353214204, 4531007.186719233170152 ], [ 7359694.63442222122103, 4530614.689077435992658 ], [ 7359072.502514149993658, 4530510.397742956876755 ] ] ] } },
{ "type": "Feature", "properties": { "id": "00030000000000006c31", "COAST": 0, "DIST_MAIN": 60.3, "DIST_SINK": 60.3, "ENDO": 0, "HYBAS_ID": 2120630320, "MAIN_BAS": 2120014490, "NEXT_DOWN": 2120630710, "NEXT_SINK": 2120014490, "ORDER": 2, "PFAF_ID": 214098060100, "SORT": 23573, "SUB_AREA": 166.6, "UP_AREA": 444.1 }, "geometry": { "type": "Polygon", "coordinates": [ [ [ 7352784.623303092084825, 4522330.636521658860147 ], [ 7353132.325286272913218, 4522218.884795547463 ], [ 7353467.514954933896661, 4521677.202606782317162 ], [ 7353655.479132537730038, 4520145.357365317642689 ], [ 7354485.460841487161815, 4520027.54019065387547 ], [ 7354839.412608242593706, 4519718.337039069272578 ], [ 7355372.535967890173197, 4519546.673648507334292 ], [ 7355708.361367180943489, 4519005.095726545900106 ], [ 7355956.511205160059035, 4516108.77790192887187 ], [ 7356605.172618447802961, 4515900.100391026586294 ], [ 7356940.841337487101555, 4515358.547600193880498 ], [ 7357145.443422389216721, 4514596.491032255813479 ], [ 7357315.707548365928233, 4514896.251132600009441 ], [ 7357416.879827014170587, 4515501.553381900303066 ], [ 7357864.048006796278059, 4515695.243241254240274 ], [ 7358628.963149943388999, 4516658.50959309656173 ], [ 7359670.070517321117222, 4516559.404733471572399 ], [ 7359867.107257755473256, 4515826.76902633253485 ], [ 7360330.934465885162354, 4515677.830456514842808 ], [ 7361433.577724417671561, 4514478.749044368974864 ], [ 7361967.262137585319579, 4514307.527205713093281 ], [ 7362303.399102794937789, 4513766.18983041215688 ], [ 7362463.3272172678262, 4513173.572855462320149 ], [ 7362927.379040081053972, 4513024.786530910991132 ], [ 7363656.195999012328684, 4512271.222052312456071 ], [ 7364027.587735348381102, 4512152.139543144032359 ], [ 7364382.285536381416023, 4511843.843023451045156 ], [ 7364753.712896048091352, 4511724.797681101597846 ], [ 7365108.485368881374598, 4511416.036594714969397 ], [ 7365479.956000442616642, 4511297.02735395822674 ], [ 7366583.641576368361712, 4510099.095682910643518 ], [ 7367761.051594426855445, 4510007.267348321154714 ], [ 7369282.883853301405907, 4508088.131928093731403 ], [ 7369443.42865683324635, 4507495.628631893545389 ], [ 7369721.956106927245855, 4507406.379698576405644 ], [ 7369928.765392792411149, 4507377.534541760571301 ], [ 7370242.068923833779991, 4507008.380301360972226 ], [ 7370448.891248965635896, 4506979.543262398801744 ], [ 7370651.807643325068057, 4507028.867407253012061 ], [ 7370926.71527886018157, 4507427.441474743187428 ], [ 7372388.080003954470158, 4507579.126403861679137 ], [ 7372991.661590854637325, 4508457.998178399167955 ], [ 7373194.155943172983825, 4508507.376947584562004 ], [ 7373133.966513658873737, 4508750.309750316664577 ], [ 7372856.08376325853169, 4509171.220754689536989 ], [ 7372705.495941391214728, 4509778.067829303443432 ], [ 7372231.13595777656883, 4509911.894686709158123 ], [ 7371393.686905078589916, 4510798.638682928867638 ], [ 7371235.715246523730457, 4511434.88454657793045 ], [ 7369344.998685616999865, 4513775.526873113587499 ], [ 7368857.579159980639815, 4513913.336910987272859 ], [ 7368400.542962408624589, 4514334.8511648690328 ], [ 7368238.04466812685132, 4514992.221779937855899 ], [ 7367585.917910858057439, 4515857.776124570518732 ], [ 7367410.925360326655209, 4518411.74825394898653 ], [ 7367446.46167812962085, 4518659.471616648137569 ], [ 7367680.527734538540244, 4519106.014021786861122 ], [ 7367667.880688113160431, 4521287.755192710086703 ], [ 7367286.727845218963921, 4521866.788994247093797 ], [ 7367136.692798196338117, 4522473.709655808284879 ], [ 7366663.248292055912316, 4522607.82918908726424 ], [ 7366316.950953832827508, 4522927.810163506306708 ], [ 7365710.200309223495424, 4523024.125957417301834 ], [ 7365279.939813271164894, 4522539.154487069696188 ], [ 7364334.640482257120311, 4522366.419752467423677 ], [ 7363858.994915384799242, 4522806.050210169516504 ], [ 7363480.004357509315014, 4522913.794798760674894 ], [ 7363133.881470425985754, 4523233.909915000200272 ], [ 7362403.999175730161369, 4523323.924893968738616 ], [ 7361922.858571113087237, 4523802.557561629451811 ], [ 7361763.328225564211607, 4524865.240818711929023 ], [ 7361398.670437375083566, 4525420.531009769067168 ], [ 7360886.229465217329562, 4525565.969787072390318 ], [ 7359793.146806665696204, 4526776.337680719792843 ], [ 7359297.250173609703779, 4526917.226842483505607 ], [ 7359072.502514149993658, 4530510.397742956876755 ], [ 7358797.817798119969666, 4530402.779219578020275 ], [ 7358688.448963118717074, 4529644.286834863945842 ], [ 7357882.222182120196521, 4529462.712537165731192 ], [ 7357446.525117096491158, 4528934.804367466829717 ], [ 7357417.751587048172951, 4527404.331771320663393 ], [ 7356764.777045463211834, 4526330.962536917999387 ], [ 7356468.120728241279721, 4526214.451897508464754 ], [ 7356261.91585860773921, 4526243.639321841299534 ], [ 7355949.657948328182101, 4526613.277501658536494 ], [ 7355743.844207651913166, 4526642.494623583741486 ], [ 7355766.170776869170368, 4526180.498736321926117 ], [ 7355798.939286034554243, 4524442.340849845670164 ], [ 7354930.827236683107913, 4523297.334783979691565 ], [ 7354306.346496894955635, 4523393.211907009594142 ], [ 7353831.401893611997366, 4523833.939694153144956 ], [ 7353588.367338978685439, 4523695.849529007449746 ], [ 7353274.633064832538366, 4523343.671060364693403 ], [ 7352800.762817664071918, 4523157.857448701746762 ], [ 7352784.623303092084825, 4522330.636521658860147 ] ] ] } },
{ "type": "Feature", "properties": { "id": "00030000000000006c32", "COAST": 0, "DIST_MAIN": 65.2, "DIST_SINK": 65.2, "ENDO": 0, "HYBAS_ID": 2121219960, "MAIN_BAS": 2120014490, "NEXT_DOWN": 2120630430, "NEXT_SINK": 2120014490, "ORDER": 2, "PFAF_ID": 214098020320, "SORT": 23574, "SUB_AREA": 143.9, "UP_AREA": 144.0 }, "geometry": { "type": "Polygon", "coordinates": [ [ [ 7368684.878556869924068, 4535156.713310404680669 ], [ 7368873.741880788467824, 4535103.220434463582933 ], [ 7369220.052805610001087, 4534783.408780669793487 ], [ 7369598.180351446382701, 4534676.466966238804162 ], [ 7369944.541368305683136, 4534356.691350400447845 ], [ 7370673.182207038626075, 4534266.97663364559412 ], [ 7371019.617052210494876, 4533947.238366975449026 ], [ 7371748.674196869134903, 4533858.139370759017766 ], [ 7372094.79636262357235, 4533538.434817923232913 ], [ 7372567.716381784528494, 4533404.696958739310503 ], [ 7372718.166700231842697, 4532797.371430706232786 ], [ 7373369.787140298634768, 4531932.30886709317565 ], [ 7373520.311938880942762, 4531324.994010611437261 ], [ 7373993.407737079076469, 4531191.335018469020724 ], [ 7374340.12422239780426, 4530871.744734575971961 ], [ 7374908.731116734445095, 4530711.262200320139527 ], [ 7374611.798460090532899, 4530141.661966862156987 ], [ 7374541.023801390081644, 4529646.575880518183112 ], [ 7374307.815383466891944, 4529199.260647994466126 ], [ 7374260.899517692625523, 4528241.696556372568011 ], [ 7374027.588764640502632, 4527794.892989512532949 ], [ 7374003.699512341059744, 4526375.291517464444041 ], [ 7373770.318602668121457, 4525928.014061511494219 ], [ 7373758.509139750152826, 4525218.228054282255471 ], [ 7374033.645802151411772, 4525147.889098478481174 ], [ 7374825.092635899782181, 4524132.256876207888126 ], [ 7374986.549597651697695, 4522713.650608657859266 ], [ 7375282.38356960657984, 4522283.354715211316943 ], [ 7374950.011187477037311, 4521676.269458096474409 ], [ 7375095.920028501190245, 4521200.64518385194242 ], [ 7375374.65678139962256, 4521129.528737324289978 ], [ 7375413.120041044428945, 4521373.501555548980832 ], [ 7375681.198487258516252, 4521910.877156648784876 ], [ 7376092.786061709746718, 4522160.488888552412391 ], [ 7376944.371866733767092, 4521277.040897455997765 ], [ 7377317.354343904182315, 4521161.711148022674024 ], [ 7378155.27995565533638, 4520292.557634903118014 ], [ 7378873.248829178512096, 4520470.745605395175517 ], [ 7378863.332292917184532, 4521771.663129412569106 ], [ 7379214.406836675480008, 4521789.710280079394579 ], [ 7379267.295134881511331, 4522160.93634391669184 ], [ 7379816.466130085289478, 4522378.672149552032351 ], [ 7379922.128421076573431, 4523121.642207854427397 ], [ 7380471.209708251990378, 4523339.428657061420381 ], [ 7380580.904207118786871, 4524111.889454912394285 ], [ 7383308.969297984614968, 4524318.787615302950144 ], [ 7383156.6491081668064, 4527824.598408034071326 ], [ 7383427.947982279583812, 4528226.614857981912792 ], [ 7383459.26532721798867, 4528767.411824848502874 ], [ 7383892.414193604141474, 4529407.548026597127318 ], [ 7384299.090630181133747, 4529508.143027945421636 ], [ 7384734.556119160726666, 4530144.988558216020465 ], [ 7384770.426966942846775, 4530610.65665062982589 ], [ 7384395.043187025934458, 4531057.781010439619422 ], [ 7384307.591177674941719, 4531592.890649645589292 ], [ 7383590.483183555305004, 4532444.303036811761558 ], [ 7383888.11223288346082, 4532885.434311283752322 ], [ 7383879.931730354204774, 4533618.131600813940167 ], [ 7383728.912457140162587, 4535377.57034185808152 ], [ 7382548.181130138225853, 4535474.187318849377334 ], [ 7381814.914748282171786, 4536219.71479179803282 ], [ 7381250.393281091935933, 4536333.712410056963563 ], [ 7380775.6418327819556, 4535841.337177882902324 ], [ 7380412.596272185444832, 4536146.902811662293971 ], [ 7378643.887970372103155, 4536198.787460773251951 ], [ 7378285.66533085051924, 4536500.712845326401293 ], [ 7377568.597363934852183, 4536606.634196978993714 ], [ 7377210.438970097340643, 4536908.615130661055446 ], [ 7376262.351783744990826, 4537003.27778734266758 ], [ 7375170.833601674996316, 4535556.721848146058619 ], [ 7374971.398377627134323, 4535403.692887956276536 ], [ 7374453.356663146056235, 4535840.474237630143762 ], [ 7374087.052565791644156, 4535965.126325296238065 ], [ 7373728.651971839368343, 4536267.247696422971785 ], [ 7373362.41638973262161, 4536391.435932509601116 ], [ 7373004.443428328260779, 4536693.615451238118112 ], [ 7372821.126446769572794, 4536756.212850448675454 ], [ 7369747.128958305343986, 4536535.709872889332473 ], [ 7369689.899882070720196, 4536134.117319853045046 ], [ 7369137.445023883134127, 4536067.131900958716869 ], [ 7368701.205083075910807, 4535430.772363631054759 ], [ 7368684.878556869924068, 4535156.713310404680669 ] ] ] } },
{ "type": "Feature", "properties": { "id": "00030000000000006c33", "COAST": 0, "DIST_MAIN": 74.7, "DIST_SINK": 74.7, "ENDO": 0, "HYBAS_ID": 2121219730, "MAIN_BAS": 2120014490, "NEXT_DOWN": 2121220680, "NEXT_SINK": 2120014490, "ORDER": 2, "PFAF_ID": 214098040300, "SORT": 23575, "SUB_AREA": 161.8, "UP_AREA": 161.8 }, "geometry": { "type": "Polygon", "coordinates": [ [ [ 7355561.135574972257018, 4536690.976366702467203 ], [ 7355741.413936060853302, 4535088.833651029504836 ], [ 7356226.261643782258034, 4534604.643308678641915 ], [ 7356954.906441682949662, 4534514.088998775929213 ], [ 7357300.657537736929953, 4534193.751204936765134 ], [ 7357678.576238390989602, 4534086.207289861515164 ], [ 7358024.000256327912211, 4533765.883939499035478 ], [ 7358840.195402015000582, 4533664.404322389513254 ], [ 7359623.903706643730402, 4532636.695100901648402 ], [ 7359751.435789353214204, 4531007.186719233170152 ], [ 7360641.828935638070107, 4530987.850652390159667 ], [ 7361361.220610536634922, 4530222.394521147944033 ], [ 7361739.787489259615541, 4530115.056800953112543 ], [ 7362085.572791406884789, 4529794.905581331811845 ], [ 7362814.848196874372661, 4529704.405491304583848 ], [ 7364282.077403548173606, 4528049.838740333914757 ], [ 7364755.134043732658029, 4527915.590454273857176 ], [ 7364904.94112835265696, 4527308.637766648083925 ], [ 7365929.732078685425222, 4525997.853114063851535 ], [ 7366079.667748887091875, 4525390.418734887614846 ], [ 7366552.931595460511744, 4525256.27083308622241 ], [ 7366899.139851294457912, 4524936.311194621026516 ], [ 7367278.07728442363441, 4524829.246493682265282 ], [ 7367998.730108346790075, 4524064.353743040934205 ], [ 7368728.666256913915277, 4523974.899829531088471 ], [ 7369075.03307425417006, 4523655.031093581579626 ], [ 7369867.408948466181755, 4523568.800253251567483 ], [ 7369979.036380219273269, 4524346.525467117317021 ], [ 7370212.718930823728442, 4524793.171142830513418 ], [ 7370248.105357053689659, 4525040.924109055660665 ], [ 7370598.987153086811304, 4525058.568985342048109 ], [ 7372560.54520370811224, 4525118.354375498369336 ], [ 7372904.218577777035534, 4524713.211856681853533 ], [ 7373205.225676325149834, 4525150.989740233868361 ], [ 7373758.509139750152826, 4525218.228054282255471 ], [ 7373770.318602668121457, 4525928.014061511494219 ], [ 7374003.699512341059744, 4526375.291517464444041 ], [ 7374027.588764640502632, 4527794.892989512532949 ], [ 7374260.899517692625523, 4528241.696556372568011 ], [ 7374307.815383466891944, 4529199.260647994466126 ], [ 7374541.023801390081644, 4529646.575880518183112 ], [ 7374611.798460090532899, 4530141.661966862156987 ], [ 7374908.731116734445095, 4530711.262200320139527 ], [ 7374340.12422239780426, 4530871.744734575971961 ], [ 7373993.407737079076469, 4531191.335018469020724 ], [ 7373520.311938880942762, 4531324.994010611437261 ], [ 7373369.787140298634768, 4531932.30886709317565 ], [ 7372718.166700231842697, 4532797.371430706232786 ], [ 7372567.716381784528494, 4533404.696958739310503 ], [ 7372094.79636262357235, 4533538.434817923232913 ], [ 7371748.674196869134903, 4533858.139370759017766 ], [ 7371019.617052210494876, 4533947.238366975449026 ], [ 7370673.182207038626075, 4534266.97663364559412 ], [ 7369944.541368305683136, 4534356.691350400447845 ], [ 7369598.180351446382701, 4534676.466966238804162 ], [ 7369220.052805610001087, 4534783.408780669793487 ], [ 7368873.741880788467824, 4535103.220434463582933 ], [ 7368684.878556869924068, 4535156.713310404680669 ], [ 7368495.650142828002572, 4535210.191376718692482 ], [ 7367775.834821842610836, 4535974.977477189153433 ], [ 7367397.807993406429887, 4536081.999021426774561 ], [ 7366942.019063440151513, 4536503.515497634187341 ], [ 7366749.667984072118998, 4537282.373304354026914 ], [ 7366465.938573392108083, 4537362.41622191760689 ], [ 7366277.830810368992388, 4537417.483237185515463 ], [ 7365930.017802564427257, 4537734.852168635465205 ], [ 7365331.45916651841253, 4537833.946507661603391 ], [ 7364895.441948413848877, 4537348.600647902116179 ], [ 7364425.154832796193659, 4537158.602559051476419 ], [ 7364393.0714594386518, 4535502.775810515508056 ], [ 7363862.726437526755035, 4535315.316760432906449 ], [ 7363670.387788759544492, 4536077.848568858578801 ], [ 7363313.28156983666122, 4536629.909870430827141 ], [ 7362796.339636485092342, 4536781.357166571542621 ], [ 7361987.534183984622359, 4537636.43733945954591 ], [ 7361811.118885217234492, 4538156.807464027777314 ], [ 7362460.329700771719217, 4539236.118197091855109 ], [ 7362427.72303912974894, 4541871.008842509239912 ], [ 7361987.98051561973989, 4542550.909832648001611 ], [ 7361576.080740277655423, 4542744.285591590218246 ], [ 7361140.542279489338398, 4542259.667315924540162 ], [ 7360338.893623158335686, 4542075.399309528060257 ], [ 7360281.219695075415075, 4541689.76359505392611 ], [ 7359748.360547634772956, 4541600.108009404502809 ], [ 7359436.16288919467479, 4541247.615155976265669 ], [ 7358657.822130686603487, 4541083.536779711954296 ], [ 7358530.156993664801121, 4541603.860813057050109 ], [ 7358255.929190373048186, 4541495.743238318711519 ], [ 7358202.708874710835516, 4541124.239195453934371 ], [ 7358606.98321982473135, 4541009.147228225134313 ], [ 7358562.39565943274647, 4539969.683110388927162 ], [ 7358328.7039664844051, 4539522.918595356866717 ], [ 7358239.429222390986979, 4538904.220804737880826 ], [ 7357782.184255892410874, 4538724.227566007524729 ], [ 7356813.931967793032527, 4537413.208728060126305 ], [ 7356630.979359749704599, 4537341.341540178284049 ], [ 7356280.720995713956654, 4537324.322127191349864 ], [ 7356226.96245541702956, 4536952.828110344707966 ], [ 7355561.135574972257018, 4536690.976366702467203 ] ] ] } },
{ "type": "Feature", "properties": { "id": "00030000000000006c34", "COAST": 0, "DIST_MAIN": 81.9, "DIST_SINK": 81.9, "ENDO": 0, "HYBAS_ID": 2120629160, "MAIN_BAS": 2120014490, "NEXT_DOWN": 2120630420, "NEXT_SINK": 2120014490, "ORDER": 2, "PFAF_ID": 214098080000, "SORT": 23577, "SUB_AREA": 248.2, "UP_AREA": 248.3 }, "geometry": { "type": "Polygon", "coordinates": [ [ [ 7324832.125745406374335, 4509932.512889311648905 ], [ 7324874.199375190772116, 4509661.305744753219187 ], [ 7325369.641511960886419, 4509069.574415144510567 ], [ 7325782.577622299082577, 4509008.944705517031252 ], [ 7326465.331828686408699, 4508191.619179588742554 ], [ 7328078.816863631829619, 4508223.793760932981968 ], [ 7328170.733223058283329, 4507843.30031007155776 ], [ 7329079.594522728584707, 4507727.042478816583753 ], [ 7329861.004718189127743, 4506696.302080012857914 ], [ 7329919.739784564822912, 4506453.109360557980835 ], [ 7331181.642856478691101, 4506470.270312206819654 ], [ 7331865.628626439720392, 4505652.913438346236944 ], [ 7332278.437009261921048, 4505593.107806828804314 ], [ 7332962.602431616745889, 4504776.332987607456744 ], [ 7334785.865868074819446, 4504779.665728661231697 ], [ 7335280.351289288140833, 4504184.47253842279315 ], [ 7335385.606270804069936, 4503184.114048425108194 ], [ 7335882.360410274937749, 4502592.027066829614341 ], [ 7336295.769286285154521, 4502532.453697974793613 ], [ 7336607.401713086292148, 4502161.978940883651376 ], [ 7337020.84667588584125, 4502102.445373074151576 ], [ 7337705.48570339102298, 4501285.549614452756941 ], [ 7338470.915768637321889, 4501242.116815381683409 ], [ 7338783.089037369005382, 4500871.749403838999569 ], [ 7339548.598678674548864, 4500827.928061346523464 ], [ 7339860.469967170618474, 4500457.574973963201046 ], [ 7340419.22612521238625, 4500444.032417515292764 ], [ 7341678.711656882427633, 4500541.064464195631444 ], [ 7342286.324240574613214, 4501417.151788753457367 ], [ 7342692.296968484297395, 4501514.199595759622753 ], [ 7342969.203187460079789, 4501911.641332026571035 ], [ 7343171.984662072733045, 4501960.174706318415701 ], [ 7343150.590145257301629, 4502422.642474784515798 ], [ 7342737.04582784883678, 4502564.121606591157615 ], [ 7342785.009849297814071, 4504286.826050186529756 ], [ 7343254.90534847881645, 4503888.227852472104132 ], [ 7343790.448038429021835, 4503841.670989472419024 ], [ 7345198.464643101207912, 4503907.090525432489812 ], [ 7345246.440146055072546, 4504271.179327771067619 ], [ 7345605.483878441154957, 4504448.026018623262644 ], [ 7346061.704432445578277, 4504006.327656597830355 ], [ 7348207.133399809710681, 4503988.805133557878435 ], [ 7348547.286544289439917, 4503659.271056259050965 ], [ 7349174.3626166312024, 4503571.292191790416837 ], [ 7349586.929586359299719, 4504053.733532967977226 ], [ 7350313.266778016462922, 4504206.00337518658489 ], [ 7350620.898315077647567, 4504566.074889512732625 ], [ 7351347.198539541102946, 4504717.954939649440348 ], [ 7351655.144313882105052, 4505078.091090830042958 ], [ 7352381.353048177435994, 4505230.570136876776814 ], [ 7352688.854945424944162, 4505590.735216941684484 ], [ 7353062.901030854322016, 4505726.041123436763883 ], [ 7353488.689885517582297, 4506255.97524858918041 ], [ 7353568.577472825534642, 4506867.587085865437984 ], [ 7353810.690882042050362, 4507305.997846307232976 ], [ 7353876.108029318973422, 4507808.846373358741403 ], [ 7354118.162794498726726, 4508247.273217253386974 ], [ 7354151.04029209073633, 4508498.707156303338706 ], [ 7354091.488772002980113, 4508741.759183770976961 ], [ 7353067.096370574086905, 4510054.178664935752749 ], [ 7352925.672216477803886, 4511002.259778615087271 ], [ 7352275.586604204028845, 4511869.075913454405963 ], [ 7352116.942909267731011, 4512935.321430273354053 ], [ 7351820.297661536373198, 4513019.859057236462831 ], [ 7351765.946848726831377, 4512648.433100354857743 ], [ 7351490.853420625440776, 4512541.158232606016099 ], [ 7350584.817906236276031, 4512458.483164209872484 ], [ 7350309.144658787176013, 4512060.72533608879894 ], [ 7348908.935087792575359, 4511916.200353710912168 ], [ 7348533.075943918898702, 4512361.484014612622559 ], [ 7347768.584406280890107, 4512404.304348342120647 ], [ 7347456.691031347028911, 4512774.324257623404264 ], [ 7345697.160972925834358, 4512770.161176264286041 ], [ 7344704.958777538500726, 4511334.393881593830884 ], [ 7342601.306508084759116, 4511158.33484722673893 ], [ 7342225.836171559989452, 4511603.920012094080448 ], [ 7341461.396109591238201, 4511646.895459892228246 ], [ 7340777.082817473448813, 4512463.423617119900882 ], [ 7340364.154143130406737, 4512522.714737644419074 ], [ 7339679.66350700892508, 4513339.316838499158621 ], [ 7339267.164470615796745, 4513398.688063985668123 ], [ 7338955.767334446310997, 4513769.0317293247208 ], [ 7338191.607175651006401, 4513812.335704637691379 ], [ 7337507.474471761845052, 4514629.113363837823272 ], [ 7336392.143558552488685, 4514656.560375460423529 ], [ 7336080.573227906599641, 4515026.996929744258523 ], [ 7335874.179601443000138, 4515057.264949197880924 ], [ 7335339.260525676421821, 4514969.517577971331775 ], [ 7335024.68633836414665, 4514618.218660632148385 ], [ 7333023.860991504974663, 4514401.870116208679974 ], [ 7332549.4776083054021, 4514843.410402313806117 ], [ 7330888.700989552773535, 4514895.217201256193221 ], [ 7330456.212300487793982, 4514412.470794626511633 ], [ 7329034.523436074145138, 4514223.148901016451418 ], [ 7328719.267153645865619, 4513872.114440355449915 ], [ 7328352.140736534260213, 4513729.42302686907351 ], [ 7328037.200773231685162, 4513378.43707259837538 ], [ 7327318.314105778932571, 4513220.689759009517729 ], [ 7327002.941023135557771, 4512869.740734949707985 ], [ 7326635.712583512067795, 4512727.628448752686381 ], [ 7326320.655913595110178, 4512376.728037776425481 ], [ 7325161.230378672480583, 4512188.874109699390829 ], [ 7325065.334917847067118, 4511549.348196607083082 ], [ 7324828.551447125151753, 4511104.339612862095237 ], [ 7324832.125745406374335, 4509932.512889311648905 ] ] ] } },
{ "type": "Feature", "properties": { "id": "00030000000000006c35", "COAST": 0, "DIST_MAIN": 86.5, "DIST_SINK": 86.5, "ENDO": 0, "HYBAS_ID": 2120626680, "MAIN_BAS": 2120014490, "NEXT_DOWN": 2120630320, "NEXT_SINK": 2120014490, "ORDER": 2, "PFAF_ID": 214098060300, "SORT": 23578, "SUB_AREA": 159.1, "UP_AREA": 159.3 }, "geometry": { "type": "Polygon", "coordinates": [ [ [ 7333588.822469919919968, 4533343.601830303668976 ], [ 7333747.366297005675733, 4532195.467321054078639 ], [ 7334366.07897315453738, 4532016.910494293086231 ], [ 7334728.316337356343865, 4531460.437116703949869 ], [ 7334845.975539037026465, 4530974.117743612267077 ], [ 7335120.934617814607918, 4530551.963093858212233 ], [ 7335280.65477800834924, 4529894.577025843784213 ], [ 7335734.762926421128213, 4529471.201075433753431 ], [ 7335923.454495804384351, 4529416.367663716897368 ], [ 7336125.834098057821393, 4529465.274408124387264 ], [ 7336428.598035941831768, 4529901.4152667876333 ], [ 7336769.932126684114337, 4529494.742814935743809 ], [ 7337181.538249720819294, 4529434.78947729524225 ], [ 7337492.675803752616048, 4529064.427665635943413 ], [ 7337698.298079906031489, 4529034.709980369545519 ], [ 7337790.597410473041236, 4528654.806978590786457 ], [ 7338610.234719157218933, 4528550.234924624674022 ], [ 7338954.962498870678246, 4528229.056628903374076 ], [ 7339683.817214442417026, 4528136.767760636284947 ], [ 7340028.98989721480757, 4527815.649522932246327 ], [ 7341621.154575753025711, 4527826.456806774251163 ], [ 7341799.701025157235563, 4527903.153194291517138 ], [ 7342122.469643048010767, 4528244.318630662746727 ], [ 7342479.88260524533689, 4528398.262527582235634 ], [ 7342938.506981433369219, 4528882.613046852871776 ], [ 7343868.013290084898472, 4528788.699949773028493 ], [ 7344221.08732027374208, 4528479.53194472938776 ], [ 7344941.939009767957032, 4528375.984645385295153 ], [ 7345443.825207461602986, 4527936.03573021478951 ], [ 7346711.286308514885604, 4528132.970723063685 ], [ 7347040.316373605281115, 4528480.627703496254981 ], [ 7347400.23637075535953, 4528165.471248409710824 ], [ 7347916.872831449843943, 4527998.526719610206783 ], [ 7348640.1052898298949, 4527006.078539378941059 ], [ 7348810.793484071269631, 4525929.477698581293225 ], [ 7350087.598898056894541, 4525826.486886464990675 ], [ 7350482.509156958200037, 4525240.453058708459139 ], [ 7350647.35449309181422, 4524624.63764417450875 ], [ 7351908.17415087390691, 4524523.643831162713468 ], [ 7352079.746480358764529, 4523446.615927281789482 ], [ 7352347.868696890771389, 4523013.241131856106222 ], [ 7352506.524282685481012, 4522420.453958252444863 ], [ 7352784.623303092084825, 4522330.636521658860147 ], [ 7352800.762817664071918, 4523157.857448701746762 ], [ 7353274.633064832538366, 4523343.671060364693403 ], [ 7353588.367338978685439, 4523695.849529007449746 ], [ 7353831.401893611997366, 4523833.939694153144956 ], [ 7354306.346496894955635, 4523393.211907009594142 ], [ 7354930.827236683107913, 4523297.334783979691565 ], [ 7355798.939286034554243, 4524442.340849845670164 ], [ 7355766.170776869170368, 4526180.498736321926117 ], [ 7355743.844207651913166, 4526642.494623583741486 ], [ 7355558.375530407764018, 4526702.448855572380126 ], [ 7354085.358527785167098, 4528346.861004903912544 ], [ 7353714.949287073686719, 4528466.372834292240441 ], [ 7353361.407884833402932, 4528775.602439657784998 ], [ 7352991.034736794419587, 4528895.151209943927824 ], [ 7352264.780389991588891, 4529649.603083146736026 ], [ 7351894.472891685552895, 4529769.201186000369489 ], [ 7350303.237646836787462, 4531548.365350751206279 ], [ 7350108.885021975263953, 4532769.573546738363802 ], [ 7349197.496020392514765, 4532899.7129524666816 ], [ 7349034.611124252900481, 4533510.179865838959813 ], [ 7348680.227312128059566, 4534083.787821693345904 ], [ 7347817.487784938886762, 4534207.454645079560578 ], [ 7346624.202075196430087, 4535511.826826912350953 ], [ 7346512.736976593732834, 4535929.928362151607871 ], [ 7346307.23956177663058, 4535959.389399389736354 ], [ 7345995.858577559702098, 4536329.393565580248833 ], [ 7345584.501371273770928, 4536388.833086217753589 ], [ 7345273.172157219611108, 4536758.862565658055246 ], [ 7343870.372192378155887, 4536771.304631976410747 ], [ 7343539.134254419244826, 4536292.789454761892557 ], [ 7341792.950232760980725, 4536132.431830536574125 ], [ 7341046.811158904805779, 4537024.174210644327104 ], [ 7340635.578928094357252, 4537083.388130100443959 ], [ 7340324.549645783379674, 4537453.605813030153513 ], [ 7338862.357183175161481, 4537464.730909292586148 ], [ 7338179.944328446872532, 4538280.84624801389873 ], [ 7334821.296405682340264, 4538165.882343266159296 ], [ 7334784.863248975016177, 4537918.874731843359768 ], [ 7334549.731049792841077, 4537472.961314203217626 ], [ 7334497.939598830416799, 4536515.96639459207654 ], [ 7333844.282189688645303, 4535446.832719542086124 ], [ 7333997.481045099906623, 4534177.514877618290484 ], [ 7334347.870455958880484, 4533639.325175025500357 ], [ 7333588.822469919919968, 4533343.601830303668976 ] ] ] } },
{ "type": "Feature", "properties": { "id": "00030000000000006c36", "COAST": 0, "DIST_MAIN": 97.9, "DIST_SINK": 97.9, "ENDO": 0, "HYBAS_ID": 2120627500, "MAIN_BAS": 2120014490, "NEXT_DOWN": 2120629080, "NEXT_SINK": 2120014490, "ORDER": 2, "PFAF_ID": 214098090200, "SORT": 23581, "SUB_AREA": 121.0, "UP_AREA": 121.1 }, "geometry": { "type": "Polygon", "coordinates": [ [ [ 7316812.52985183428973, 4524401.456448272801936 ], [ 7316854.679117406718433, 4524130.243204494006932 ], [ 7317348.273511542007327, 4523537.546229251660407 ], [ 7317554.284748749807477, 4523507.278869866393507 ], [ 7317574.218462457880378, 4523044.828596244566143 ], [ 7319512.66544581297785, 4523192.063175708055496 ], [ 7319827.482864678837359, 4523542.683993177488446 ], [ 7320194.619570736773312, 4523684.498553822748363 ], [ 7320520.877163833007216, 4524047.551504411734641 ], [ 7321988.561051881872118, 4522373.669576940126717 ], [ 7323508.359171024523675, 4522306.428295814432204 ], [ 7323701.697522697970271, 4521503.686533145606518 ], [ 7324155.509460533969104, 4521079.606118027120829 ], [ 7324533.798257924616337, 4520969.878628610633314 ], [ 7324878.146175074391067, 4520648.060024291276932 ], [ 7325607.406864258460701, 4520554.346643954515457 ], [ 7326081.036783621646464, 4520111.918887928128242 ], [ 7327377.935502673499286, 4520295.745957703329623 ], [ 7327810.600355717353523, 4520777.84719465393573 ], [ 7328065.324230110272765, 4520663.289306812919676 ], [ 7328409.852540646679699, 4520341.62529628444463 ], [ 7329230.122426453046501, 4520236.465933634899557 ], [ 7329422.263491708785295, 4519441.675777749158442 ], [ 7329876.573218230158091, 4519017.427326062694192 ], [ 7330255.044409047812223, 4518908.47926677390933 ], [ 7330599.754586040973663, 4518586.903664318844676 ], [ 7331329.344662578776479, 4518493.746868627145886 ], [ 7331686.307774223387241, 4518160.873021246865392 ], [ 7332340.740228892304003, 4519002.129316573031247 ], [ 7334815.025771216489375, 4519239.897145080380142 ], [ 7335561.157134811393917, 4520200.149803012609482 ], [ 7337939.454851625487208, 4520182.842567248269916 ], [ 7338284.484900501556695, 4519861.612953652627766 ], [ 7338824.824326984584332, 4519823.460758302360773 ], [ 7339100.13581414707005, 4519930.28925743792206 ], [ 7339154.997588216327131, 4520301.592200856655836 ], [ 7339048.796011339873075, 4521955.701315240934491 ], [ 7338739.445146755315363, 4522329.093397080898285 ], [ 7338655.377946330234408, 4522864.018918157555163 ], [ 7338161.632262022234499, 4523458.445111236535013 ], [ 7337747.056015210226178, 4523518.24085240252316 ], [ 7337063.706488774158061, 4524335.005896320566535 ], [ 7335949.836300745606422, 4524362.435318725183606 ], [ 7334894.600908557884395, 4525625.349177907221019 ], [ 7334132.0954430969432, 4525669.01181973144412 ], [ 7333821.020464066416025, 4526039.514006802812219 ], [ 7333614.949416709132493, 4526069.823517942801118 ], [ 7333426.220429223962128, 4526124.223062024451792 ], [ 7333081.307923286221921, 4526445.631185067817569 ], [ 7332703.519296514801681, 4526554.436012800782919 ], [ 7332358.650464372709394, 4526875.881151472218335 ], [ 7330928.462288083508611, 4526937.817520460113883 ], [ 7330583.700800193473697, 4527259.337788482196629 ], [ 7328926.136019407771528, 4527310.939460404217243 ], [ 7328483.605629341676831, 4526816.884493288584054 ], [ 7328127.93725548312068, 4527149.419706533662975 ], [ 7327857.652867145836353, 4527263.253273759968579 ], [ 7327008.240002846345305, 4526171.344449853524566 ], [ 7326911.358366275206208, 4525523.269433066248894 ], [ 7326555.152138169854879, 4524901.365644887089729 ], [ 7325525.464346942491829, 4524718.008071615360677 ], [ 7325052.504265032708645, 4525160.478721582330763 ], [ 7324674.437693447805941, 4525269.670604839920998 ], [ 7324330.284691818058491, 4525591.48562593664974 ], [ 7323858.108013137243688, 4525728.289311887696385 ], [ 7323678.606586628593504, 4526473.658125719055533 ], [ 7322859.148832447826862, 4526579.394369276240468 ], [ 7322143.882802468724549, 4527347.877123177051544 ], [ 7321415.352106736041605, 4527441.885085804387927 ], [ 7320700.669269656762481, 4528211.006538731977344 ], [ 7320511.752480215393007, 4528265.705621966160834 ], [ 7320322.833418402820826, 4528320.413441703654826 ], [ 7319979.018426434136927, 4528642.41542961448431 ], [ 7318810.673312118276954, 4528728.442197221331298 ], [ 7318718.005993382073939, 4529113.91986776702106 ], [ 7318164.989686139859259, 4529050.825077712535858 ], [ 7317888.081912131048739, 4528654.320405344478786 ], [ 7317335.051401261240244, 4528590.796786986291409 ], [ 7317376.288111568428576, 4528323.500162863172591 ], [ 7317747.343631451949477, 4527873.234038111753762 ], [ 7317727.423353952355683, 4526949.705385026521981 ], [ 7317452.783727142959833, 4526550.355736943893135 ], [ 7317456.657378355972469, 4525082.288508201949298 ], [ 7317015.15083596855402, 4524449.324896391481161 ], [ 7316812.52985183428973, 4524401.456448272801936 ] ] ] } },
{ "type": "Feature", "properties": { "id": "00030000000000006c37", "COAST": 0, "DIST_MAIN": 93.5, "DIST_SINK": 93.5, "ENDO": 0, "HYBAS_ID": 2120631990, "MAIN_BAS": 2120014510, "NEXT_DOWN": 2121222350, "NEXT_SINK": 2120014510, "ORDER": 2, "PFAF_ID": 214099002210, "SORT": 23590, "SUB_AREA": 154.1, "UP_AREA": 362.2 }, "geometry": { "type": "Polygon", "coordinates": [ [ [ 7326272.05068442877382, 4491980.966250891797245 ], [ 7326456.195134147070348, 4490591.603747178800404 ], [ 7326928.489930314943194, 4490183.680003709159791 ], [ 7327298.002136182039976, 4490059.666416834108531 ], [ 7329146.222151055932045, 4487966.120219082571566 ], [ 7331984.753945864737034, 4487951.805595621466637 ], [ 7332340.722604890353978, 4487644.558600806631148 ], [ 7333523.408867297694087, 4487543.272017757408321 ], [ 7333691.051278906874359, 4486180.959708476439118 ], [ 7333377.179179641418159, 4485543.963441109284759 ], [ 7333334.569647102616727, 4485303.680407262407243 ], [ 7333297.578262018971145, 4485056.220720896497369 ], [ 7332971.155823332257569, 4484443.960797574371099 ], [ 7333082.095403711311519, 4484120.338991691358387 ], [ 7334207.526886533945799, 4482673.989167297258973 ], [ 7334187.948827956803143, 4480811.191525595262647 ], [ 7333617.444395021535456, 4480590.917713426984847 ], [ 7333524.675552863627672, 4479972.247425039298832 ], [ 7333287.091390821151435, 4479527.018672881647944 ], [ 7333212.587571639567614, 4479032.578657052479684 ], [ 7332642.542697495780885, 4478109.197376977652311 ], [ 7332588.54523771815002, 4477152.321984156966209 ], [ 7332018.247564293444157, 4476229.008092065341771 ], [ 7331981.129191156476736, 4475981.551316468045115 ], [ 7332541.629587425850332, 4475967.302310489118099 ], [ 7332853.96593486238271, 4475596.634626819752157 ], [ 7334474.632455701008439, 4475629.768713912926614 ], [ 7334540.195512759499252, 4476010.339363862760365 ], [ 7335340.459659809246659, 4476200.308810187503695 ], [ 7335666.123379720374942, 4476540.523285403847694 ], [ 7336026.278070241212845, 4476693.97184521984309 ], [ 7336351.86646316293627, 4477034.717925677075982 ], [ 7337065.052984988316894, 4477204.112688990309834 ], [ 7337722.746732220053673, 4478022.798883946612477 ], [ 7338082.796465990133584, 4478176.362340742722154 ], [ 7338408.248317708261311, 4478516.709892652928829 ], [ 7339226.919699020683765, 4478711.432753221131861 ], [ 7339281.650546583347023, 4480066.473409160971642 ], [ 7338900.01908235438168, 4480683.042763804085553 ], [ 7338773.610049788840115, 4481157.571890348568559 ], [ 7338504.83479615394026, 4481591.43216834962368 ], [ 7338375.25446951482445, 4482136.689390862360597 ], [ 7338953.813536658883095, 4482383.492202999070287 ], [ 7339278.995705666951835, 4482724.381852206774056 ], [ 7339638.411167561076581, 4482878.023816239088774 ], [ 7340713.373762611299753, 4484287.542700284160674 ], [ 7340786.22124145179987, 4484714.140661673620343 ], [ 7340721.019963147118688, 4484948.578845834359527 ], [ 7340456.129715457558632, 4485388.006743217818439 ], [ 7340325.774319956079125, 4485856.380303774029016 ], [ 7340061.279544183984399, 4486296.335054739378393 ], [ 7339897.958084617741406, 4487488.324051422066987 ], [ 7340220.80075541511178, 4488155.80551441386342 ], [ 7340270.208155244588852, 4489699.005465624853969 ], [ 7341520.666884073987603, 4489925.267494222149253 ], [ 7341633.905051046982408, 4490548.039467333815992 ], [ 7341856.978802534751594, 4491009.821991870179772 ], [ 7341943.886674557812512, 4491488.647025184705853 ], [ 7342215.593413745984435, 4492050.818126911297441 ], [ 7341674.367588834837079, 4492236.601841523312032 ], [ 7341238.559263529255986, 4492605.689134163782001 ], [ 7341045.324594430625439, 4493299.66525431163609 ], [ 7340724.135715309530497, 4493833.630214938893914 ], [ 7340363.561417129822075, 4493957.384163493290544 ], [ 7340010.909429619088769, 4493941.251792487688363 ], [ 7336635.904567319899797, 4493748.575868017040193 ], [ 7336358.317335962317884, 4493351.413338272832334 ], [ 7335599.554480266757309, 4493238.838105512782931 ], [ 7335321.889621048234403, 4492841.725282832980156 ], [ 7334270.370522291399539, 4492715.602363864891231 ], [ 7333148.684331373311579, 4494054.439281986095011 ], [ 7332734.837027952075005, 4494114.707016543485224 ], [ 7332423.133135296404362, 4494485.347754050046206 ], [ 7329190.437785787507892, 4494419.830408116802573 ], [ 7328878.940244868397713, 4494790.604580283164978 ], [ 7326910.298393466509879, 4494743.428167778067291 ], [ 7326633.900432024151087, 4494636.62876498978585 ], [ 7326540.914565501734614, 4494018.064656923525035 ], [ 7326303.505381431430578, 4493573.048820451833308 ], [ 7326286.627359239384532, 4492863.671134229749441 ], [ 7326647.55144658125937, 4492742.740729054436088 ], [ 7326272.05068442877382, 4491980.966250891797245 ] ] ] } },
{ "type": "Feature", "properties": { "id": "00030000000000006c38", "COAST": 0, "DIST_MAIN": 106.3, "DIST_SINK": 106.3, "ENDO": 0, "HYBAS_ID": 2121223160, "MAIN_BAS": 2120014510, "NEXT_DOWN": 2120631990, "NEXT_SINK": 2120014510, "ORDER": 2, "PFAF_ID": 214099002220, "SORT": 23591, "SUB_AREA": 208.1, "UP_AREA": 208.1 }, "geometry": { "type": "Polygon", "coordinates": [ [ [ 7316791.345990636385977, 4483656.579931790009141 ], [ 7317076.309398527257144, 4483574.049886050634086 ], [ 7317164.073621243238449, 4483209.154850093647838 ], [ 7317706.78170439042151, 4483169.316393432207406 ], [ 7318052.307619009166956, 4482847.103324670344591 ], [ 7318566.018560697324574, 4482698.57146627176553 ], [ 7318929.220468733459711, 4482141.308024846017361 ], [ 7319046.124266955070198, 4481654.774466561153531 ], [ 7319321.528205135837197, 4481232.009683434851468 ], [ 7319438.444162199273705, 4480745.987393657676876 ], [ 7320086.952306867577136, 4479875.922655174508691 ], [ 7320256.501865448430181, 4478348.657820551656187 ], [ 7320747.952307494357228, 4478206.715873527340591 ], [ 7321467.071168244816363, 4477437.382905486039817 ], [ 7321847.025282400660217, 4477327.876692255958915 ], [ 7322193.359266390092671, 4477005.85264811757952 ], [ 7322707.561245342716575, 4476857.574804693460464 ], [ 7323070.952913728542626, 4476299.970548009499907 ], [ 7323217.642322932370007, 4475692.37186131067574 ], [ 7323502.994138582609594, 4475610.065752276219428 ], [ 7324479.799633054994047, 4475583.993008290417492 ], [ 7325644.093000276014209, 4474096.487812850624323 ], [ 7325798.313673683442175, 4473033.867749155499041 ], [ 7326279.636003283783793, 4472552.85983846988529 ], [ 7327013.57467576675117, 4472458.521739603020251 ], [ 7327371.423687151633203, 4472126.29625966027379 ], [ 7327698.907573264092207, 4472488.479879542253911 ], [ 7328172.552381597459316, 4472670.769125448539853 ], [ 7328240.640131989493966, 4473866.021418820135295 ], [ 7328714.186563537456095, 4474048.355874514207244 ], [ 7329031.40039455331862, 4474399.268272997811437 ], [ 7330276.06165031529963, 4474517.031680677086115 ], [ 7330331.660265599377453, 4474888.175953424535692 ], [ 7330793.555059034377337, 4475066.174721211194992 ], [ 7331110.257602692581713, 4475417.162831413559616 ], [ 7331479.745294070802629, 4475559.397227720357478 ], [ 7331796.401687933132052, 4475910.418991330079734 ], [ 7331981.129191156476736, 4475981.551316468045115 ], [ 7332018.247564293444157, 4476229.008092065341771 ], [ 7332588.54523771815002, 4477152.321984156966209 ], [ 7332642.542697495780885, 4478109.197376977652311 ], [ 7333212.587571639567614, 4479032.578657052479684 ], [ 7333287.091390821151435, 4479527.018672881647944 ], [ 7333524.675552863627672, 4479972.247425039298832 ], [ 7333617.444395021535456, 4480590.917713426984847 ], [ 7334187.948827956803143, 4480811.191525595262647 ], [ 7334207.526886533945799, 4482673.989167297258973 ], [ 7333082.095403711311519, 4484120.338991691358387 ], [ 7332971.155823332257569, 4484443.960797574371099 ], [ 7333297.578262018971145, 4485056.220720896497369 ], [ 7333334.569647102616727, 4485303.680407262407243 ], [ 7333377.179179641418159, 4485543.963441109284759 ], [ 7333691.051278906874359, 4486180.959708476439118 ], [ 7333523.408867297694087, 4487543.272017757408321 ], [ 7332340.722604890353978, 4487644.558600806631148 ], [ 7331984.753945864737034, 4487951.805595621466637 ], [ 7329146.222151055932045, 4487966.120219082571566 ], [ 7327298.002136182039976, 4490059.666416834108531 ], [ 7326928.489930314943194, 4490183.680003709159791 ], [ 7326456.195134147070348, 4490591.603747178800404 ], [ 7326272.05068442877382, 4491980.966250891797245 ], [ 7326647.55144658125937, 4492742.740729054436088 ], [ 7326286.627359239384532, 4492863.671134229749441 ], [ 7324320.966600088402629, 4492738.572940703481436 ], [ 7324043.108643867075443, 4492341.929057152941823 ], [ 7323696.482570581138134, 4492248.051349990069866 ], [ 7323321.439565001055598, 4492695.062745823524892 ], [ 7323114.554237214848399, 4492725.226610911078751 ], [ 7323096.44511005282402, 4492454.871233036741614 ], [ 7322488.230072094127536, 4491578.175002721138299 ], [ 7322451.312092809006572, 4491034.47160307969898 ], [ 7322008.125450299121439, 4490401.345474492758512 ], [ 7321598.409700315445662, 4490304.356268803589046 ], [ 7321157.859558761119843, 4489668.926786377094686 ], [ 7321120.834976261481643, 4489124.745169972069561 ], [ 7320344.799815434031188, 4488014.60268200840801 ], [ 7319937.933623913675547, 4487918.339310938492417 ], [ 7319659.260167315602303, 4487521.867830219678581 ], [ 7319252.343481784686446, 4487426.139611913822591 ], [ 7318308.002513437531888, 4486075.183049378916621 ], [ 7317897.990607033483684, 4485978.904214518144727 ], [ 7317456.485784947872162, 4485343.217023888602853 ], [ 7317438.112924438901246, 4485072.89829034358263 ], [ 7317085.478591326624155, 4485057.891625224612653 ], [ 7317064.27011582441628, 4484231.037447137758136 ], [ 7316771.730224519968033, 4484118.523365476168692 ], [ 7316791.345990636385977, 4483656.579931790009141 ] ] ] } },
{ "type": "Feature", "properties": { "id": "00030000000000006c39", "COAST": 0, "DIST_MAIN": 43.2, "DIST_SINK": 43.2, "ENDO": 0, "HYBAS_ID": 2120634760, "MAIN_BAS": 2120014530, "NEXT_DOWN": 2121224600, "NEXT_SINK": 2120014530, "ORDER": 2, "PFAF_ID": 214099004200, "SORT": 23598, "SUB_AREA": 126.5, "UP_AREA": 126.6 }, "geometry": { "type": "Polygon", "coordinates": [ [ [ 7350840.25455270614475, 4481474.849099713377655 ], [ 7350933.930107734166086, 4481093.096373678185046 ], [ 7352909.784601433202624, 4478843.915469291619956 ], [ 7353354.908897960558534, 4479340.351663740351796 ], [ 7355730.675678509287536, 4479326.664219028316438 ], [ 7357203.889868625439703, 4477670.231974430382252 ], [ 7357719.375897228717804, 4477524.339481998234987 ], [ 7358085.492742592468858, 4476968.77382979169488 ], [ 7358205.027957427315414, 4476482.703488579951227 ], [ 7358482.931924637407064, 4476061.236002940684557 ], [ 7358632.582625412382185, 4475453.663219133391976 ], [ 7358918.443234487436712, 4475373.177770280279219 ], [ 7358972.66619876306504, 4475744.134876850992441 ], [ 7359434.012569255195558, 4475923.938910238444805 ], [ 7359749.473546112887561, 4476276.221278659068048 ], [ 7360118.501091491430998, 4476420.400330349802971 ], [ 7360551.864839087240398, 4476904.336845279671252 ], [ 7362575.493907549418509, 4476876.245199147611856 ], [ 7363675.070601345971227, 4475665.840428315103054 ], [ 7364925.722765732556581, 4475663.777816107496619 ], [ 7365459.021153746172786, 4475758.22463361453265 ], [ 7365783.469384796917439, 4476100.327526274137199 ], [ 7366022.188036359846592, 4476249.345422992482781 ], [ 7366882.051090062595904, 4475364.782097288407385 ], [ 7367465.154749816283584, 4475256.044086360372603 ], [ 7367926.165191761218011, 4475741.803952727466822 ], [ 7368285.877568531781435, 4475896.848850351758301 ], [ 7368610.199104471132159, 4476239.087747875601053 ], [ 7369323.071892277337611, 4476411.597638162784278 ], [ 7369647.348094638437033, 4476753.386446919292212 ], [ 7370467.651177015155554, 4476952.147012948058546 ], [ 7370502.182320966385305, 4478565.375677097588778 ], [ 7370089.018766845576465, 4478697.135838464833796 ], [ 7370066.118913628160954, 4479159.621402687393129 ], [ 7369875.510817072354257, 4479213.160714171826839 ], [ 7369527.357148610055447, 4479533.114705324172974 ], [ 7369146.178740157745779, 4479640.222540179267526 ], [ 7368422.248098144307733, 4480405.27025599591434 ], [ 7367945.850676828064024, 4480539.468394933268428 ], [ 7367765.634579556062818, 4481267.902935871854424 ], [ 7367289.299636847339571, 4481402.136184759438038 ], [ 7366941.365181277506053, 4481722.190657041035593 ], [ 7366560.717805257067084, 4481829.438363823108375 ], [ 7366212.452680643647909, 4482149.507660567760468 ], [ 7365478.539081568829715, 4482239.984165580943227 ], [ 7365130.719751591794193, 4482560.123427540995181 ], [ 7364396.886680071242154, 4482650.201247000135481 ], [ 7364049.133213536813855, 4482970.379872605204582 ], [ 7363668.207964372821152, 4483078.245800939388573 ], [ 7362569.544054876081645, 4484288.090610576793551 ], [ 7360335.362957491539419, 4484311.238610213622451 ], [ 7360179.079336280934513, 4484944.739462469704449 ], [ 7359767.490694494917989, 4485527.242306474596262 ], [ 7358945.715836176648736, 4485628.942939744330943 ], [ 7358597.964119702577591, 4485949.341368431225419 ], [ 7358217.667857435531914, 4486057.48699620179832 ], [ 7357869.97471228428185, 4486377.904450210742652 ], [ 7357260.912655455060303, 4486474.625219102948904 ], [ 7356827.630434045568109, 4485990.83154128678143 ], [ 7356230.587854927405715, 4485835.874903284944594 ], [ 7355753.095238874666393, 4486276.603137511759996 ], [ 7355372.897843495942652, 4486384.388004477135837 ], [ 7355025.348096421919763, 4486704.940311291255057 ], [ 7354752.794048170559108, 4486817.881570768542588 ], [ 7354004.885031308047473, 4485856.296507063321769 ], [ 7352930.85372837074101, 4485678.973773706704378 ], [ 7352495.33981953561306, 4485156.201867433264852 ], [ 7352438.158577734604478, 4484083.234244440682232 ], [ 7352201.788046572357416, 4483637.330254913307726 ], [ 7352128.997016291134059, 4483142.13939537294209 ], [ 7351561.112015158869326, 4482217.623529408127069 ], [ 7351546.431392853148282, 4481508.063906977884471 ], [ 7350840.25455270614475, 4481474.849099713377655 ] ] ] } },
{ "type": "Feature", "properties": { "id": "00030000000000006c3a", "COAST": 0, "DIST_MAIN": 40.8, "DIST_SINK": 40.8, "ENDO": 0, "HYBAS_ID": 2120637020, "MAIN_BAS": 2120014560, "NEXT_DOWN": 2121225260, "NEXT_SINK": 2120014560, "ORDER": 2, "PFAF_ID": 215001202100, "SORT": 23604, "SUB_AREA": 80.4, "UP_AREA": 419.1 }, "geometry": { "type": "Polygon", "coordinates": [ [ [ 7356906.802198798395693, 4465549.032173225656152 ], [ 7357818.26788982655853, 4465631.593148509971797 ], [ 7358096.066150774247944, 4466029.542253480292857 ], [ 7358857.538627543486655, 4466144.742256504483521 ], [ 7359135.282747432589531, 4466542.236469733528793 ], [ 7359543.070590071380138, 4466640.593828728422523 ], [ 7360152.169644257053733, 4467517.557384696789086 ], [ 7362328.950426105409861, 4467701.215294373221695 ], [ 7362662.841556493192911, 4468180.41857822239399 ], [ 7365493.647478127852082, 4468239.510375426150858 ], [ 7365808.396775847300887, 4467870.112688116729259 ], [ 7366223.746621101163328, 4467811.546165286563337 ], [ 7367291.379635732620955, 4466552.818063489161432 ], [ 7368560.274676758795977, 4466575.369635115377605 ], [ 7368837.345073419623077, 4466683.686272135935724 ], [ 7368891.56505292467773, 4467055.247614563442767 ], [ 7368763.247712223790586, 4468684.676222091540694 ], [ 7368474.682967820204794, 4469120.702443759888411 ], [ 7369457.102410614490509, 4470659.031452623195946 ], [ 7368872.749408547766507, 4470823.618083000183105 ], [ 7368031.764766840264201, 4471710.951961548998952 ], [ 7367934.313990143127739, 4472104.31172945164144 ], [ 7367726.533240268006921, 4472133.779817929491401 ], [ 7367412.206595784053206, 4472503.110717468895018 ], [ 7366997.112986988388002, 4472561.10000095423311 ], [ 7365367.61093810852617, 4474485.973331963643432 ], [ 7365281.063608764670789, 4475024.16480150166899 ], [ 7364968.727255919016898, 4475396.152437111362815 ], [ 7364925.722765732556581, 4475663.777816107496619 ], [ 7363675.070601345971227, 4475665.840428315103054 ], [ 7362575.493907549418509, 4476876.245199147611856 ], [ 7360551.864839087240398, 4476904.336845279671252 ], [ 7360118.501091491430998, 4476420.400330349802971 ], [ 7359749.473546112887561, 4476276.221278659068048 ], [ 7359434.012569255195558, 4475923.938910238444805 ], [ 7358972.66619876306504, 4475744.134876850992441 ], [ 7358918.443234487436712, 4475373.177770280279219 ], [ 7358901.100673486478627, 4475102.657226663082838 ], [ 7358599.22414330765605, 4474662.819065480493009 ], [ 7359005.71339401230216, 4474178.124420957639813 ], [ 7359011.916466845199466, 4472791.774818529374897 ], [ 7358405.636348968371749, 4471912.019421618431807 ], [ 7358437.910433092154562, 4469984.591444566845894 ], [ 7358162.702655165456235, 4469584.254913734272122 ], [ 7358145.280717940069735, 4469313.729277324862778 ], [ 7358167.350687586702406, 4468851.755170696415007 ], [ 7357813.832793505862355, 4468834.881903283298016 ], [ 7357840.882068722508848, 4467639.938102536834776 ], [ 7357233.583797150291502, 4466760.301382380537689 ], [ 7357199.359638724476099, 4466219.797965311445296 ], [ 7356923.923102317377925, 4465819.525915808975697 ], [ 7356906.802198798395693, 4465549.032173225656152 ] ] ] } },
{ "type": "Feature", "properties": { "id": "00030000000000006c3b", "COAST": 0, "DIST_MAIN": 54.5, "DIST_SINK": 54.5, "ENDO": 0, "HYBAS_ID": 2120636550, "MAIN_BAS": 2120014560, "NEXT_DOWN": 2120637020, "NEXT_SINK": 2120014560, "ORDER": 2, "PFAF_ID": 215001202300, "SORT": 23605, "SUB_AREA": 220.6, "UP_AREA": 220.6 }, "geometry": { "type": "Polygon", "coordinates": [ [ [ 7334474.632455701008439, 4475629.768713912926614 ], [ 7334516.533436614088714, 4475362.049508650787175 ], [ 7334827.21991331782192, 4474988.895179068669677 ], [ 7334952.389016635715961, 4473529.543053906410933 ], [ 7335637.518559793941677, 4472709.80136120505631 ], [ 7335783.546645799651742, 4470788.007392313331366 ], [ 7336094.452165128663182, 4470414.893324847333133 ], [ 7336157.158119490370154, 4469684.731014413759112 ], [ 7338195.434820225462317, 4469711.012531543150544 ], [ 7338614.799232507124543, 4469114.900298283435404 ], [ 7338762.82865097746253, 4468507.527139791287482 ], [ 7339048.666805817745626, 4468425.790451533161104 ], [ 7339587.013616755604744, 4468513.096360870637 ], [ 7339914.863947425968945, 4468876.868446893058717 ], [ 7340647.239513689652085, 4468098.285114731639624 ], [ 7342089.300832291133702, 4468038.040261631831527 ], [ 7342436.585713268257678, 4467716.866007024422288 ], [ 7343878.796699016354978, 4467656.466286912560463 ], [ 7344226.18756986502558, 4467335.360284463502467 ], [ 7344607.457993372343481, 4467226.977431459352374 ], [ 7344954.899610778316855, 4466905.9001729413867 ], [ 7346133.578526430763304, 4466823.394885850138962 ], [ 7346287.386505277827382, 4466195.058763045817614 ], [ 7346564.861232344992459, 4465773.176924324594438 ], [ 7346684.051735621877015, 4465287.484639108181 ], [ 7347336.644650777801871, 4464419.511880102567375 ], [ 7347497.630503064021468, 4463761.782795067876577 ], [ 7347955.967165060341358, 4463338.883041990920901 ], [ 7348337.50145352166146, 4463230.672933545894921 ], [ 7348685.280191115103662, 4462909.750966501422226 ], [ 7349229.838906409218907, 4462872.102588549256325 ], [ 7349287.384498173370957, 4463258.921792193315923 ], [ 7350101.169430094771087, 4463438.579407315701246 ], [ 7350417.633302698843181, 4463790.407957303337753 ], [ 7350787.437105447985232, 4463934.073816608637571 ], [ 7351103.846973734907806, 4464285.928704279474914 ], [ 7352181.43203442171216, 4464462.307635250501335 ], [ 7353589.804219804704189, 4466381.471966669894755 ], [ 7354576.713631364516914, 4466302.133574289269745 ], [ 7354925.047076599672437, 4465981.508885005488992 ], [ 7356367.947568133473396, 4465923.483036343939602 ], [ 7356716.004818266257644, 4465602.912662715651095 ], [ 7356906.802198798395693, 4465549.032173225656152 ], [ 7356923.923102317377925, 4465819.525915808975697 ], [ 7357199.359638724476099, 4466219.797965311445296 ], [ 7357233.583797150291502, 4466760.301382380537689 ], [ 7357840.882068722508848, 4467639.938102536834776 ], [ 7357813.832793505862355, 4468834.881903283298016 ], [ 7357724.003798171877861, 4469198.930259983055294 ], [ 7357438.289050439372659, 4469279.992292784154415 ], [ 7357084.420421248301864, 4469263.122367093339562 ], [ 7357020.76125767827034, 4469500.529394361190498 ], [ 7356683.209030703641474, 4470041.669433099217713 ], [ 7356146.679087440483272, 4470213.947083506733179 ], [ 7355790.671207871288061, 4470522.733848427422345 ], [ 7355417.497997133992612, 4470642.348963811993599 ], [ 7354686.238475383259356, 4471396.889879140071571 ], [ 7353959.371814151294529, 4471499.824324845336378 ], [ 7352853.232182283885777, 4472699.814347721636295 ], [ 7352480.225317166186869, 4472819.559366912581027 ], [ 7352124.465298518538475, 4473128.996659548021853 ], [ 7351397.847806645557284, 4473231.669854280538857 ], [ 7350292.347998620010912, 4474432.488539631478488 ], [ 7349457.147206687368453, 4474551.073087673634291 ], [ 7349254.975065103732049, 4476210.623493715189397 ], [ 7348563.041048207320273, 4476341.421708824113011 ], [ 7348100.964376469142735, 4475856.939520612359047 ], [ 7347884.249084209091961, 4475709.554615449160337 ], [ 7347379.187585917301476, 4476149.043086474761367 ], [ 7346653.329122976399958, 4476252.671316398307681 ], [ 7346209.162452703341842, 4476639.539225151762366 ], [ 7345965.836291281506419, 4477550.222637716680765 ], [ 7345556.82595941144973, 4477121.387262011878192 ], [ 7344350.759311078116298, 4478433.763363768346608 ], [ 7344175.514262742362916, 4479088.876672501675785 ], [ 7343532.134893195703626, 4479968.296871201135218 ], [ 7343405.428708280436695, 4480442.759955720975995 ], [ 7343136.719002345576882, 4480876.502165117301047 ], [ 7343010.039673053659499, 4481350.966418571770191 ], [ 7342366.960745414718986, 4482230.468883200548589 ], [ 7342240.345199685543776, 4482704.9483698066324 ], [ 7341971.388996350578964, 4483138.704173692502081 ], [ 7341887.108522515743971, 4483838.160237474367023 ], [ 7341679.858175962232053, 4483867.818945644423366 ], [ 7341367.320253815501928, 4484238.133808840066195 ], [ 7341160.082889864221215, 4484267.809037577360868 ], [ 7341071.124066311866045, 4484632.498264161869884 ], [ 7340786.22124145179987, 4484714.140661673620343 ], [ 7340713.373762611299753, 4484287.542700284160674 ], [ 7339638.411167561076581, 4482878.023816239088774 ], [ 7339278.995705666951835, 4482724.381852206774056 ], [ 7338953.813536658883095, 4482383.492202999070287 ], [ 7338375.25446951482445, 4482136.689390862360597 ], [ 7338504.83479615394026, 4481591.43216834962368 ], [ 7338773.610049788840115, 4481157.571890348568559 ], [ 7338900.01908235438168, 4480683.042763804085553 ], [ 7339281.650546583347023, 4480066.473409160971642 ], [ 7339226.919699020683765, 4478711.432753221131861 ], [ 7338408.248317708261311, 4478516.709892652928829 ], [ 7338082.796465990133584, 4478176.362340742722154 ], [ 7337722.746732220053673, 4478022.798883946612477 ], [ 7337065.052984988316894, 4477204.112688990309834 ], [ 7336351.86646316293627, 4477034.717925677075982 ], [ 7336026.278070241212845, 4476693.97184521984309 ], [ 7335666.123379720374942, 4476540.523285403847694 ], [ 7335340.459659809246659, 4476200.308810187503695 ], [ 7334540.195512759499252, 4476010.339363862760365 ], [ 7334474.632455701008439, 4475629.768713912926614 ] ] ] } },
{ "type": "Feature", "properties": { "id": "00030000000000006c3c", "COAST": 0, "DIST_MAIN": 64.9, "DIST_SINK": 64.9, "ENDO": 0, "HYBAS_ID": 2120638160, "MAIN_BAS": 2120014560, "NEXT_DOWN": 2120637180, "NEXT_SINK": 2120014560, "ORDER": 2, "PFAF_ID": 215001204000, "SORT": 23608, "SUB_AREA": 113.7, "UP_AREA": 113.8 }, "geometry": { "type": "Polygon", "coordinates": [ [ [ 7334910.874089469201863, 4449948.844882251694798 ], [ 7335252.960543999448419, 4449538.857939119450748 ], [ 7335398.946972543373704, 4447614.141558359377086 ], [ 7335962.91240964550525, 4446946.428146648220718 ], [ 7336311.639496730640531, 4447040.253461415879428 ], [ 7336648.148654852062464, 4447518.610547942109406 ], [ 7337715.415064530447125, 4447487.490091875195503 ], [ 7338964.092179014347494, 4445999.717649454250932 ], [ 7339048.583183789625764, 4445464.815818602219224 ], [ 7339360.523292619735003, 4445091.766874213702977 ], [ 7339402.595552956685424, 4444824.062228194437921 ], [ 7339607.369588696397841, 4444872.419775785878301 ], [ 7340554.445663472637534, 4446225.900753020308912 ], [ 7340963.519377648830414, 4446322.663615670986474 ], [ 7341243.001062303781509, 4446719.877974792383611 ], [ 7341802.198862325400114, 4446784.822449795901775 ], [ 7342156.7033361941576, 4446800.874295349232852 ], [ 7342174.513528136536479, 4447070.801770862191916 ], [ 7342617.178698689676821, 4447708.408510155044496 ], [ 7345156.329040016047657, 4447902.903738931752741 ], [ 7346102.423599706962705, 4449256.699726694263518 ], [ 7346805.342414340935647, 4449367.789405453950167 ], [ 7347183.6811986239627, 4448921.756123542785645 ], [ 7347599.760412926785648, 4448862.60679838899523 ], [ 7347914.20176800340414, 4448492.473619110882282 ], [ 7349333.702062294818461, 4448479.73792895488441 ], [ 7349669.400709482841194, 4448958.234944109804928 ], [ 7350433.061776955612004, 4449071.98283129837364 ], [ 7350876.62442094180733, 4449706.73664833791554 ], [ 7350912.130936950445175, 4450251.158010542392731 ], [ 7351521.361285732127726, 4451130.112768390215933 ], [ 7351517.62592916470021, 4451862.550939078442752 ], [ 7351410.073311597108841, 4453516.57905859965831 ], [ 7351097.775555707514286, 4453889.147578320465982 ], [ 7350991.242548892274499, 4454886.443271058611572 ], [ 7350648.422308415174484, 4455295.767100365832448 ], [ 7350951.681136570870876, 4455735.184666536748409 ], [ 7350925.538620363920927, 4457583.355817586183548 ], [ 7350549.821571605280042, 4458032.275286403484643 ], [ 7350464.50866134930402, 4458567.101698922924697 ], [ 7349966.663189508020878, 4459161.043576505966485 ], [ 7349548.028121962212026, 4459220.883657170459628 ], [ 7349234.235192817635834, 4459590.945355750620365 ], [ 7349026.278999713249505, 4459620.448460798710585 ], [ 7349047.744491824880242, 4459157.986828623339534 ], [ 7348869.531648500822484, 4459078.34171280823648 ], [ 7348095.063901197165251, 4458104.163756330497563 ], [ 7348070.163322535343468, 4456096.581949098035693 ], [ 7347797.8589738458395, 4455535.2982790870592 ], [ 7347269.602825039066374, 4455299.275465831160545 ], [ 7346440.967498853802681, 4454257.908108326606452 ], [ 7346762.211838212795556, 4453726.49316481128335 ], [ 7346460.903482981026173, 4453105.462274519726634 ], [ 7345049.768887479789555, 4452881.6064747069031 ], [ 7344528.78328962251544, 4453320.686666292138398 ], [ 7343804.743150760419667, 4453430.852562063373625 ], [ 7343444.701177287846804, 4453734.603707129135728 ], [ 7343074.928978401236236, 4453860.493123638443649 ], [ 7342339.371931321918964, 4454610.596552801318467 ], [ 7341261.397118454799056, 4454704.41118208039552 ], [ 7340901.52200888376683, 4455008.270220343954861 ], [ 7340531.866111364215612, 4455134.280103420838714 ], [ 7340167.288913424126804, 4455442.422110074199736 ], [ 7339832.366468291729689, 4455102.673455702140927 ], [ 7339367.947125478647649, 4454895.884250158444047 ], [ 7339313.178397117182612, 4453235.646451487205923 ], [ 7338319.79986703209579, 4453110.693444061093032 ], [ 7338033.420218214392662, 4453192.493132151663303 ], [ 7337944.860611508600414, 4453557.233950454741716 ], [ 7335968.677222587168217, 4453429.694978979416192 ], [ 7335190.220179873518646, 4452317.660408419556916 ], [ 7335171.600679784081876, 4452044.268295891582966 ], [ 7335213.903386231511831, 4451776.568461131304502 ], [ 7335588.87882265355438, 4451326.923586730845273 ], [ 7335548.998335562646389, 4450865.26692371070385 ], [ 7334910.874089469201863, 4449948.844882251694798 ] ] ] } },
{ "type": "Feature", "properties": { "id": "00030000000000006c3d", "COAST": 0, "DIST_MAIN": 30.2, "DIST_SINK": 30.2, "ENDO": 0, "HYBAS_ID": 2120640260, "MAIN_BAS": 2120014580, "NEXT_DOWN": 2120014580, "NEXT_SINK": 2120014580, "ORDER": 2, "PFAF_ID": 215001402100, "SORT": 23616, "SUB_AREA": 130.1, "UP_AREA": 277.6 }, "geometry": { "type": "Polygon", "coordinates": [ [ [ 7366057.440542270429432, 4437729.811008345335722 ], [ 7366619.963155743665993, 4437796.682055864483118 ], [ 7367061.049347741529346, 4438435.296301647089422 ], [ 7367095.209008663892746, 4438979.840193913318217 ], [ 7367538.590085855685174, 4439615.631356869824231 ], [ 7367948.238122111186385, 4439713.868851178325713 ], [ 7368283.311125045642257, 4440193.731054537929595 ], [ 7369349.562967259436846, 4440166.870388399809599 ], [ 7369665.461534034460783, 4439797.557227888144553 ], [ 7369873.712585460394621, 4439768.561068606562912 ], [ 7370775.495645578950644, 4439749.726201509125531 ], [ 7371880.936295061372221, 4438540.120676617138088 ], [ 7372264.145494365133345, 4438433.009931436739862 ], [ 7372614.028604314662516, 4438113.060825726948678 ], [ 7372997.296869761310518, 4438005.498393665067852 ], [ 7373725.055969912558794, 4437241.107916388660669 ], [ 7374216.564723243936896, 4437103.739009138196707 ], [ 7374378.230506468564272, 4436037.74587769433856 ], [ 7374658.214245086535811, 4435616.740232890471816 ], [ 7374819.941540698520839, 4434550.747085133567452 ], [ 7375119.52642828784883, 4434466.895641910843551 ], [ 7375173.953070559538901, 4434838.491046000272036 ], [ 7375637.30737370532006, 4435019.123446358367801 ], [ 7375954.497642917558551, 4435372.020739908330142 ], [ 7376417.811138769611716, 4435552.697531915269792 ], [ 7376508.274390948936343, 4436171.551312004216015 ], [ 7376745.240647139027715, 4436618.197386465035379 ], [ 7376817.783995410427451, 4437113.693320861086249 ], [ 7377718.683400082401931, 4438520.200742183253169 ], [ 7377809.344302641227841, 4439139.097503473050892 ], [ 7378272.383786389604211, 4439319.911724338307977 ], [ 7378921.049518997780979, 4440153.190858534537256 ], [ 7379291.343447947874665, 4440297.694619317539036 ], [ 7379607.73545294161886, 4440650.760627866722643 ], [ 7380148.354469741694629, 4440740.878237246535718 ], [ 7380164.847524393349886, 4441011.476926715113223 ], [ 7380440.256930983625352, 4441413.101389382965863 ], [ 7380473.250557576306164, 4441953.794059974141419 ], [ 7380748.625292969867587, 4442354.943872542120516 ], [ 7380758.657638300210238, 4443358.141071424819529 ], [ 7381033.936209145002067, 4443759.796894350089133 ], [ 7381050.399989265948534, 4444029.9000782687217 ], [ 7381086.269202730618417, 4444277.673286008648574 ], [ 7381330.282576334662735, 4444739.265556980855763 ], [ 7381041.070267034694552, 4445173.964435289613903 ], [ 7380869.126202530227602, 4446665.87891510874033 ], [ 7381529.822094758972526, 4446924.858558964915574 ], [ 7381640.845419979654253, 4447386.702355749905109 ], [ 7381256.141673163510859, 4447964.833394330926239 ], [ 7381195.153273952193558, 4448207.715258755721152 ], [ 7380987.048457005992532, 4448236.385846837423742 ], [ 7379914.820624572224915, 4449493.983568627387285 ], [ 7377725.066570220515132, 4449462.879684004932642 ], [ 7377409.059907351620495, 4449831.866902478039265 ], [ 7376283.291683413088322, 4449853.98014925699681 ], [ 7375967.758941090665758, 4450223.031172362156212 ], [ 7375759.360672224313021, 4450251.823758029378951 ], [ 7375782.374218026176095, 4449789.834679074585438 ], [ 7375602.11111056804657, 4449711.930186000652611 ], [ 7375276.707413161173463, 4449369.962853307835758 ], [ 7373142.510303258895874, 4449126.764722468331456 ], [ 7372484.909229231998324, 4448304.908416578546166 ], [ 7372123.851604888215661, 4448149.751306967809796 ], [ 7371798.223238008096814, 4447807.942504475824535 ], [ 7371437.511952459812164, 4447652.843717021867633 ], [ 7371030.423608281649649, 4447225.258218480274081 ], [ 7370913.1802739193663, 4446528.81643139757216 ], [ 7370685.205355556681752, 4446071.385636329650879 ], [ 7370603.551660197786987, 4445586.93390613142401 ], [ 7369597.973819705657661, 4444006.614238713867962 ], [ 7368425.294579675421119, 4443798.633228019811213 ], [ 7368099.307281685993075, 4443457.009810068644583 ], [ 7367737.935595034621656, 4443302.093838005326688 ], [ 7367306.476997323334217, 4442849.775137566030025 ], [ 7367226.378755694255233, 4441574.686423995532095 ], [ 7366588.676847155205905, 4441461.951171978376806 ], [ 7366571.326014447957277, 4441191.407493775710464 ], [ 7365962.717326764948666, 4440311.183156544342637 ], [ 7366057.440542270429432, 4437729.811008345335722 ] ] ] } },
{ "type": "Feature", "properties": { "id": "00030000000000006c3e", "COAST": 0, "DIST_MAIN": 43.9, "DIST_SINK": 43.9, "ENDO": 0, "HYBAS_ID": 2121227310, "MAIN_BAS": 2120014580, "NEXT_DOWN": 2120640260, "NEXT_SINK": 2120014580, "ORDER": 2, "PFAF_ID": 215001402200, "SORT": 23617, "SUB_AREA": 147.6, "UP_AREA": 147.6 }, "geometry": { "type": "Polygon", "coordinates": [ [ [ 7359123.633858159184456, 4426280.936122380197048 ], [ 7359231.919300704263151, 4424626.925867405720055 ], [ 7359545.62755929864943, 4424254.601578443311155 ], [ 7359588.808195136487484, 4423986.977326706983149 ], [ 7361216.994399523362517, 4424103.29551471862942 ], [ 7361496.124314988031983, 4424501.23842899966985 ], [ 7362618.224587499164045, 4424633.482011212036014 ], [ 7362954.445509989745915, 4425112.537925507873297 ], [ 7364734.235345734283328, 4425119.384291082620621 ], [ 7365492.523618329316378, 4424229.230739203281701 ], [ 7367621.051619993522763, 4424410.1585333943367 ], [ 7367900.24097855668515, 4424808.378668711520731 ], [ 7370239.923897827975452, 4424961.598914214409888 ], [ 7370518.615403157658875, 4425069.377151652239263 ], [ 7370635.617929314263165, 4425863.390376173891127 ], [ 7371054.079904771409929, 4426328.035792539827526 ], [ 7371540.534956167452037, 4426516.905365030281246 ], [ 7372202.247989333234727, 4427590.977474644780159 ], [ 7372252.620523683726788, 4428548.371865835040808 ], [ 7372490.116833445616066, 4428995.338331029750407 ], [ 7372581.054702785797417, 4429614.110175461508334 ], [ 7372859.146249705925584, 4429722.462551371194422 ], [ 7372913.77549494523555, 4430093.536725087091327 ], [ 7373192.218692963011563, 4430201.924720756709576 ], [ 7373186.338730784133077, 4430934.455054330639541 ], [ 7374460.47226039879024, 4432774.763739940710366 ], [ 7374494.405836125835776, 4433315.411461572162807 ], [ 7375102.802716416306794, 4434196.331833583302796 ], [ 7375119.52642828784883, 4434466.895641910843551 ], [ 7374819.941540698520839, 4434550.747085133567452 ], [ 7374658.214245086535811, 4435616.740232890471816 ], [ 7374378.230506468564272, 4436037.74587769433856 ], [ 7374216.564723243936896, 4437103.739009138196707 ], [ 7373725.055969912558794, 4437241.107916388660669 ], [ 7372997.296869761310518, 4438005.498393665067852 ], [ 7372614.028604314662516, 4438113.060825726948678 ], [ 7372264.145494365133345, 4438433.009931436739862 ], [ 7371880.936295061372221, 4438540.120676617138088 ], [ 7370775.495645578950644, 4439749.726201509125531 ], [ 7369873.712585460394621, 4439768.561068606562912 ], [ 7369665.461534034460783, 4439797.557227888144553 ], [ 7369349.562967259436846, 4440166.870388399809599 ], [ 7368283.311125045642257, 4440193.731054537929595 ], [ 7367948.238122111186385, 4439713.868851178325713 ], [ 7367538.590085855685174, 4439615.631356869824231 ], [ 7367095.209008663892746, 4438979.840193913318217 ], [ 7367061.049347741529346, 4438435.296301647089422 ], [ 7366619.963155743665993, 4437796.682055864483118 ], [ 7366057.440542270429432, 4437729.811008345335722 ], [ 7366021.004025399684906, 4437482.641229240223765 ], [ 7365783.505822561681271, 4437035.877119110897183 ], [ 7365710.240351136773825, 4436541.032947639003396 ], [ 7365472.684024268761277, 4436094.287164242938161 ], [ 7365399.756765347905457, 4435599.46571631450206 ], [ 7365162.126438239589334, 4435153.227727136574686 ], [ 7365063.295898853801191, 4434483.149711600504816 ], [ 7364645.041370365768671, 4434018.820020451210439 ], [ 7364165.34540206938982, 4433832.661801983602345 ], [ 7364133.933606163598597, 4432295.810314011760056 ], [ 7363896.097692620009184, 4431849.620213920250535 ], [ 7363838.887210682034492, 4430776.555111464112997 ], [ 7363400.648171124048531, 4430253.369629824534059 ], [ 7362318.55399280693382, 4430075.231063164770603 ], [ 7362000.5458859289065, 4429722.962696323171258 ], [ 7361273.717948332428932, 4429562.423763752914965 ], [ 7360956.022661413066089, 4429210.216289868578315 ], [ 7360059.10920599848032, 4429104.682232966646552 ], [ 7360063.709923988208175, 4428372.230685557238758 ], [ 7359786.725019994191825, 4427971.453670588321984 ], [ 7359752.060946422629058, 4427430.971955670975149 ], [ 7359140.985605757683516, 4426551.42135541792959 ], [ 7359123.633858159184456, 4426280.936122380197048 ] ] ] } },
{ "type": "Feature", "properties": { "id": "00030000000000006c3f", "COAST": 0, "DIST_MAIN": 45.3, "DIST_SINK": 45.3, "ENDO": 0, "HYBAS_ID": 2120641050, "MAIN_BAS": 2120014580, "NEXT_DOWN": 2120640200, "NEXT_SINK": 2120014580, "ORDER": 2, "PFAF_ID": 215001404000, "SORT": 23619, "SUB_AREA": 155.0, "UP_AREA": 155.0 }, "geometry": { "type": "Polygon", "coordinates": [ [ [ 7341802.198862325400114, 4446784.822449795901775 ], [ 7341861.509292680770159, 4446541.682733347639441 ], [ 7342514.785853756591678, 4445673.245157605968416 ], [ 7342663.676287206821144, 4445065.946168010123074 ], [ 7343141.20803733728826, 4444930.016172020696104 ], [ 7343865.494628694839776, 4444162.526352164335549 ], [ 7344693.983611013740301, 4444058.53084797039628 ], [ 7344881.951677095144987, 4443291.455754021182656 ], [ 7346110.281425259076059, 4441937.534912877716124 ], [ 7346558.367738730274141, 4442433.365276816301048 ], [ 7348945.483429143205285, 4442416.782146245241165 ], [ 7349424.494612881913781, 4441975.963414272293448 ], [ 7351800.149173586629331, 4442212.016607730649412 ], [ 7352117.585378212854266, 4442563.852178237400949 ], [ 7353198.312837294302881, 4442740.655448442324996 ], [ 7353515.670317645184696, 4443092.555275339633226 ], [ 7354241.241348430514336, 4443252.42712701484561 ], [ 7354558.52054104860872, 4443604.382542949169874 ], [ 7354743.932114819996059, 4443676.02826258726418 ], [ 7355284.030784313566983, 4443764.359620794653893 ], [ 7355601.247840540483594, 4444116.351572535932064 ], [ 7356681.723541470244527, 4444293.679550630971789 ], [ 7356998.853902979753911, 4444645.736705251969397 ], [ 7358433.911544652655721, 4444839.596059606410563 ], [ 7358750.946447780355811, 4445191.736554343253374 ], [ 7359476.234238785691559, 4445352.627709639258683 ], [ 7359793.198641458526254, 4445704.814112519845366 ], [ 7363356.834888394922018, 4446001.338330606929958 ], [ 7363792.056843855418265, 4446485.831541439518332 ], [ 7364050.218212993815541, 4446371.848774720914662 ], [ 7364530.000644441694021, 4445931.940253389067948 ], [ 7365485.258350836113095, 4446104.041028380393982 ], [ 7365888.947703279554844, 4446553.424043968319893 ], [ 7366009.586334569379687, 4446066.463252034038305 ], [ 7366364.578516414389014, 4446083.676360273733735 ], [ 7366342.167297741398215, 4446545.65813519898802 ], [ 7366632.732832769863307, 4446658.915297668427229 ], [ 7366684.173144946806133, 4447817.092123497277498 ], [ 7366083.558011191897094, 4447986.2539146784693 ], [ 7365357.120493453927338, 4448751.241315450519323 ], [ 7364974.895960703492165, 4448859.168515333905816 ], [ 7364614.268266706727445, 4449189.766198038123548 ], [ 7364276.734275290742517, 4448814.031056960113347 ], [ 7363916.488309869542718, 4449145.172481175512075 ], [ 7363533.961405837908387, 4449252.657124053686857 ], [ 7362807.901043351739645, 4450017.868301136419177 ], [ 7362071.000471398234367, 4450108.879247396253049 ], [ 7360968.665650524199009, 4451319.704686312004924 ], [ 7360586.677661117166281, 4451427.346989539451897 ], [ 7360237.50640475936234, 4451747.760724186897278 ], [ 7359500.829211389645934, 4451839.010073929093778 ], [ 7358281.644591767340899, 4453178.931879887357354 ], [ 7358186.448632977902889, 4453566.03268788009882 ], [ 7356937.251019285060465, 4453576.646131921559572 ], [ 7356578.375037266872823, 4453882.860529005527496 ], [ 7356206.540411746129394, 4454005.55666581261903 ], [ 7355847.738125197589397, 4454311.303068996407092 ], [ 7355475.939187116920948, 4454434.036840114742517 ], [ 7354978.16142900660634, 4454859.179035181179643 ], [ 7353933.99566001072526, 4454669.754423052072525 ], [ 7353911.540824792347848, 4452550.572634099982679 ], [ 7353442.934862977825105, 4452345.663672347553074 ], [ 7353114.762291802093387, 4452007.093668526038527 ], [ 7351517.62592916470021, 4451862.550939078442752 ], [ 7351521.361285732127726, 4451130.112768390215933 ], [ 7350912.130936950445175, 4450251.158010542392731 ], [ 7350876.62442094180733, 4449706.73664833791554 ], [ 7350433.061776955612004, 4449071.98283129837364 ], [ 7349669.400709482841194, 4448958.234944109804928 ], [ 7349333.702062294818461, 4448479.73792895488441 ], [ 7347914.20176800340414, 4448492.473619110882282 ], [ 7347599.760412926785648, 4448862.60679838899523 ], [ 7347183.6811986239627, 4448921.756123542785645 ], [ 7346805.342414340935647, 4449367.789405453950167 ], [ 7346102.423599706962705, 4449256.699726694263518 ], [ 7345156.329040016047657, 4447902.903738931752741 ], [ 7342617.178698689676821, 4447708.408510155044496 ], [ 7342174.513528136536479, 4447070.801770862191916 ], [ 7342156.7033361941576, 4446800.874295349232852 ], [ 7341802.198862325400114, 4446784.822449795901775 ] ] ] } },
{ "type": "Feature", "properties": { "id": "00030000000000006c40", "COAST": 0, "DIST_MAIN": 58.0, "DIST_SINK": 58.0, "ENDO": 0, "HYBAS_ID": 2120642100, "MAIN_BAS": 2120014580, "NEXT_DOWN": 2120641110, "NEXT_SINK": 2120014580, "ORDER": 2, "PFAF_ID": 215001406000, "SORT": 23621, "SUB_AREA": 142.3, "UP_AREA": 142.4 }, "geometry": { "type": "Polygon", "coordinates": [ [ [ 7342700.663650366477668, 4434784.843494659289718 ], [ 7342794.593674638308585, 4433962.921753462404013 ], [ 7343289.003838988952339, 4433822.24767245631665 ], [ 7344014.190024117007852, 4433054.712029653601348 ], [ 7344752.277072564698756, 4432962.348052760586143 ], [ 7345112.588738412596285, 4432630.82101225387305 ], [ 7345560.309603337198496, 4433125.014026162214577 ], [ 7345818.143634603358805, 4433010.881950920447707 ], [ 7346920.385091392323375, 4431797.884363864548504 ], [ 7347658.278896119445562, 4431705.772617874667048 ], [ 7348138.176555572077632, 4431264.364200487732887 ], [ 7349095.441003556363285, 4431434.730996077880263 ], [ 7349532.858262419700623, 4431917.805494776926935 ], [ 7350947.069362064823508, 4431848.275703245773911 ], [ 7351144.234976119361818, 4431047.003949844278395 ], [ 7351604.482685597613454, 4430624.212217551656067 ], [ 7352431.936713154427707, 4430521.327691035345197 ], [ 7352845.627363048493862, 4429937.820162890478969 ], [ 7352965.043853572569788, 4429452.167332664132118 ], [ 7354101.133431800641119, 4428008.135504809208214 ], [ 7354021.023919147439301, 4427648.510118776932359 ], [ 7353782.448508852161467, 4427202.692876186221838 ], [ 7353730.122664009220898, 4426245.592444677837193 ], [ 7353483.758932488039136, 4425785.064336622133851 ], [ 7353771.83214514143765, 4425349.389104484580457 ], [ 7353925.188131544739008, 4424726.532322918996215 ], [ 7354845.440872532315552, 4424612.293417668901384 ], [ 7355363.308578960597515, 4423883.049232763238251 ], [ 7355303.668391375802457, 4423076.768147972412407 ], [ 7355064.968697910197079, 4422630.923866962082684 ], [ 7355049.608285404741764, 4421921.394240300171077 ], [ 7355970.443758316338062, 4421924.75722480006516 ], [ 7356285.855349011719227, 4421554.861300205811858 ], [ 7357059.645798886194825, 4421512.807744002901018 ], [ 7357752.970247070305049, 4420697.726811033673584 ], [ 7358317.835700732655823, 4420684.632886068895459 ], [ 7358414.50021705031395, 4420293.617931101471186 ], [ 7359763.54632456600666, 4420289.823058526031673 ], [ 7360161.370634123682976, 4420443.458849540911615 ], [ 7359993.799306192435324, 4421936.049590518698096 ], [ 7359714.309994566254318, 4422357.568913137540221 ], [ 7359594.009841060265899, 4422843.623844184912741 ], [ 7359238.10919672716409, 4423381.00982805993408 ], [ 7359610.648407286964357, 4423525.01703351456672 ], [ 7359588.808195136487484, 4423986.977326706983149 ], [ 7359545.62755929864943, 4424254.601578443311155 ], [ 7359231.919300704263151, 4424626.925867405720055 ], [ 7359123.633858159184456, 4426280.936122380197048 ], [ 7359140.985605757683516, 4426551.42135541792959 ], [ 7359752.060946422629058, 4427430.971955670975149 ], [ 7359786.725019994191825, 4427971.453670588321984 ], [ 7360063.709923988208175, 4428372.230685557238758 ], [ 7360059.10920599848032, 4429104.682232966646552 ], [ 7360002.394495422951877, 4429351.830265344120562 ], [ 7359339.400360098108649, 4430210.230659840628505 ], [ 7359203.748062855564058, 4431166.982208266854286 ], [ 7358918.485161102376878, 4431579.792274855077267 ], [ 7358760.648859764449298, 4432998.495742977596819 ], [ 7358475.446333693340421, 4433411.810647236183286 ], [ 7358296.212235648185015, 4435292.49757918715477 ], [ 7357634.222531154751778, 4436151.02102218568325 ], [ 7357520.193879939615726, 4436645.808165855705738 ], [ 7357235.19265762064606, 4437058.665280249901116 ], [ 7357121.571284257806838, 4437553.475709762424231 ], [ 7356836.61712636705488, 4437966.3464630022645 ], [ 7356729.505417271517217, 4438315.72532778326422 ], [ 7357057.908796003088355, 4438903.251952483318746 ], [ 7357077.812845046631992, 4440394.289954537525773 ], [ 7356587.790026101283729, 4440579.375500561669469 ], [ 7356171.114149416796863, 4440096.759114146232605 ], [ 7355982.391229487024248, 4440028.891261766664684 ], [ 7355627.521615366451442, 4440012.20195934548974 ], [ 7354712.552015667781234, 4439930.096313199959695 ], [ 7354433.797742608003318, 4439532.377209858037531 ], [ 7353669.182828854769468, 4439417.794475644826889 ], [ 7353390.350849880836904, 4439020.126500775106251 ], [ 7352980.57644822075963, 4438922.684207770973444 ], [ 7352367.899392046965659, 4438046.04210926219821 ], [ 7351958.441569255664945, 4437948.681929399259388 ], [ 7351679.0798862259835, 4437551.06754625402391 ], [ 7350914.611019589006901, 4437437.288183785043657 ], [ 7350635.179922777228057, 4437039.715533367358148 ], [ 7349870.298480563797057, 4436925.531548661179841 ], [ 7349591.172788684256375, 4436528.016251074150205 ], [ 7348887.031684907153249, 4436417.245174743235111 ], [ 7348508.098768353462219, 4436862.729378996416926 ], [ 7348151.3933807304129, 4436925.127397862263024 ], [ 7347481.160743205808103, 4435968.010403590276837 ], [ 7346361.124405145645142, 4435837.921293939463794 ], [ 7346081.776028028689325, 4435440.549861209467053 ], [ 7344606.204276801086962, 4435294.995997210033238 ], [ 7344326.748638086952269, 4434897.696074928157032 ], [ 7342700.663650366477668, 4434784.843494659289718 ] ] ] } },
{ "type": "Feature", "properties": { "id": "00030000000000006c56", "COAST": 0, "DIST_MAIN": 33.1, "DIST_SINK": 33.1, "ENDO": 0, "HYBAS_ID": 2121228320, "MAIN_BAS": 2120015200, "NEXT_DOWN": 2121228510, "NEXT_SINK": 2120015200, "ORDER": 2, "PFAF_ID": 215001780400, "SORT": 23734, "SUB_AREA": 167.7, "UP_AREA": 167.7 }, "geometry": { "type": "Polygon", "coordinates": [ [ [ 7337748.009127438999712, 4434099.15773135330528 ], [ 7337956.568027261644602, 4434069.302364110946655 ], [ 7338271.000058877281845, 4433698.768117290921509 ], [ 7338690.456317883916199, 4433638.705299251712859 ], [ 7340004.783867817372084, 4432075.508554989472032 ], [ 7340110.202276259660721, 4428378.787830493412912 ], [ 7339805.016597065143287, 4427939.930099750868976 ], [ 7340148.208766681142151, 4427530.094336113892496 ], [ 7340210.996271698735654, 4426800.44722842425108 ], [ 7340294.496846566908062, 4425608.372597202658653 ], [ 7340983.799299828708172, 4424788.861261752434075 ], [ 7341088.802348591387272, 4423791.511447535827756 ], [ 7341401.571471696719527, 4423418.504380923695862 ], [ 7341485.857454421930015, 4422883.594910790212452 ], [ 7342928.864081651903689, 4421171.828272690065205 ], [ 7343013.817763827741146, 4420632.990982999093831 ], [ 7343515.626036759465933, 4420042.085547836497426 ], [ 7344289.372974167577922, 4419998.232772951945662 ], [ 7344668.718544062227011, 4419552.501378783024848 ], [ 7348933.900605049915612, 4419825.042347471229732 ], [ 7349214.187380084767938, 4420222.494659746997058 ], [ 7349419.232577286660671, 4420271.062039135955274 ], [ 7349961.403785083442926, 4420359.402924541383982 ], [ 7350280.013948706910014, 4420710.588884240947664 ], [ 7351363.548391448333859, 4420886.909130034968257 ], [ 7351682.432985823601484, 4421238.676170945167542 ], [ 7352147.058025307022035, 4421417.767973308451474 ], [ 7352266.073871742002666, 4422210.866060161031783 ], [ 7352804.82052043825388, 4422806.326147548854351 ], [ 7353063.139594263397157, 4422691.92285976652056 ], [ 7353413.106291129253805, 4422371.118264075368643 ], [ 7353604.527442341670394, 4422317.061958968639374 ], [ 7353816.200780891813338, 4422287.248035775497556 ], [ 7354316.713447725400329, 4421693.4333505788818 ], [ 7354359.330714325420558, 4421425.766940662637353 ], [ 7354564.703939223662019, 4421474.490341454744339 ], [ 7354844.265923605300486, 4421872.162630780600011 ], [ 7355049.608285404741764, 4421921.394240300171077 ], [ 7355064.968697910197079, 4422630.923866962082684 ], [ 7355303.668391375802457, 4423076.768147972412407 ], [ 7355363.308578960597515, 4423883.049232763238251 ], [ 7354845.440872532315552, 4424612.293417668901384 ], [ 7353925.188131544739008, 4424726.532322918996215 ], [ 7353771.83214514143765, 4425349.389104484580457 ], [ 7353483.758932488039136, 4425785.064336622133851 ], [ 7353730.122664009220898, 4426245.592444677837193 ], [ 7353782.448508852161467, 4427202.692876186221838 ], [ 7354021.023919147439301, 4427648.510118776932359 ], [ 7354101.133431800641119, 4428008.135504809208214 ], [ 7352965.043853572569788, 4429452.167332664132118 ], [ 7352845.627363048493862, 4429937.820162890478969 ], [ 7352431.936713154427707, 4430521.327691035345197 ], [ 7351604.482685597613454, 4430624.212217551656067 ], [ 7351144.234976119361818, 4431047.003949844278395 ], [ 7350947.069362064823508, 4431848.275703245773911 ], [ 7349532.858262419700623, 4431917.805494776926935 ], [ 7349095.441003556363285, 4431434.730996077880263 ], [ 7348138.176555572077632, 4431264.364200487732887 ], [ 7347658.278896119445562, 4431705.772617874667048 ], [ 7346920.385091392323375, 4431797.884363864548504 ], [ 7345818.143634603358805, 4433010.881950920447707 ], [ 7345560.309603337198496, 4433125.014026162214577 ], [ 7345112.588738412596285, 4432630.82101225387305 ], [ 7344752.277072564698756, 4432962.348052760586143 ], [ 7344014.190024117007852, 4433054.712029653601348 ], [ 7343289.003838988952339, 4433822.24767245631665 ], [ 7342794.593674638308585, 4433962.921753462404013 ], [ 7342700.663650366477668, 4434784.843494659289718 ], [ 7342137.021092880517244, 4434798.524279814213514 ], [ 7341636.094995379447937, 4435389.967331527732313 ], [ 7341551.260108852759004, 4435928.312622190453112 ], [ 7340644.237408571876585, 4437007.499933471903205 ], [ 7340336.023549154400826, 4436569.921923094429076 ], [ 7339216.06821908056736, 4436440.888577475212514 ], [ 7338936.027658605016768, 4436043.780463147908449 ], [ 7338376.002665256150067, 4435979.595700254663825 ], [ 7338357.993773118592799, 4435709.204498414881527 ], [ 7338080.267497382126749, 4435309.771077091805637 ], [ 7338044.217263982631266, 4434768.984895864501595 ], [ 7337766.432739548385143, 4434369.5673972312361 ], [ 7337748.009127438999712, 4434099.15773135330528 ] ] ] } },
{ "type": "Feature", "properties": { "id": "00030000000000006c57", "COAST": 0, "DIST_MAIN": 1.7, "DIST_SINK": 1.7, "ENDO": 0, "HYBAS_ID": 2120639610, "MAIN_BAS": 2120015280, "NEXT_DOWN": 2120015280, "NEXT_SINK": 2120015280, "ORDER": 2, "PFAF_ID": 215001798200, "SORT": 23744, "SUB_AREA": 106.7, "UP_AREA": 106.7 }, "geometry": { "type": "Polygon", "coordinates": [ [ [ 7267906.811732593923807, 4447502.980060194619 ], [ 7268192.000499960035086, 4447418.537577690556645 ], [ 7268277.531056184321642, 4447053.197134890593588 ], [ 7268293.950590481981635, 4446591.313937468454242 ], [ 7269210.726541504263878, 4446584.849117993377149 ], [ 7269520.710982675664127, 4446211.674100591801107 ], [ 7269875.583351562730968, 4446145.627505732700229 ], [ 7270216.032375966198742, 4446620.772418104112148 ], [ 7270625.598957937210798, 4446713.678929943591356 ], [ 7270908.474194392561913, 4447108.07198381703347 ], [ 7272735.939409138634801, 4447252.624732791446149 ], [ 7273018.315064904280007, 4447647.086194244213402 ], [ 7273782.459118379279971, 4447753.014727765694261 ], [ 7274065.141121540218592, 4448147.52649836987257 ], [ 7275892.359965721145272, 4448292.863317118957639 ], [ 7276174.534077996388078, 4448687.452926368452609 ], [ 7277292.792759288102388, 4448806.724507528357208 ], [ 7277575.254804009571671, 4449201.383552358485758 ], [ 7278987.718861079774797, 4449331.746834903024137 ], [ 7279732.687180727720261, 4448434.299643130972981 ], [ 7281505.408019248396158, 4448421.505785371176898 ], [ 7281845.057327746413648, 4448897.211669206619263 ], [ 7283317.505154169164598, 4449030.626447536982596 ], [ 7283599.665997534058988, 4449425.526741425506771 ], [ 7284363.572142191231251, 4449532.546716038137674 ], [ 7284812.591820926405489, 4450163.091998198069632 ], [ 7284832.636531841009855, 4450436.720783578231931 ], [ 7284757.757357809692621, 4451142.082170004025102 ], [ 7284396.450358668342233, 4451700.930597878992558 ], [ 7283881.228742797859013, 4451851.866004250943661 ], [ 7283411.595204586163163, 4452325.953986881300807 ], [ 7283267.828308415599167, 4453019.316366159357131 ], [ 7283943.426991837099195, 4453274.048886919394135 ], [ 7284040.839995441026986, 4453891.814129547215998 ], [ 7284289.99819959141314, 4454349.895185253582895 ], [ 7284007.056184410117567, 4454787.411767741665244 ], [ 7283897.377245462499559, 4456417.060186053626239 ], [ 7283879.930336007848382, 4456879.451871270313859 ], [ 7283839.848907127976418, 4457147.342361374758184 ], [ 7283347.258251735009253, 4457744.844356303103268 ], [ 7282929.459052295424044, 4457808.353401737287641 ], [ 7282619.171019113622606, 4458180.98692024871707 ], [ 7281910.895849452354014, 4458232.654221326112747 ], [ 7281571.730997447855771, 4457757.408875465393066 ], [ 7279392.601672036573291, 4457597.400226144120097 ], [ 7278773.864625605754554, 4456727.640908086672425 ], [ 7278215.336388198658824, 4456667.839298265986145 ], [ 7277321.995949564501643, 4456571.967449832707644 ], [ 7277001.721627098508179, 4456223.434692793525755 ], [ 7276630.872867960482836, 4456083.519685534760356 ], [ 7276310.918919977732003, 4455735.030277554877102 ], [ 7275846.828635176643729, 4455560.534862810745835 ], [ 7275726.008620391599834, 4454798.470923765562475 ], [ 7274467.502010405063629, 4454605.90413767658174 ], [ 7274366.301108472980559, 4453967.399175172671676 ], [ 7274047.522569951601326, 4453383.360443565063179 ], [ 7273545.037902475334704, 4453194.755305300466716 ], [ 7273224.820250103250146, 4452846.414302293211222 ], [ 7272499.32285331748426, 4452693.868153747171164 ], [ 7272179.039006247185171, 4452345.574118906632066 ], [ 7270390.516138928942382, 4452155.40622434951365 ], [ 7269947.893847971223295, 4451637.446902167983353 ], [ 7269878.059212076477706, 4450566.407088999636471 ], [ 7268960.016993477940559, 4449173.927280920557678 ], [ 7268881.182614489458501, 4448679.933270026929677 ], [ 7268561.726789457723498, 4448096.169702249579132 ], [ 7268244.670675824396312, 4447977.443632205016911 ], [ 7267890.411360085010529, 4447964.855885235592723 ], [ 7267906.811732593923807, 4447502.980060194619 ] ] ] } },
{ "type": "Feature", "properties": { "id": "00030000000000006c59", "COAST": 0, "DIST_MAIN": 25.9, "DIST_SINK": 25.9, "ENDO": 0, "HYBAS_ID": 2121222720, "MAIN_BAS": 2120015310, "NEXT_DOWN": 2120633000, "NEXT_SINK": 2120015310, "ORDER": 2, "PFAF_ID": 215001820120, "SORT": 23752, "SUB_AREA": 176.7, "UP_AREA": 597.4 }, "geometry": { "type": "Polygon", "coordinates": [ [ [ 7266142.342062829993665, 4485759.373335318639874 ], [ 7266516.486965652555227, 4485176.071982259862125 ], [ 7266658.432001492939889, 4484567.137221239507198 ], [ 7267226.433592514134943, 4484398.812701740302145 ], [ 7267368.442651579156518, 4483789.895294044166803 ], [ 7268379.488019494339824, 4482466.454092649742961 ], [ 7268493.013687974773347, 4481979.82429841067642 ], [ 7268774.202073636464775, 4481541.313614590093493 ], [ 7268525.250011023133993, 4481083.726802687160671 ], [ 7268463.585207552649081, 4480127.804289933294058 ], [ 7267885.792521867901087, 4479209.812158272601664 ], [ 7267818.167267193086445, 4478416.601925029419363 ], [ 7268201.216848005540669, 4477818.811338538303971 ], [ 7267952.078229397535324, 4477361.255396553315222 ], [ 7267890.231813181191683, 4476405.842052335850894 ], [ 7267648.832597274333239, 4475962.445708940736949 ], [ 7267603.080572912469506, 4474544.639932824298739 ], [ 7267361.591093873605132, 4474101.251416014507413 ], [ 7267322.34169050026685, 4473854.750783671624959 ], [ 7267362.313446992076933, 4473583.339761002920568 ], [ 7268964.626950418576598, 4471639.299115356057882 ], [ 7269524.863792755641043, 4471620.32956428732723 ], [ 7269551.063211242668331, 4472438.300240837968886 ], [ 7270332.654204655438662, 4473437.026235513389111 ], [ 7271409.561141775920987, 4473602.284271661192179 ], [ 7272168.628689111210406, 4474554.860742489807308 ], [ 7272793.05292949359864, 4474451.830698242411017 ], [ 7273265.751850958913565, 4474006.56573380343616 ], [ 7273864.800364452414215, 4474154.256321438588202 ], [ 7274272.042424417100847, 4474598.511044513434172 ], [ 7274386.447926533408463, 4474110.47136764228344 ], [ 7274739.487450829707086, 4474123.429631532169878 ], [ 7274779.730984254740179, 4473852.049707860685885 ], [ 7275272.880191441625357, 4473256.618334535509348 ], [ 7275479.967223634012043, 4473225.119706250727177 ], [ 7275440.202146524563432, 4473493.045187678188086 ], [ 7275132.658228946849704, 4473868.489946541376412 ], [ 7275092.528478316031396, 4474136.402697901241481 ], [ 7275131.905754610896111, 4474382.974072696641088 ], [ 7275372.944340796209872, 4474826.640212778933346 ], [ 7275470.560613191686571, 4475443.794591879472136 ], [ 7276047.96084797848016, 4475661.678571856580675 ], [ 7276716.928400730714202, 4476727.345732479356229 ], [ 7276795.140615898184478, 4477221.002254325896502 ], [ 7277035.985892018303275, 4477664.236227865330875 ], [ 7277141.339699532836676, 4478332.723537196405232 ], [ 7277561.589881927706301, 4478792.044971001334488 ], [ 7278061.828540071845055, 4478981.000755345448852 ], [ 7278378.984718740917742, 4479565.297867688350379 ], [ 7278457.006732419133186, 4480059.475164093077183 ], [ 7278697.655369466170669, 4480502.771587091498077 ], [ 7278794.876569453626871, 4481119.989761186763644 ], [ 7279387.396587359718978, 4481344.196819453500211 ], [ 7279704.326731620356441, 4481928.561112836934626 ], [ 7279781.849626621231437, 4482422.744535432197154 ], [ 7280022.325333064422011, 4482866.087060626596212 ], [ 7280100.201482725329697, 4483359.795109901577234 ], [ 7280675.81169293820858, 4484278.817473948001862 ], [ 7280753.597156895324588, 4484773.036283052526414 ], [ 7280993.928634367883205, 4485216.421525943093002 ], [ 7281039.967351765371859, 4486751.942679114639759 ], [ 7281332.803109589964151, 4486863.03584813978523 ], [ 7281242.284488616511226, 4487248.882553022354841 ], [ 7280068.16295744292438, 4487341.34901425614953 ], [ 7279724.620022847317159, 4487665.204175254330039 ], [ 7279345.989266784861684, 4487776.792097153142095 ], [ 7279002.121255129575729, 4488100.669094641692936 ], [ 7278623.510704703629017, 4488212.782370949164033 ], [ 7278279.695896543562412, 4488536.68727101944387 ], [ 7276843.685017408803105, 4488608.962437651120126 ], [ 7276499.966132099740207, 4488932.944835926406085 ], [ 7275958.18485498148948, 4488975.744101929478347 ], [ 7275773.401677171699703, 4488906.001185561530292 ], [ 7275455.002631609328091, 4488557.470197755843401 ], [ 7274670.415785987861454, 4488402.705987737514079 ], [ 7274491.127359497360885, 4489167.150037115439773 ], [ 7273371.784936094656587, 4490630.908329383470118 ], [ 7272881.169924381189048, 4490776.322714670561254 ], [ 7272538.103747361339629, 4491100.495757188647985 ], [ 7272159.406539740972221, 4491212.413101464509964 ], [ 7271816.393747755326331, 4491536.613967192359269 ], [ 7270570.055480026639998, 4491554.571470391005278 ], [ 7270549.798578099347651, 4491280.978835618123412 ], [ 7270102.538126237690449, 4490651.191358343698084 ], [ 7269340.178706355392933, 4490544.824438833631575 ], [ 7268895.138799856416881, 4489912.231369185261428 ], [ 7268854.351378267630935, 4489368.532862085849047 ], [ 7268407.198666213080287, 4488738.870503289625049 ], [ 7268203.39623986557126, 4488692.410140182822943 ], [ 7268220.031007828190923, 4488230.508085644803941 ], [ 7267942.74807040579617, 4488125.946580852381885 ], [ 7267844.81423525325954, 4487508.904454339295626 ], [ 7267527.291354333050549, 4486925.073451566509902 ], [ 7267027.417179371230304, 4486736.313566245138645 ], [ 7266708.54100675880909, 4486388.178253120742738 ], [ 7266259.298312561586499, 4486219.103444274514914 ], [ 7266142.342062829993665, 4485759.373335318639874 ] ] ] } },
{ "type": "Feature", "properties": { "id": "00030000000000006c5a", "COAST": 0, "DIST_MAIN": 37.0, "DIST_SINK": 37.0, "ENDO": 0, "HYBAS_ID": 2120631000, "MAIN_BAS": 2120015310, "NEXT_DOWN": 2120632880, "NEXT_SINK": 2120015310, "ORDER": 2, "PFAF_ID": 215001840100, "SORT": 23753, "SUB_AREA": 144.7, "UP_AREA": 323.7 }, "geometry": { "type": "Polygon", "coordinates": [ [ [ 7265360.397528301924467, 4508949.586289620958269 ], [ 7265417.348023309372365, 4508706.017421348020434 ], [ 7265688.756735049188137, 4508280.987484482116997 ], [ 7265801.918685344979167, 4507794.329603814519942 ], [ 7266450.94116476085037, 4506907.503444103524089 ], [ 7266193.686863217502832, 4506433.276762876659632 ], [ 7267211.42846810258925, 4505097.259303766302764 ], [ 7267358.457771331071854, 4503685.827772723510861 ], [ 7268846.004087504930794, 4501771.234415956772864 ], [ 7269333.150611036457121, 4501626.483051165007055 ], [ 7270044.588571488857269, 4500852.60761749651283 ], [ 7270774.543377581983805, 4500753.427731563337147 ], [ 7271117.131130637601018, 4500429.199609389528632 ], [ 7271847.161866076290607, 4500329.638113184832036 ], [ 7272298.836352900601923, 4499902.48902503028512 ], [ 7272453.130623828619719, 4499244.068134414032102 ], [ 7273033.801259639672935, 4498522.583796426653862 ], [ 7273116.963976047001779, 4499051.067540338262916 ], [ 7273320.447337068617344, 4499098.178096148185432 ], [ 7274270.410329659469426, 4500442.593462071381509 ], [ 7274473.845027485862374, 4500489.732168540358543 ], [ 7274542.062281111255288, 4500847.827759714797139 ], [ 7274986.285080248489976, 4501042.568544009700418 ], [ 7275760.361022364348173, 4501981.042395884171128 ], [ 7275829.772537623532116, 4503703.091419299133122 ], [ 7279210.576718873344362, 4503981.72630375623703 ], [ 7279272.342169005423784, 4505533.71665252186358 ], [ 7279547.157099571079016, 4506092.338447956368327 ], [ 7280161.852897528558969, 4506362.697815245017409 ], [ 7280297.56157461553812, 4507079.034796373918653 ], [ 7280741.253243487328291, 4507274.640235002152622 ], [ 7281071.950487576425076, 4507607.133448049426079 ], [ 7281534.149020432494581, 4507810.422311808913946 ], [ 7281566.174248715862632, 4508622.90470074582845 ], [ 7281377.164652432315052, 4508678.617309319786727 ], [ 7280910.77754903677851, 4509152.703886650502682 ], [ 7280767.669883149676025, 4509846.10302459821105 ], [ 7281453.564401585608721, 4510106.926734941080213 ], [ 7281478.243487693369389, 4510933.490148709155619 ], [ 7280591.066880424506962, 4510836.87690691743046 ], [ 7280273.938280911184847, 4510488.06656807474792 ], [ 7279554.231683189980686, 4510334.537312877364457 ], [ 7279226.535044372081757, 4509974.479254929348826 ], [ 7278872.627430075779557, 4510308.802265695296228 ], [ 7278495.100187207572162, 4510420.871719085611403 ], [ 7278152.191090336069465, 4510744.743825543671846 ], [ 7277680.257789324037731, 4510884.495694283396006 ], [ 7277508.974120545201004, 4511614.510696840472519 ], [ 7276942.666002078913152, 4511781.966243547387421 ], [ 7276766.534391030669212, 4512533.104495350271463 ], [ 7275596.845711496658623, 4512626.086208225227892 ], [ 7275254.538408664986491, 4512950.098221639171243 ], [ 7274876.855034398846328, 4513061.828022376634181 ], [ 7273797.617079165764153, 4514284.120523422025144 ], [ 7273608.822944092564285, 4514340.017354238778353 ], [ 7270947.091156364418566, 4514202.784270553849638 ], [ 7270667.164922123774886, 4513808.232809517532587 ], [ 7269558.673234092071652, 4513689.456192474812269 ], [ 7269279.030388338491321, 4513294.979702251031995 ], [ 7268872.824575049802661, 4513201.449475469067693 ], [ 7268426.972509972751141, 4512571.685013609007001 ], [ 7268403.622488111257553, 4511566.06507321819663 ], [ 7266955.427171388641, 4509509.090523563325405 ], [ 7266195.385679950006306, 4509402.969288466498256 ], [ 7265915.007645481266081, 4509008.623888603411615 ], [ 7265360.397528301924467, 4508949.586289620958269 ] ] ] } },
{ "type": "Feature", "properties": { "id": "00030000000000006c5b", "COAST": 0, "DIST_MAIN": 44.6, "DIST_SINK": 44.6, "ENDO": 0, "HYBAS_ID": 2120634840, "MAIN_BAS": 2120015310, "NEXT_DOWN": 2121222720, "NEXT_SINK": 2120015310, "ORDER": 2, "PFAF_ID": 215001820300, "SORT": 23756, "SUB_AREA": 212.7, "UP_AREA": 212.7 }, "geometry": { "type": "Polygon", "coordinates": [ [ [ 7269524.863792755641043, 4471620.32956428732723 ], [ 7269615.299430779181421, 4471232.397470265626907 ], [ 7270815.219796762801707, 4469878.800754060037434 ], [ 7271194.549163475632668, 4469766.753226757049561 ], [ 7271908.821090675890446, 4468992.925894677639008 ], [ 7272288.220342487096786, 4468880.920929797925055 ], [ 7273002.666814400814474, 4468107.68801434058696 ], [ 7273382.524742434732616, 4467995.252192673273385 ], [ 7273726.565266923978925, 4467671.077876222319901 ], [ 7274201.043310983106494, 4467530.945267132483423 ], [ 7274343.764127771370113, 4466922.628055265173316 ], [ 7276200.2646319353953, 4464573.695063596591353 ], [ 7276166.188262253068388, 4462708.01106308400631 ], [ 7275554.477622002363205, 4462477.554583137854934 ], [ 7275236.222038074396551, 4461893.445415331050754 ], [ 7275138.270519202575088, 4461276.311509596183896 ], [ 7274860.40043780207634, 4461171.558104877360165 ], [ 7274900.160492615774274, 4460903.626755544915795 ], [ 7275208.141572305932641, 4460528.158750908449292 ], [ 7275247.907692832872272, 4460260.230684308335185 ], [ 7275438.039921489544213, 4460204.311560122296214 ], [ 7275782.487070197239518, 4459880.211245389655232 ], [ 7276257.4850266398862, 4459740.183415548875928 ], [ 7276440.90068216342479, 4458960.060900853015482 ], [ 7276895.054701058194041, 4458533.072698639705777 ], [ 7277370.545022340491414, 4458393.122584564611316 ], [ 7277513.627124855294824, 4457784.357151731848717 ], [ 7278158.152377717196941, 4456911.3488839417696 ], [ 7278215.336388198658824, 4456667.839298265986145 ], [ 7278773.864625605754554, 4456727.640908086672425 ], [ 7279392.601672036573291, 4457597.400226144120097 ], [ 7281571.730997447855771, 4457757.408875465393066 ], [ 7281910.895849452354014, 4458232.654221326112747 ], [ 7282619.171019113622606, 4458180.98692024871707 ], [ 7282929.459052295424044, 4457808.353401737287641 ], [ 7283347.258251735009253, 4457744.844356303103268 ], [ 7283839.848907127976418, 4457147.342361374758184 ], [ 7283879.930336007848382, 4456879.451871270313859 ], [ 7283897.377245462499559, 4456417.060186053626239 ], [ 7284165.374066458083689, 4456534.640113608911633 ], [ 7284320.01291502546519, 4457342.280251109041274 ], [ 7285064.853990886360407, 4458241.110804461874068 ], [ 7286239.255694270133972, 4458443.215825224295259 ], [ 7286283.569742472842336, 4460586.379012398421764 ], [ 7287457.575164034962654, 4460788.696647891774774 ], [ 7288248.419656925834715, 4461744.645453652366996 ], [ 7288489.026233845390379, 4461611.243063106201589 ], [ 7288846.640314299613237, 4461305.045439323410392 ], [ 7289214.527458189055324, 4461176.06563887372613 ], [ 7289731.435750171542168, 4460733.39211443811655 ], [ 7290288.303035208024085, 4460897.525556622073054 ], [ 7290693.599324360489845, 4461302.977957744151354 ], [ 7290817.444290598854423, 4460846.663138226605952 ], [ 7291376.029028016142547, 4460907.426297157071531 ], [ 7291684.209288232028484, 4461341.375679777003825 ], [ 7292025.493036172352731, 4460932.6453543510288 ], [ 7292587.105540821328759, 4460915.359156172722578 ], [ 7293145.294403447769582, 4460976.251473437063396 ], [ 7293426.072103852406144, 4461371.561286470852792 ], [ 7293630.528428834863007, 4461419.171222194097936 ], [ 7293837.692997201345861, 4461387.647907106205821 ], [ 7294148.846851884387434, 4461015.468303364701569 ], [ 7294917.640811095945537, 4460967.341746294870973 ], [ 7295228.48522434476763, 4460595.193832822144032 ], [ 7295789.779253849759698, 4460578.136382858268917 ], [ 7296088.003497367724776, 4460691.416518748737872 ], [ 7296071.038918149657547, 4462440.206245225854218 ], [ 7295785.619385446421802, 4462523.568354336544871 ], [ 7295641.071689739823341, 4463132.067344320006669 ], [ 7295366.568442568182945, 4463555.653424066491425 ], [ 7295251.130898588337004, 4464041.971648689359426 ], [ 7294976.656504482962191, 4464466.057996159419417 ], [ 7294860.873443579301238, 4464952.369022167287767 ], [ 7294453.874349256977439, 4465538.183371658436954 ], [ 7293631.215620280243456, 4465647.607221553102136 ], [ 7293286.156599022448063, 4465970.91263450589031 ], [ 7292791.575394880026579, 4466115.537231875583529 ], [ 7292594.725635605864227, 4468566.530938038602471 ], [ 7291845.677046785131097, 4469577.951917300932109 ], [ 7291537.973615887574852, 4469668.009105066768825 ], [ 7291184.306396657600999, 4469654.255241545848548 ], [ 7289497.206884910352528, 4469522.517745243385434 ], [ 7289396.374779676087201, 4468876.72765988484025 ], [ 7289032.768178779631853, 4468255.489412355236709 ], [ 7287871.609607510268688, 4468075.099699365906417 ], [ 7287552.344158263877034, 4467726.065034603700042 ], [ 7286828.479248348623514, 4467572.041877494193614 ], [ 7286509.518110220320523, 4467223.069299164228141 ], [ 7286263.457076076418161, 4467087.878236654214561 ], [ 7285789.538066896609962, 4467532.370116436854005 ], [ 7285409.798667115159333, 4467644.194303738884628 ], [ 7285064.830502414144576, 4467967.850370504893363 ], [ 7283624.721363213844597, 4468039.014942171983421 ], [ 7283279.848259929567575, 4468362.749083761125803 ], [ 7282317.25062513910234, 4468452.711664128117263 ], [ 7281878.799370008520782, 4467973.164415011182427 ], [ 7281632.691313058137894, 4467838.130663435906172 ], [ 7281159.114469062536955, 4468282.899326455779374 ], [ 7280779.12030285038054, 4468394.941223962232471 ], [ 7280064.209749484434724, 4469167.494575576856732 ], [ 7278534.5252173114568, 4469244.188255563378334 ], [ 7278386.061557493172586, 4469876.013384314253926 ], [ 7277603.176138279959559, 4470919.604982548393309 ], [ 7276081.881832356564701, 4470996.580419769510627 ], [ 7275594.954496083781123, 4471489.694213436916471 ], [ 7275479.967223634012043, 4473225.119706250727177 ], [ 7275272.880191441625357, 4473256.618334535509348 ], [ 7274779.730984254740179, 4473852.049707860685885 ], [ 7274739.487450829707086, 4474123.429631532169878 ], [ 7274386.447926533408463, 4474110.47136764228344 ], [ 7274272.042424417100847, 4474598.511044513434172 ], [ 7273864.800364452414215, 4474154.256321438588202 ], [ 7273265.751850958913565, 4474006.56573380343616 ], [ 7272793.05292949359864, 4474451.830698242411017 ], [ 7272168.628689111210406, 4474554.860742489807308 ], [ 7271409.561141775920987, 4473602.284271661192179 ], [ 7270332.654204655438662, 4473437.026235513389111 ], [ 7269551.063211242668331, 4472438.300240837968886 ], [ 7269524.863792755641043, 4471620.32956428732723 ] ] ] } },
{ "type": "Feature", "properties": { "id": "00030000000000006c5c", "COAST": 0, "DIST_MAIN": 51.3, "DIST_SINK": 51.3, "ENDO": 0, "HYBAS_ID": 2120631650, "MAIN_BAS": 2120015310, "NEXT_DOWN": 2120631090, "NEXT_SINK": 2120015310, "ORDER": 2, "PFAF_ID": 215001861000, "SORT": 23758, "SUB_AREA": 38.5, "UP_AREA": 895.4 }, "geometry": { "type": "Polygon", "coordinates": [ [ [ 7283836.0307452455163, 4494034.894766693934798 ], [ 7284241.562153877690434, 4493915.178142977878451 ], [ 7284259.219987032003701, 4493453.268232667818666 ], [ 7285170.497097478248179, 4493449.025279779918492 ], [ 7285510.168663240969181, 4493040.080539730377495 ], [ 7285817.487510561011732, 4493473.869108407758176 ], [ 7287281.128629066050053, 4493608.525394322350621 ], [ 7287618.027957893908024, 4494084.650629903189838 ], [ 7290084.852292621508241, 4494101.731532044708729 ], [ 7290394.285815011709929, 4493729.45059484988451 ], [ 7291657.751372592523694, 4493739.772599638439715 ], [ 7291676.979015356861055, 4494009.982906810007989 ], [ 7291981.540367965586483, 4494446.926651732064784 ], [ 7291613.55794820562005, 4494895.11471748072654 ], [ 7291918.07946365699172, 4495332.050606493838131 ], [ 7291937.28650654386729, 4495602.266672804020345 ], [ 7291956.895999177359045, 4495871.997338964603841 ], [ 7292234.183118982240558, 4496270.245832541026175 ], [ 7292253.392493817955256, 4496539.957634532824159 ], [ 7291900.991004591807723, 4496526.109704890288413 ], [ 7291860.649697059765458, 4496793.981450574472547 ], [ 7291182.913857482373714, 4497617.359253307804465 ], [ 7291142.593145635910332, 4497885.234872303903103 ], [ 7291056.219507751986384, 4498249.867450627498329 ], [ 7290772.172418561764061, 4498333.352496553212404 ], [ 7290213.735548563301563, 4498350.632169365882874 ], [ 7289904.47272708825767, 4498722.915178475901484 ], [ 7288435.374072155915201, 4498744.44554691016674 ], [ 7288125.840696008875966, 4499116.782758071087301 ], [ 7286863.335648262873292, 4499107.017184508033097 ], [ 7285270.969036729075015, 4498982.746747925877571 ], [ 7284953.466367459855974, 4498633.752549024298787 ], [ 7284492.292915621772408, 4498458.566813922487199 ], [ 7284395.969784392975271, 4497840.730688627809286 ], [ 7284156.331289217807353, 4497397.193877071142197 ], [ 7284079.361079999245703, 4496903.430000325664878 ], [ 7283839.692453980445862, 4496459.413145512342453 ], [ 7283836.0307452455163, 4494034.894766693934798 ] ] ] } },
{ "type": "Feature", "properties": { "id": "00030000000000006c5d", "COAST": 0, "DIST_MAIN": 54.1, "DIST_SINK": 54.1, "ENDO": 0, "HYBAS_ID": 2121220240, "MAIN_BAS": 2120015310, "NEXT_DOWN": 2120631000, "NEXT_SINK": 2120015310, "ORDER": 2, "PFAF_ID": 215001840200, "SORT": 23759, "SUB_AREA": 179.1, "UP_AREA": 179.1 }, "geometry": { "type": "Polygon", "coordinates": [ [ [ 7263454.603521628305316, 4513045.404895010404289 ], [ 7263737.687581051141024, 4512961.414742545224726 ], [ 7263879.14602411352098, 4512352.447901862673461 ], [ 7264150.340549930930138, 4511927.86058178730309 ], [ 7264223.366854470223188, 4511222.36785542126745 ], [ 7264279.199665838852525, 4510492.492160524241626 ], [ 7264584.905134679749608, 4510116.190119276754558 ], [ 7264657.66117066796869, 4508924.420011951588094 ], [ 7265360.397528301924467, 4508949.586289620958269 ], [ 7265915.007645481266081, 4509008.623888603411615 ], [ 7266195.385679950006306, 4509402.969288466498256 ], [ 7266955.427171388641, 4509509.090523563325405 ], [ 7268403.622488111257553, 4511566.06507321819663 ], [ 7268426.972509972751141, 4512571.685013609007001 ], [ 7268872.824575049802661, 4513201.449475469067693 ], [ 7269279.030388338491321, 4513294.979702251031995 ], [ 7269558.673234092071652, 4513689.456192474812269 ], [ 7270667.164922123774886, 4513808.232809517532587 ], [ 7270947.091156364418566, 4514202.784270553849638 ], [ 7273608.822944092564285, 4514340.017354238778353 ], [ 7273797.617079165764153, 4514284.120523422025144 ], [ 7274876.855034398846328, 4513061.828022376634181 ], [ 7275254.538408664986491, 4512950.098221639171243 ], [ 7275596.845711496658623, 4512626.086208225227892 ], [ 7276766.534391030669212, 4512533.104495350271463 ], [ 7276942.666002078913152, 4511781.966243547387421 ], [ 7277508.974120545201004, 4511614.510696840472519 ], [ 7277680.257789324037731, 4510884.495694283396006 ], [ 7278152.191090336069465, 4510744.743825543671846 ], [ 7278495.100187207572162, 4510420.871719085611403 ], [ 7278872.627430075779557, 4510308.802265695296228 ], [ 7279226.535044372081757, 4509974.479254929348826 ], [ 7279554.231683189980686, 4510334.537312877364457 ], [ 7280273.938280911184847, 4510488.06656807474792 ], [ 7280591.066880424506962, 4510836.87690691743046 ], [ 7281478.243487693369389, 4510933.490148709155619 ], [ 7281462.410039921291173, 4512130.970063297078013 ], [ 7281964.415097072720528, 4512842.506444826722145 ], [ 7282316.384366396814585, 4512777.188183978199959 ], [ 7282625.124598366208375, 4512404.645518831908703 ], [ 7283533.686116145923734, 4512400.317324296571314 ], [ 7283739.38101830240339, 4512447.829743053764105 ], [ 7284181.645571291446686, 4513081.469940460287035 ], [ 7284149.143329585902393, 4515472.99810042232275 ], [ 7285260.687481602653861, 4517055.75587379746139 ], [ 7285814.660134988836944, 4517116.319292730651796 ], [ 7285796.751803242601454, 4517578.745505256578326 ], [ 7285760.950340261682868, 4518503.088598656468093 ], [ 7283448.519412720575929, 4518453.013688063248992 ], [ 7282771.300221948884428, 4519273.972742348909378 ], [ 7282359.88993108831346, 4519336.96470654103905 ], [ 7282051.407978118397295, 4519709.500821485184133 ], [ 7281288.786130288615823, 4519758.632377177476883 ], [ 7280980.744461838155985, 4520131.228608175180852 ], [ 7280569.052270621992648, 4520193.807877018116415 ], [ 7279892.665656205266714, 4521015.520380944944918 ], [ 7279481.028684068471193, 4521078.157201752997935 ], [ 7279173.137179020792246, 4521450.816371385008097 ], [ 7278821.611527192406356, 4521516.259123149327934 ], [ 7278485.654231138527393, 4521040.476851150393486 ], [ 7277789.210101988166571, 4520935.952791575342417 ], [ 7277418.366312953643501, 4521384.559516245499253 ], [ 7276655.972151774913073, 4521434.645691456273198 ], [ 7276347.866996016353369, 4521807.409573089331388 ], [ 7273189.080940810963511, 4521767.883124701678753 ], [ 7272852.783420413732529, 4521292.87288427259773 ], [ 7272447.425661263056099, 4521199.136868437752128 ], [ 7272167.885910773649812, 4520804.502928194589913 ], [ 7270769.366418938152492, 4520674.754993507638574 ], [ 7270398.969842494465411, 4521123.70187871158123 ], [ 7270193.588631838560104, 4521155.290378222241998 ], [ 7270135.32361142616719, 4520785.201131700538099 ], [ 7269675.702782984822989, 4520610.898813015781343 ], [ 7269358.197968076914549, 4520262.543448114767671 ], [ 7268990.553882027044892, 4520122.841710776090622 ], [ 7268554.357603089883924, 4519644.408001976087689 ], [ 7267949.494510598480701, 4519748.185758433304727 ], [ 7267607.841800727881491, 4520072.521584225818515 ], [ 7266879.802874449640512, 4520172.406760854646564 ], [ 7266538.220854038372636, 4520496.788713435642421 ], [ 7264757.45650643389672, 4520558.400487907230854 ], [ 7264403.9134665383026, 4520894.323389326222241 ], [ 7263742.19930474832654, 4520059.506721436977386 ], [ 7263558.506248967722058, 4519990.051100611686707 ], [ 7263614.310370654799044, 4519260.161784655414522 ], [ 7263919.66437781136483, 4518883.85159226693213 ], [ 7263958.971803722903132, 4518615.871475076302886 ], [ 7263971.967222731560469, 4517421.96028729621321 ], [ 7263637.258147107437253, 4516944.023863957263529 ], [ 7263729.906938917003572, 4516025.304304271936417 ], [ 7264097.578775321133435, 4515572.488554434850812 ], [ 7264071.138064298778772, 4514649.014510080218315 ], [ 7263793.234020365402102, 4514252.348449836485088 ], [ 7263752.673241036944091, 4513712.14927076920867 ], [ 7263475.088061123155057, 4513315.510877248831093 ], [ 7263454.603521628305316, 4513045.404895010404289 ] ] ] } },
{ "type": "Feature", "properties": { "id": "00030000000000006c5e", "COAST": 0, "DIST_MAIN": 62.1, "DIST_SINK": 62.1, "ENDO": 0, "HYBAS_ID": 2120631360, "MAIN_BAS": 2120015310, "NEXT_DOWN": 2120631650, "NEXT_SINK": 2120015310, "ORDER": 2, "PFAF_ID": 215001863000, "SORT": 23760, "SUB_AREA": 107.8, "UP_AREA": 576.1 }, "geometry": { "type": "Polygon", "coordinates": [ [ [ 7280767.669883149676025, 4509846.10302459821105 ], [ 7280910.77754903677851, 4509152.703886650502682 ], [ 7281377.164652432315052, 4508678.617309319786727 ], [ 7281566.174248715862632, 4508622.90470074582845 ], [ 7281771.962938047014177, 4508591.611524125561118 ], [ 7282080.821496590040624, 4508219.042928788810968 ], [ 7283196.099985142238438, 4508182.875712803564966 ], [ 7283504.671088840812445, 4507810.349601333960891 ], [ 7284620.397434286773205, 4507774.908641021698713 ], [ 7284929.065837583504617, 4507402.429838578216732 ], [ 7285693.02542975358665, 4507353.12587414495647 ], [ 7286001.757400218397379, 4506980.693410997278988 ], [ 7286416.904831566847861, 4506917.986484713852406 ], [ 7286907.062520467676222, 4506320.300848431885242 ], [ 7286947.215149902738631, 4506052.410709042102098 ], [ 7287230.923054390586913, 4505968.808398350141943 ], [ 7287316.694245204329491, 4505604.116160494275391 ], [ 7287417.018575295805931, 4505233.560369148850441 ], [ 7288221.289123378694057, 4505104.818837062455714 ], [ 7288576.679751941002905, 4504798.680115840397775 ], [ 7288942.885070278309286, 4504670.303205542266369 ], [ 7289298.328542466275394, 4504364.192937350831926 ], [ 7290102.737434992566705, 4504235.651565871201456 ], [ 7290327.984037726186216, 4503404.404159541241825 ], [ 7290760.039681605994701, 4503032.503997556865215 ], [ 7292181.904775280505419, 4502945.746527946554124 ], [ 7292537.567110870964825, 4502639.786652189679444 ], [ 7293820.600013959221542, 4502519.126495598815382 ], [ 7292838.626249738968909, 4500966.038265158422291 ], [ 7292726.003851377405226, 4500368.674721330404282 ], [ 7292179.76408265158534, 4500127.21862565074116 ], [ 7292085.628742535598576, 4498895.095624662935734 ], [ 7291319.919566009193659, 4497963.51294741500169 ], [ 7291142.593145635910332, 4497885.234872303903103 ], [ 7291182.913857482373714, 4497617.359253307804465 ], [ 7291860.649697059765458, 4496793.981450574472547 ], [ 7291900.991004591807723, 4496526.109704890288413 ], [ 7292253.392493817955256, 4496539.957634532824159 ], [ 7292456.484859668649733, 4496587.582416658289731 ], [ 7293069.86970341578126, 4497458.774754729121923 ], [ 7293476.773985277861357, 4497553.600162273272872 ], [ 7294089.954157508909702, 4498424.887540650554001 ], [ 7294848.368429672904313, 4498533.235018347389996 ], [ 7295127.777282350696623, 4498928.721076217480004 ], [ 7296238.407361478544772, 4499051.721632233820856 ], [ 7296574.494894739240408, 4499527.808814076706767 ], [ 7298335.580580119043589, 4499520.116573467850685 ], [ 7298645.271417917683721, 4499148.163455911912024 ], [ 7299410.298235801979899, 4499100.209722460247576 ], [ 7299750.593878127634525, 4498691.882286278530955 ], [ 7300056.862801497802138, 4499126.321962469257414 ], [ 7300259.856250931508839, 4499174.157196580432355 ], [ 7300144.443749574013054, 4501290.221042565070093 ], [ 7299836.526822401210666, 4501664.664133356884122 ], [ 7299795.898348832502961, 4501932.505744049325585 ], [ 7299606.544048537500203, 4501987.769929193891585 ], [ 7299262.66180732101202, 4502310.73971817176789 ], [ 7298693.868393707089126, 4502477.536222213879228 ], [ 7298998.09128784853965, 4503043.62634648103267 ], [ 7299055.33345394115895, 4503999.536753971129656 ], [ 7299293.837179834954441, 4504444.113294092006981 ], [ 7299376.604273473843932, 4504775.893737871199846 ], [ 7299000.509668680839241, 4505358.134407378733158 ], [ 7298924.15431671962142, 4506063.445182206109166 ], [ 7298572.571970293298364, 4506049.267052486538887 ], [ 7298553.951002317480743, 4506511.198441291227937 ], [ 7298202.014288705773652, 4506497.018159618601203 ], [ 7296967.502435811795294, 4506379.055266465060413 ], [ 7296641.769922417588532, 4506040.050415672361851 ], [ 7295578.94550952501595, 4505860.345891559496522 ], [ 7294913.413581153377891, 4505038.280620726756752 ], [ 7294185.020630794577301, 4505804.855197704397142 ], [ 7293009.128304832614958, 4505908.828348536975682 ], [ 7292846.633769587613642, 4506986.21652855258435 ], [ 7292211.656344208866358, 4507869.583563720807433 ], [ 7292052.938027468509972, 4508921.358715971000493 ], [ 7291576.794296107254922, 4509078.923950888216496 ], [ 7291225.356759071350098, 4509391.019921934232116 ], [ 7289364.133535145781934, 4509461.637195437215269 ], [ 7289167.968317715451121, 4510219.244634230621159 ], [ 7288358.821788642555475, 4510341.201117915101349 ], [ 7288007.584081671200693, 4510653.438669396564364 ], [ 7287637.754710596986115, 4510776.247556209564209 ], [ 7286916.948601686395705, 4511536.777847086079419 ], [ 7284438.703620488755405, 4511578.222864769399166 ], [ 7284087.718259441666305, 4511890.136646789498627 ], [ 7283625.70800010021776, 4512043.769880537874997 ], [ 7283533.686116145923734, 4512400.317324296571314 ], [ 7282625.124598366208375, 4512404.645518831908703 ], [ 7282316.384366396814585, 4512777.188183978199959 ], [ 7281964.415097072720528, 4512842.506444826722145 ], [ 7281462.410039921291173, 4512130.970063297078013 ], [ 7281478.243487693369389, 4510933.490148709155619 ], [ 7281453.564401585608721, 4510106.926734941080213 ], [ 7280767.669883149676025, 4509846.10302459821105 ] ] ] } },
{ "type": "Feature", "properties": { "id": "00030000000000006c5f", "COAST": 0, "DIST_MAIN": 76.7, "DIST_SINK": 76.7, "ENDO": 0, "HYBAS_ID": 2120629690, "MAIN_BAS": 2120015310, "NEXT_DOWN": 2120631360, "NEXT_SINK": 2120015310, "ORDER": 2, "PFAF_ID": 215001865000, "SORT": 23763, "SUB_AREA": 35.7, "UP_AREA": 325.0 }, "geometry": { "type": "Polygon", "coordinates": [ [ [ 7298453.213894398882985, 4507812.951451287604868 ], [ 7298838.010254608467221, 4507217.176566385664046 ], [ 7298591.866379133425653, 4506758.437191880308092 ], [ 7298553.951002317480743, 4506511.198441291227937 ], [ 7298572.571970293298364, 4506049.267052486538887 ], [ 7298924.15431671962142, 4506063.445182206109166 ], [ 7299000.509668680839241, 4505358.134407378733158 ], [ 7299376.604273473843932, 4504775.893737871199846 ], [ 7299293.837179834954441, 4504444.113294092006981 ], [ 7299055.33345394115895, 4503999.536753971129656 ], [ 7298998.09128784853965, 4503043.62634648103267 ], [ 7298693.868393707089126, 4502477.536222213879228 ], [ 7299262.66180732101202, 4502310.73971817176789 ], [ 7299606.544048537500203, 4501987.769929193891585 ], [ 7299795.898348832502961, 4501932.505744049325585 ], [ 7299999.209732005372643, 4501979.857846334576607 ], [ 7300944.209114271216094, 4503328.447131608612835 ], [ 7301350.349784733727574, 4503423.717451910488307 ], [ 7302127.468653998337686, 4504531.846277561970055 ], [ 7302146.474875535815954, 4504805.584423125721514 ], [ 7302127.638439919799566, 4505267.524417767301202 ], [ 7302479.274455320090055, 4505281.869138087145984 ], [ 7302466.411223795264959, 4507046.46070118714124 ], [ 7303636.159850887954235, 4507252.368544060736895 ], [ 7304850.401082779280841, 4508921.791994341649115 ], [ 7304254.966130100190639, 4509129.639178624376655 ], [ 7303528.276337768882513, 4509882.548082556575537 ], [ 7303162.369298460893333, 4510010.220268244855106 ], [ 7300954.382536856457591, 4512554.600750618614256 ], [ 7300771.6849015802145, 4512618.995342211797833 ], [ 7300236.060204867273569, 4512533.806490804068744 ], [ 7299799.407132660970092, 4512014.253453032113612 ], [ 7299735.474624487571418, 4510942.606744735501707 ], [ 7299497.252317521721125, 4510498.006247291341424 ], [ 7299402.419090668670833, 4509880.384306512773037 ], [ 7298942.614940667524934, 4509704.254610037431121 ], [ 7298502.819045230746269, 4509181.211486574262381 ], [ 7298453.213894398882985, 4507812.951451287604868 ] ] ] } },
{ "type": "Feature", "properties": { "id": "00030000000000006c60", "COAST": 0, "DIST_MAIN": 81.1, "DIST_SINK": 81.1, "ENDO": 0, "HYBAS_ID": 2120630070, "MAIN_BAS": 2120015310, "NEXT_DOWN": 2120629690, "NEXT_SINK": 2120015310, "ORDER": 2, "PFAF_ID": 215001867000, "SORT": 23768, "SUB_AREA": 150.2, "UP_AREA": 150.2 }, "geometry": { "type": "Polygon", "coordinates": [ [ [ 7299795.898348832502961, 4501932.505744049325585 ], [ 7299836.526822401210666, 4501664.664133356884122 ], [ 7300144.443749574013054, 4501290.221042565070093 ], [ 7300259.856250931508839, 4499174.157196580432355 ], [ 7300801.598516185767949, 4499132.682531137019396 ], [ 7301516.37474328186363, 4498362.125688094645739 ], [ 7301895.322107369080186, 4498251.19307907205075 ], [ 7302610.666617326438427, 4497480.745490279980004 ], [ 7303205.54487466905266, 4497306.844499107450247 ], [ 7303152.03076140396297, 4496268.288106999360025 ], [ 7302905.306383669376373, 4495809.399671353399754 ], [ 7303188.59085105266422, 4495372.127326896414161 ], [ 7303345.335578521713614, 4494714.192821039818227 ], [ 7303799.281539173796773, 4494288.852192133665085 ], [ 7304178.065881479531527, 4494178.50642052013427 ], [ 7304894.024606524035335, 4493407.759625094942749 ], [ 7305367.70383274089545, 4493269.651885382831097 ], [ 7305454.817507598549128, 4492905.136090126819909 ], [ 7306701.538905250839889, 4492893.022905983030796 ], [ 7307046.528592465445399, 4492570.378987652249634 ], [ 7307777.718592646531761, 4492474.753617835231125 ], [ 7308122.784682006575167, 4492152.147309897467494 ], [ 7308501.756465770304203, 4492042.015686791390181 ], [ 7308846.874765997752547, 4491719.437433160841465 ], [ 7309225.904526613652706, 4491608.848028518259525 ], [ 7309571.06705388519913, 4491286.307280012406409 ], [ 7310044.987973671406507, 4491148.48342143651098 ], [ 7310222.555350963026285, 4490405.795889052562416 ], [ 7311941.863273348659277, 4488385.368458583950996 ], [ 7313662.060740122571588, 4486365.294208988547325 ], [ 7314041.82319454383105, 4486254.946203904226422 ], [ 7314387.051388135179877, 4485932.586527489125729 ], [ 7314766.459476578980684, 4485822.740001012571156 ], [ 7316229.089415818452835, 4484158.918753514997661 ], [ 7316419.053449842147529, 4484103.551612025126815 ], [ 7316771.730224519968033, 4484118.523365476168692 ], [ 7317064.27011582441628, 4484231.037447137758136 ], [ 7317085.478591326624155, 4485057.891625224612653 ], [ 7317043.833934907801449, 4485325.661034242250025 ], [ 7316362.24211217276752, 4486146.946876417845488 ], [ 7316279.782049715518951, 4486682.023869191296399 ], [ 7315970.474207096733153, 4487056.363013201393187 ], [ 7315928.893901266157627, 4487323.639760944060981 ], [ 7315626.852149789221585, 4487411.417522184550762 ], [ 7315446.646176938898861, 4489238.016809334978461 ], [ 7315773.781129963696003, 4489849.419760113582015 ], [ 7315856.088078899309039, 4490181.400201023556292 ], [ 7315478.043692316859961, 4490762.913644947111607 ], [ 7315309.398541700094938, 4492290.239818459376693 ], [ 7314818.970253706909716, 4492432.479401361197233 ], [ 7314364.238462694920599, 4492857.193931012414396 ], [ 7314173.480663244612515, 4493652.281605690717697 ], [ 7313350.716082153841853, 4493759.270716235041618 ], [ 7313005.842419592663646, 4494081.659584077075124 ], [ 7312513.661129241809249, 4494224.94896103348583 ], [ 7312327.712708701379597, 4496213.821591447107494 ], [ 7312053.157621888443828, 4496636.800921647809446 ], [ 7311884.534961022436619, 4498368.271208373829722 ], [ 7312545.193671640008688, 4499435.520943269133568 ], [ 7312607.635230011306703, 4500229.402979537844658 ], [ 7312155.172382549382746, 4500927.287848196923733 ], [ 7312800.632305624894798, 4501175.450071130879223 ], [ 7312856.713161775842309, 4501545.9441161993891 ], [ 7312798.525952767580748, 4501789.238454169593751 ], [ 7312049.643297043628991, 4502798.658999094739556 ], [ 7311553.078716702759266, 4502943.266939770430326 ], [ 7311208.658778196200728, 4503265.714588985778391 ], [ 7309070.701692634262145, 4503302.116785317659378 ], [ 7308355.08366269338876, 4504072.457673288881779 ], [ 7307748.123031755909324, 4504173.070959041826427 ], [ 7307313.155678363516927, 4503692.289059356786311 ], [ 7306364.886217067018151, 4503526.700440763495862 ], [ 7305892.024210566654801, 4503970.393635108135641 ], [ 7304457.830055261962116, 4504037.187039823271334 ], [ 7304113.803119460120797, 4504359.941296614706516 ], [ 7303383.461105196736753, 4504455.836003124713898 ], [ 7303039.117470771074295, 4504778.624045195989311 ], [ 7302566.208642035722733, 4504916.836235006339848 ], [ 7302479.274455320090055, 4505281.869138087145984 ], [ 7302127.638439919799566, 4505267.524417767301202 ], [ 7302146.474875535815954, 4504805.584423125721514 ], [ 7302127.468653998337686, 4504531.846277561970055 ], [ 7301350.349784733727574, 4503423.717451910488307 ], [ 7300944.209114271216094, 4503328.447131608612835 ], [ 7299999.209732005372643, 4501979.857846334576607 ], [ 7299795.898348832502961, 4501932.505744049325585 ] ] ] } },
{ "type": "Feature", "properties": { "id": "0003000000000000710a", "COAST": 0, "DIST_MAIN": 64.5, "DIST_SINK": 64.5, "ENDO": 0, "HYBAS_ID": 2120622890, "MAIN_BAS": 2120014120, "NEXT_DOWN": 2120621580, "NEXT_SINK": 2120014120, "ORDER": 3, "PFAF_ID": 214096060200, "SORT": 23495, "SUB_AREA": 135.4, "UP_AREA": 135.4 }, "geometry": { "type": "Polygon", "coordinates": [ [ [ 7302390.291647692210972, 4540543.674495267681777 ], [ 7302518.070907637476921, 4539757.726922952570021 ], [ 7302790.819349782541394, 4539333.997960168868303 ], [ 7302867.631321873515844, 4538628.698095694184303 ], [ 7303144.35079419799149, 4538537.080455993302166 ], [ 7303298.801564968191087, 4537943.494588032364845 ], [ 7303563.861856914125383, 4537508.560506456531584 ], [ 7303757.561408266425133, 4535514.502279109321535 ], [ 7304587.48359327018261, 4535390.853616592474282 ], [ 7304938.086600622162223, 4535079.403632069937885 ], [ 7305399.664237463846803, 4534927.173367779701948 ], [ 7305492.244942709803581, 4534570.837987658567727 ], [ 7306748.992335426621139, 4534584.098460171371698 ], [ 7307797.949258981272578, 4533317.508465561084449 ], [ 7308211.574805486947298, 4533256.069259287789464 ], [ 7309071.945203340612352, 4532212.597166883759201 ], [ 7309154.234542709775269, 4531676.982778021134436 ], [ 7309461.624773444607854, 4531302.960443774238229 ], [ 7309544.062454502098262, 4530764.381299803964794 ], [ 7311517.97447950579226, 4528381.757442261092365 ], [ 7312282.483329004608095, 4528335.392924166284502 ], [ 7312773.722213221713901, 4527738.878240492194891 ], [ 7312876.053669080138206, 4526738.37457265611738 ], [ 7313740.29190032556653, 4525697.956903862766922 ], [ 7314502.836108584888279, 4525652.205715151503682 ], [ 7314812.866426262073219, 4525280.949610902927816 ], [ 7315575.114237289875746, 4525234.797170572914183 ], [ 7315885.222561709582806, 4524863.576825750991702 ], [ 7316441.919883704744279, 4524848.336220006458461 ], [ 7316529.44284338131547, 4524483.927343745715916 ], [ 7316812.52985183428973, 4524401.456448272801936 ], [ 7317015.15083596855402, 4524449.324896391481161 ], [ 7317456.657378355972469, 4525082.288508201949298 ], [ 7317452.783727142959833, 4526550.355736943893135 ], [ 7317727.423353952355683, 4526949.705385026521981 ], [ 7317747.343631451949477, 4527873.234038111753762 ], [ 7317376.288111568428576, 4528323.500162863172591 ], [ 7317335.051401261240244, 4528590.796786986291409 ], [ 7316706.195874482393265, 4528637.519605978392065 ], [ 7316555.416095169261098, 4529266.286322402767837 ], [ 7316281.552389326505363, 4529689.067014219239354 ], [ 7316165.150271397083998, 4530175.122463683597744 ], [ 7315150.379579884000123, 4531492.716603006236255 ], [ 7315013.856614558026195, 4532441.219107474200428 ], [ 7314731.337314466014504, 4532877.545392047613859 ], [ 7315064.111625013872981, 4533503.765375966206193 ], [ 7314934.580379719845951, 4534289.549821550957859 ], [ 7314660.939615049399436, 4534712.873714356683195 ], [ 7314267.220058326609433, 4541669.36412610206753 ], [ 7313918.683038187213242, 4542208.40068371873349 ], [ 7314285.653461155481637, 4542350.503474681638181 ], [ 7314265.825702387839556, 4542812.461890745908022 ], [ 7313915.947865546680987, 4542797.451815006323159 ], [ 7312663.838958438485861, 4542704.729164995253086 ], [ 7312387.276950674131513, 4542308.416478982195258 ], [ 7311983.401230511255562, 4542212.906668034382164 ], [ 7311376.521178252995014, 4541339.28418283443898 ], [ 7311032.155292296782136, 4541246.362754160538316 ], [ 7310660.000265671871603, 4541693.356935827992857 ], [ 7310249.428972915746272, 4541754.736945933662355 ], [ 7309570.790653755888343, 4542573.307447363622487 ], [ 7309365.351881162263453, 4542603.765679609961808 ], [ 7309346.898927150294185, 4542329.975209222175181 ], [ 7308850.088628153316677, 4541616.818998821079731 ], [ 7305348.395998052321374, 4541548.771376749500632 ], [ 7305039.819035602733493, 4541920.385660308413208 ], [ 7303434.093333557248116, 4541892.820575694553554 ], [ 7303377.787638975307345, 4541521.874263615347445 ], [ 7302790.815680604428053, 4541295.938284338451922 ], [ 7302390.291647692210972, 4540543.674495267681777 ] ] ] } },
{ "type": "Feature", "properties": { "id": "0003000000000000710b", "COAST": 0, "DIST_MAIN": 44.8, "DIST_SINK": 44.8, "ENDO": 0, "HYBAS_ID": 2120630510, "MAIN_BAS": 2120014490, "NEXT_DOWN": 2120633460, "NEXT_SINK": 2120014490, "ORDER": 3, "PFAF_ID": 214098020200, "SORT": 23567, "SUB_AREA": 221.4, "UP_AREA": 221.4 }, "geometry": { "type": "Polygon", "coordinates": [ [ [ 7383308.969297984614968, 4524318.787615302950144 ], [ 7383934.27581871766597, 4524278.433056833222508 ], [ 7384349.951033562421799, 4523691.988557853735983 ], [ 7384519.605716603808105, 4522281.725228099152446 ], [ 7384797.840985682792962, 4521861.238255695439875 ], [ 7384955.06907119974494, 4521232.061094720847905 ], [ 7386170.570142792537808, 4519896.313510173000395 ], [ 7386549.792711859568954, 4519789.67907392885536 ], [ 7386897.569999190047383, 4519470.608295693993568 ], [ 7387410.7540442077443, 4519326.895659861154854 ], [ 7387777.727967525832355, 4518772.749152692034841 ], [ 7387923.691067001782358, 4517825.041800720617175 ], [ 7388202.25618895329535, 4517404.657454733736813 ], [ 7388366.555703020654619, 4516747.611223673447967 ], [ 7388824.741969895549119, 4516327.257986607961357 ], [ 7389299.138927728869021, 4516194.505358853377402 ], [ 7389451.078526449389756, 4515587.907428221777081 ], [ 7389738.831438567489386, 4515153.664101804606616 ], [ 7389434.588225384242833, 4514569.146472165361047 ], [ 7390138.905756013467908, 4514372.159391459077597 ], [ 7390506.304630276747048, 4513817.621390830725431 ], [ 7390652.578162935562432, 4512870.442991727031767 ], [ 7391035.658672333694994, 4512292.445729152299464 ], [ 7390981.824647726491094, 4511496.900531302206218 ], [ 7390748.756543739698827, 4511049.543526775203645 ], [ 7390703.054490588605404, 4510091.730699447914958 ], [ 7390142.591251102276146, 4509163.33014964312315 ], [ 7390072.396911230869591, 4508668.045161462388933 ], [ 7389839.176981724798679, 4508220.238889968022704 ], [ 7389804.231889283284545, 4507972.857398713938892 ], [ 7389828.573891680687666, 4507510.339561478234828 ], [ 7389852.887854029424489, 4507048.315404833294451 ], [ 7390205.081323620863259, 4507066.858484908938408 ], [ 7390289.424052146263421, 4506706.209406876936555 ], [ 7390668.471028574742377, 4506573.896081704646349 ], [ 7391178.30129658523947, 4507177.21099825296551 ], [ 7392157.845905848778784, 4507110.940983132459223 ], [ 7392500.057557182386518, 4506783.299964056350291 ], [ 7392886.352156838402152, 4506686.209378469735384 ], [ 7393228.612928406335413, 4506358.604713128879666 ], [ 7393966.834920505993068, 4506279.753287999890745 ], [ 7394309.168025332503021, 4505952.194854717701674 ], [ 7394854.407409289851785, 4505922.685724991373718 ], [ 7394913.887465857900679, 4506345.045426008291543 ], [ 7395325.731244728900492, 4506811.498605956323445 ], [ 7395784.064757753163576, 4506993.723842171952128 ], [ 7395871.073377318680286, 4507613.522918202914298 ], [ 7396191.367358417250216, 4508228.447756565175951 ], [ 7396053.047401768155396, 4509013.804801147431135 ], [ 7395773.768861865624785, 4509433.951565357856452 ], [ 7395651.891319044865668, 4509919.558823519386351 ], [ 7395362.807764298282564, 4510354.564579244703054 ], [ 7396346.512441942468286, 4511918.303046609275043 ], [ 7396207.120725307613611, 4512730.391283232718706 ], [ 7395551.27529848087579, 4513594.211967423558235 ], [ 7395394.949759798124433, 4514216.390578839927912 ], [ 7394485.282305626198649, 4514325.052900973707438 ], [ 7393318.406913531012833, 4515792.773966756649315 ], [ 7393154.358337978832424, 4516854.590493438765407 ], [ 7392670.624869242310524, 4517331.876396374776959 ], [ 7392074.06371162366122, 4517498.603627199307084 ], [ 7392153.618510629981756, 4518202.29480218142271 ], [ 7393882.16070600040257, 4520641.321970152668655 ], [ 7394248.434126715175807, 4520786.895646747201681 ], [ 7394560.175666013732553, 4521140.913779124617577 ], [ 7394926.385945820249617, 4521287.022907041944563 ], [ 7395354.648700728081167, 4521773.331081475131214 ], [ 7396664.796435004100204, 4521717.668384549207985 ], [ 7397012.612935477867723, 4521399.030370788648725 ], [ 7397743.519014758989215, 4521311.900676121003926 ], [ 7398091.407912256196141, 4520993.300494472496212 ], [ 7398471.175697040744126, 4520887.79074362013489 ], [ 7398819.113997666165233, 4520569.218716756440699 ], [ 7400414.564619047567248, 4520592.638489020057023 ], [ 7400466.059412921778858, 4520964.06758776679635 ], [ 7400740.669007805176079, 4521073.752076565288007 ], [ 7400655.281458656303585, 4523193.129422429949045 ], [ 7401252.202235963195562, 4524077.012988141737878 ], [ 7401216.890854123979807, 4525272.316640360280871 ], [ 7400924.671311100944877, 4525364.572253200225532 ], [ 7400726.878048669546843, 4526554.507442276924849 ], [ 7400088.231628741137683, 4526601.640445596538484 ], [ 7399386.028881688602269, 4526563.517692682333291 ], [ 7399315.228598327375948, 4526055.599551679566503 ], [ 7398383.385931110940874, 4527036.098285846412182 ], [ 7397071.547490877099335, 4526838.714152139611542 ], [ 7396643.733184958808124, 4526352.278443128801882 ], [ 7395946.916703067719936, 4526459.644938726909459 ], [ 7394783.629567026160657, 4527923.70514818187803 ], [ 7394624.082685502246022, 4528559.595188550651073 ], [ 7393785.378709480166435, 4529443.856005853973329 ], [ 7392353.4898821124807, 4529493.350489296019077 ], [ 7391875.954776276834309, 4529931.73690468352288 ], [ 7391282.978451647795737, 4529773.670513520017266 ], [ 7390854.65354361385107, 4529287.557505095377564 ], [ 7390499.886948644183576, 4529443.826988039538264 ], [ 7390321.696793272159994, 4530154.674525456503034 ], [ 7389848.120100487954915, 4530287.306243277154863 ], [ 7389500.998696828261018, 4530606.233614304102957 ], [ 7389027.097026895731688, 4530738.895903234370053 ], [ 7388875.288209959864616, 4531345.489258443936706 ], [ 7388597.03393170889467, 4531766.313319786451757 ], [ 7388487.531449188478291, 4532933.215212414041162 ], [ 7388281.254697006195784, 4532961.996508983895183 ], [ 7387967.842303016223013, 4533330.389883139170706 ], [ 7387264.871596591547132, 4533371.671147807501256 ], [ 7386909.111511874943972, 4532851.917218296788633 ], [ 7386564.885069561190903, 4533256.432734637521207 ], [ 7384399.332103576511145, 4533221.185793237760663 ], [ 7384085.765732436440885, 4533589.702250926755369 ], [ 7383879.931730354204774, 4533618.131600813940167 ], [ 7383888.11223288346082, 4532885.434311283752322 ], [ 7383590.483183555305004, 4532444.303036811761558 ], [ 7384307.591177674941719, 4531592.890649645589292 ], [ 7384395.043187025934458, 4531057.781010439619422 ], [ 7384770.426966942846775, 4530610.65665062982589 ], [ 7384734.556119160726666, 4530144.988558216020465 ], [ 7384299.090630181133747, 4529508.143027945421636 ], [ 7383892.414193604141474, 4529407.548026597127318 ], [ 7383459.26532721798867, 4528767.411824848502874 ], [ 7383427.947982279583812, 4528226.614857981912792 ], [ 7383156.6491081668064, 4527824.598408034071326 ], [ 7383308.969297984614968, 4524318.787615302950144 ] ] ] } },
{ "type": "Feature", "properties": { "id": "0003000000000000710c", "COAST": 0, "DIST_MAIN": 86.7, "DIST_SINK": 86.7, "ENDO": 0, "HYBAS_ID": 2120626570, "MAIN_BAS": 2120014490, "NEXT_DOWN": 2120630320, "NEXT_SINK": 2120014490, "ORDER": 3, "PFAF_ID": 214098060200, "SORT": 23579, "SUB_AREA": 118.2, "UP_AREA": 118.4 }, "geometry": { "type": "Polygon", "coordinates": [ [ [ 7346512.736976593732834, 4535929.928362151607871 ], [ 7346624.202075196430087, 4535511.826826912350953 ], [ 7347817.487784938886762, 4534207.454645079560578 ], [ 7348680.227312128059566, 4534083.787821693345904 ], [ 7349034.611124252900481, 4533510.179865838959813 ], [ 7349197.496020392514765, 4532899.7129524666816 ], [ 7350108.885021975263953, 4532769.573546738363802 ], [ 7350303.237646836787462, 4531548.365350751206279 ], [ 7351894.472891685552895, 4529769.201186000369489 ], [ 7352264.780389991588891, 4529649.603083146736026 ], [ 7352991.034736794419587, 4528895.151209943927824 ], [ 7353361.407884833402932, 4528775.602439657784998 ], [ 7353714.949287073686719, 4528466.372834292240441 ], [ 7354085.358527785167098, 4528346.861004903912544 ], [ 7355558.375530407764018, 4526702.448855572380126 ], [ 7355743.844207651913166, 4526642.494623583741486 ], [ 7355949.657948328182101, 4526613.277501658536494 ], [ 7356261.91585860773921, 4526243.639321841299534 ], [ 7356468.120728241279721, 4526214.451897508464754 ], [ 7356764.777045463211834, 4526330.962536917999387 ], [ 7357417.751587048172951, 4527404.331771320663393 ], [ 7357446.525117096491158, 4528934.804367466829717 ], [ 7357882.222182120196521, 4529462.712537165731192 ], [ 7358688.448963118717074, 4529644.286834863945842 ], [ 7358797.817798119969666, 4530402.779219578020275 ], [ 7359072.502514149993658, 4530510.397742956876755 ], [ 7359694.63442222122103, 4530614.689077435992658 ], [ 7359751.435789353214204, 4531007.186719233170152 ], [ 7359623.903706643730402, 4532636.695100901648402 ], [ 7358840.195402015000582, 4533664.404322389513254 ], [ 7358024.000256327912211, 4533765.883939499035478 ], [ 7357678.576238390989602, 4534086.207289861515164 ], [ 7357300.657537736929953, 4534193.751204936765134 ], [ 7356954.906441682949662, 4534514.088998775929213 ], [ 7356226.261643782258034, 4534604.643308678641915 ], [ 7355741.413936060853302, 4535088.833651029504836 ], [ 7355561.135574972257018, 4536690.976366702467203 ], [ 7356226.96245541702956, 4536952.828110344707966 ], [ 7356280.720995713956654, 4537324.322127191349864 ], [ 7356630.979359749704599, 4537341.341540178284049 ], [ 7356813.931967793032527, 4537413.208728060126305 ], [ 7357782.184255892410874, 4538724.227566007524729 ], [ 7358239.429222390986979, 4538904.220804737880826 ], [ 7358328.7039664844051, 4539522.918595356866717 ], [ 7358562.39565943274647, 4539969.683110388927162 ], [ 7358606.98321982473135, 4541009.147228225134313 ], [ 7358202.708874710835516, 4541124.239195453934371 ], [ 7357151.711127249523997, 4541072.937813995406032 ], [ 7356969.236276568844914, 4541001.079924506135285 ], [ 7356656.51369612198323, 4540648.693305567838252 ], [ 7354312.369528199546039, 4540408.553288458846509 ], [ 7353728.617942098528147, 4540951.016205100342631 ], [ 7353532.612483612261713, 4541750.701477276161313 ], [ 7352365.394403661601245, 4541830.806441760621965 ], [ 7351275.813459470868111, 4543042.217372192069888 ], [ 7351086.952106215059757, 4543096.126921211369336 ], [ 7350884.985204187221825, 4543047.279372375458479 ], [ 7350282.833107208833098, 4542170.673057132400572 ], [ 7349178.471066983416677, 4542039.120702448301017 ], [ 7348741.089224703609943, 4541404.036634558811784 ], [ 7348729.261102691292763, 4540397.574463568627834 ], [ 7348456.762353681959212, 4539997.42906076926738 ], [ 7348423.096220918931067, 4539456.936708432622254 ], [ 7348150.561375365592539, 4539056.311309286393225 ], [ 7348160.365269500762224, 4537591.334240324795246 ], [ 7347887.731040557846427, 4537190.721070801839232 ], [ 7347853.972713043913245, 4536650.242516754195094 ], [ 7347418.134506352245808, 4536011.896677569486201 ], [ 7346512.736976593732834, 4535929.928362151607871 ] ] ] } },
{ "type": "Feature", "properties": { "id": "0003000000000000710d", "COAST": 0, "DIST_MAIN": 54.5, "DIST_SINK": 54.5, "ENDO": 0, "HYBAS_ID": 2120636430, "MAIN_BAS": 2120014560, "NEXT_DOWN": 2120637020, "NEXT_SINK": 2120014560, "ORDER": 3, "PFAF_ID": 215001202200, "SORT": 23606, "SUB_AREA": 118.1, "UP_AREA": 118.1 }, "geometry": { "type": "Polygon", "coordinates": [ [ [ 7341887.108522515743971, 4483838.160237474367023 ], [ 7341971.388996350578964, 4483138.704173692502081 ], [ 7342240.345199685543776, 4482704.9483698066324 ], [ 7342366.960745414718986, 4482230.468883200548589 ], [ 7343010.039673053659499, 4481350.966418571770191 ], [ 7343136.719002345576882, 4480876.502165117301047 ], [ 7343405.428708280436695, 4480442.759955720975995 ], [ 7343532.134893195703626, 4479968.296871201135218 ], [ 7344175.514262742362916, 4479088.876672501675785 ], [ 7344350.759311078116298, 4478433.763363768346608 ], [ 7345556.82595941144973, 4477121.387262011878192 ], [ 7345965.836291281506419, 4477550.222637716680765 ], [ 7346209.162452703341842, 4476639.539225151762366 ], [ 7346653.329122976399958, 4476252.671316398307681 ], [ 7347379.187585917301476, 4476149.043086474761367 ], [ 7347884.249084209091961, 4475709.554615449160337 ], [ 7348100.964376469142735, 4475856.939520612359047 ], [ 7348563.041048207320273, 4476341.421708824113011 ], [ 7349254.975065103732049, 4476210.623493715189397 ], [ 7349457.147206687368453, 4474551.073087673634291 ], [ 7350292.347998620010912, 4474432.488539631478488 ], [ 7351397.847806645557284, 4473231.669854280538857 ], [ 7352124.465298518538475, 4473128.996659548021853 ], [ 7352480.225317166186869, 4472819.559366912581027 ], [ 7352853.232182283885777, 4472699.814347721636295 ], [ 7353959.371814151294529, 4471499.824324845336378 ], [ 7354686.238475383259356, 4471396.889879140071571 ], [ 7355417.497997133992612, 4470642.348963811993599 ], [ 7355790.671207871288061, 4470522.733848427422345 ], [ 7356146.679087440483272, 4470213.947083506733179 ], [ 7356683.209030703641474, 4470041.669433099217713 ], [ 7357020.76125767827034, 4469500.529394361190498 ], [ 7357084.420421248301864, 4469263.122367093339562 ], [ 7357438.289050439372659, 4469279.992292784154415 ], [ 7357724.003798171877861, 4469198.930259983055294 ], [ 7357813.832793505862355, 4468834.881903283298016 ], [ 7358167.350687586702406, 4468851.755170696415007 ], [ 7358145.280717940069735, 4469313.729277324862778 ], [ 7358162.702655165456235, 4469584.254913734272122 ], [ 7358437.910433092154562, 4469984.591444566845894 ], [ 7358405.636348968371749, 4471912.019421618431807 ], [ 7359011.916466845199466, 4472791.774818529374897 ], [ 7359005.71339401230216, 4474178.124420957639813 ], [ 7358599.22414330765605, 4474662.819065480493009 ], [ 7358901.100673486478627, 4475102.657226663082838 ], [ 7358918.443234487436712, 4475373.177770280279219 ], [ 7358632.582625412382185, 4475453.663219133391976 ], [ 7358482.931924637407064, 4476061.236002940684557 ], [ 7358205.027957427315414, 4476482.703488579951227 ], [ 7358085.492742592468858, 4476968.77382979169488 ], [ 7357719.375897228717804, 4477524.339481998234987 ], [ 7357203.889868625439703, 4477670.231974430382252 ], [ 7355730.675678509287536, 4479326.664219028316438 ], [ 7353354.908897960558534, 4479340.351663740351796 ], [ 7352909.784601433202624, 4478843.915469291619956 ], [ 7350933.930107734166086, 4481093.096373678185046 ], [ 7350840.25455270614475, 4481474.849099713377655 ], [ 7349944.110788356512785, 4481495.755226788111031 ], [ 7349596.626646813936532, 4481816.550514773465693 ], [ 7348420.193755529820919, 4481897.879085853695869 ], [ 7348266.318379673175514, 4482526.171221853233874 ], [ 7346865.894357804208994, 4484285.567347664386034 ], [ 7346806.551295151002705, 4484528.170823422260582 ], [ 7346521.179510414600372, 4484609.581753860227764 ], [ 7346343.106691123917699, 4485338.886643392033875 ], [ 7345867.558677112683654, 4485474.443760902620852 ], [ 7345520.808381708338857, 4485795.424689186736941 ], [ 7345140.414818603545427, 4485903.713558354414999 ], [ 7344793.715391620993614, 4486224.72290634457022 ], [ 7344537.575599581003189, 4486338.788780210539699 ], [ 7344103.5522380489856, 4485855.785003552213311 ], [ 7343292.580497501417994, 4485676.65183756314218 ], [ 7343198.035951666533947, 4485042.320749141275883 ], [ 7342961.209508062340319, 4484596.239084537141025 ], [ 7342924.525745793245733, 4484348.707670114934444 ], [ 7342368.133285774849355, 4484283.995300184004009 ], [ 7342090.773078672587872, 4483886.654205476865172 ], [ 7341887.108522515743971, 4483838.160237474367023 ] ] ] } },
{ "type": "Feature", "properties": { "id": "0003000000000000710f", "COAST": 0, "DIST_MAIN": 28.8, "DIST_SINK": 28.8, "ENDO": 0, "HYBAS_ID": 2120648580, "MAIN_BAS": 2120014650, "NEXT_DOWN": 2120649140, "NEXT_SINK": 2120014650, "ORDER": 3, "PFAF_ID": 215001602230, "SORT": 23636, "SUB_AREA": 208.2, "UP_AREA": 208.2 }, "geometry": { "type": "Polygon", "coordinates": [ [ [ 7349715.971894547343254, 4413800.864929891191423 ], [ 7349801.302095074206591, 4412605.861400010995567 ], [ 7350304.517396793700755, 4412014.857012894004583 ], [ 7352148.037659389898181, 4412021.36311689671129 ], [ 7352841.131532093510032, 4411205.317157914862037 ], [ 7353262.377680665813386, 4411145.979246442206204 ], [ 7354141.116080781444907, 4410106.155741780065 ], [ 7354248.104282217100263, 4409109.401608115062118 ], [ 7354562.082950499840081, 4408736.365247561596334 ], [ 7354647.87009775172919, 4408197.601712889969349 ], [ 7355151.322357872501016, 4407607.353421622887254 ], [ 7355569.744052777066827, 4407547.989425704814494 ], [ 7355885.993770620785654, 4407178.072797726839781 ], [ 7356307.115425399504602, 4407118.873963970690966 ], [ 7356808.644221300259233, 4406525.149981726892292 ], [ 7356894.406572183594108, 4405990.359007156454027 ], [ 7357586.700530932284892, 4405172.113363733515143 ], [ 7357672.705216077156365, 4404633.371745970100164 ], [ 7358555.197453781962395, 4403597.56162750441581 ], [ 7359687.407955467700958, 4403572.352567501366138 ], [ 7360003.622971263714135, 4403202.56296000443399 ], [ 7360422.728186156600714, 4403143.472786380909383 ], [ 7361117.790263699367642, 4402328.58218599576503 ], [ 7363824.672255507670343, 4402417.533324671909213 ], [ 7364181.706767007708549, 4402434.506080334074795 ], [ 7364159.738239795900881, 4402896.461412747390568 ], [ 7364064.642811761237681, 4405916.822721678763628 ], [ 7364303.500700526870787, 4406363.435348453000188 ], [ 7364361.63193004578352, 4407439.452595114707947 ], [ 7364838.9534524185583, 4407623.820418670773506 ], [ 7365157.933607268147171, 4407976.150547594763339 ], [ 7366243.213636964559555, 4408154.479670766741037 ], [ 7366896.306848465465009, 4408985.926639501936734 ], [ 7367082.149659158661962, 4409057.813334438949823 ], [ 7366986.767446354962885, 4409443.383005148731172 ], [ 7365798.331823104992509, 4409522.732661810703576 ], [ 7365306.437607485800982, 4410005.834841629490256 ], [ 7365128.988320868462324, 4411526.204966706223786 ], [ 7364759.930970951914787, 4412081.631090535782278 ], [ 7364123.764416642487049, 4412260.461456065066159 ], [ 7363890.31725356169045, 4415031.363479852676392 ], [ 7364553.237978657707572, 4416102.576027627103031 ], [ 7364545.706334088928998, 4417274.637093803845346 ], [ 7364450.137985428795218, 4417659.715782640501857 ], [ 7363263.384016601368785, 4417739.875022760592401 ], [ 7362913.15182126685977, 4418060.28337057121098 ], [ 7362529.15734941419214, 4418167.924238330684602 ], [ 7361422.948436229489744, 4419378.95552368555218 ], [ 7361039.040072925388813, 4419486.655414305627346 ], [ 7360688.983466727659106, 4419807.159918240271509 ], [ 7359857.495436674915254, 4419909.593689188361168 ], [ 7359763.54632456600666, 4420289.823058526031673 ], [ 7358414.50021705031395, 4420293.617931101471186 ], [ 7358317.835700732655823, 4420684.632886068895459 ], [ 7357752.970247070305049, 4420697.726811033673584 ], [ 7357059.645798886194825, 4421512.807744002901018 ], [ 7356285.855349011719227, 4421554.861300205811858 ], [ 7355970.443758316338062, 4421924.75722480006516 ], [ 7355049.608285404741764, 4421921.394240300171077 ], [ 7354844.265923605300486, 4421872.162630780600011 ], [ 7354564.703939223662019, 4421474.490341454744339 ], [ 7354359.330714325420558, 4421425.766940662637353 ], [ 7354316.713447725400329, 4421693.4333505788818 ], [ 7353816.200780891813338, 4422287.248035775497556 ], [ 7353604.527442341670394, 4422317.061958968639374 ], [ 7353413.106291129253805, 4422371.118264075368643 ], [ 7353063.139594263397157, 4422691.92285976652056 ], [ 7352804.82052043825388, 4422806.326147548854351 ], [ 7352266.073871742002666, 4422210.866060161031783 ], [ 7352147.058025307022035, 4421417.767973308451474 ], [ 7351682.432985823601484, 4421238.676170945167542 ], [ 7351363.548391448333859, 4420886.909130034968257 ], [ 7350280.013948706910014, 4420710.588884240947664 ], [ 7349961.403785083442926, 4420359.402924541383982 ], [ 7349419.232577286660671, 4420271.062039135955274 ], [ 7349631.655661786906421, 4416306.361243094317615 ], [ 7350008.977487718686461, 4415857.280671589076519 ], [ 7350012.219636385329068, 4414471.657716421410441 ], [ 7349734.133270329795778, 4414071.324570038355887 ], [ 7349715.971894547343254, 4413800.864929891191423 ] ] ] } },
{ "type": "Feature", "properties": { "id": "00030000000000007114", "COAST": 0, "DIST_MAIN": 44.4, "DIST_SINK": 44.4, "ENDO": 0, "HYBAS_ID": 2120634750, "MAIN_BAS": 2120015310, "NEXT_DOWN": 2121222720, "NEXT_SINK": 2120015310, "ORDER": 3, "PFAF_ID": 215001820200, "SORT": 23755, "SUB_AREA": 207.6, "UP_AREA": 207.8 }, "geometry": { "type": "Polygon", "coordinates": [ [ [ 7275092.528478316031396, 4474136.402697901241481 ], [ 7275132.658228946849704, 4473868.489946541376412 ], [ 7275440.202146524563432, 4473493.045187678188086 ], [ 7275479.967223634012043, 4473225.119706250727177 ], [ 7275594.954496083781123, 4471489.694213436916471 ], [ 7276081.881832356564701, 4470996.580419769510627 ], [ 7277603.176138279959559, 4470919.604982548393309 ], [ 7278386.061557493172586, 4469876.013384314253926 ], [ 7278534.5252173114568, 4469244.188255563378334 ], [ 7280064.209749484434724, 4469167.494575576856732 ], [ 7280779.12030285038054, 4468394.941223962232471 ], [ 7281159.114469062536955, 4468282.899326455779374 ], [ 7281632.691313058137894, 4467838.130663435906172 ], [ 7281878.799370008520782, 4467973.164415011182427 ], [ 7282317.25062513910234, 4468452.711664128117263 ], [ 7283279.848259929567575, 4468362.749083761125803 ], [ 7283624.721363213844597, 4468039.014942171983421 ], [ 7285064.830502414144576, 4467967.850370504893363 ], [ 7285409.798667115159333, 4467644.194303738884628 ], [ 7285789.538066896609962, 4467532.370116436854005 ], [ 7286263.457076076418161, 4467087.878236654214561 ], [ 7286509.518110220320523, 4467223.069299164228141 ], [ 7286828.479248348623514, 4467572.041877494193614 ], [ 7287552.344158263877034, 4467726.065034603700042 ], [ 7287871.609607510268688, 4468075.099699365906417 ], [ 7289032.768178779631853, 4468255.489412355236709 ], [ 7289396.374779676087201, 4468876.72765988484025 ], [ 7289497.206884910352528, 4469522.517745243385434 ], [ 7291184.306396657600999, 4469654.255241545848548 ], [ 7291537.973615887574852, 4469668.009105066768825 ], [ 7291325.552560560405254, 4473734.554430382326245 ], [ 7290380.304639062844217, 4473876.623774461448193 ], [ 7290218.741040138527751, 4474947.615179631859064 ], [ 7289952.76876381970942, 4475383.063425038009882 ], [ 7289809.218251388520002, 4476391.365494603291154 ], [ 7290389.080026553012431, 4476634.273298695683479 ], [ 7290834.963928870856762, 4477138.97602238599211 ], [ 7290842.8215769873932, 4478434.494147835299373 ], [ 7290806.840235989540815, 4479358.815617018379271 ], [ 7290720.366918986663222, 4479723.955008324235678 ], [ 7290246.231184851378202, 4479863.016282428987324 ], [ 7289901.898032349534333, 4480186.448920886032283 ], [ 7289169.556193973869085, 4480283.860477365553379 ], [ 7288824.913993262685835, 4480607.317346445284784 ], [ 7288350.876700221560895, 4480746.502482870593667 ], [ 7288178.593940778635442, 4481476.337235192768276 ], [ 7287609.370442661456764, 4481643.582994262687862 ], [ 7287465.67927756998688, 4482251.711113685742021 ], [ 7287192.200531210750341, 4482676.036564447917044 ], [ 7287041.866131398826838, 4484086.765741216018796 ], [ 7286635.969914154149592, 4484672.920215564779937 ], [ 7285815.964577436447144, 4484782.598140224814415 ], [ 7285472.044698708690703, 4485106.216801276430488 ], [ 7284740.24544395878911, 4485204.529679752886295 ], [ 7284396.017184306867421, 4485528.172443270683289 ], [ 7284017.193597340025008, 4485639.529187255539 ], [ 7283673.388796019367874, 4485963.215507766231894 ], [ 7282941.735400633886456, 4486061.209481067955494 ], [ 7282597.62207190040499, 4486384.928297624923289 ], [ 7282055.566348996013403, 4486427.790205056779087 ], [ 7281848.797729601152241, 4486459.087317603640258 ], [ 7281539.565494534559548, 4486831.721263010986149 ], [ 7281332.803109589964151, 4486863.03584813978523 ], [ 7281039.967351765371859, 4486751.942679114639759 ], [ 7280993.928634367883205, 4485216.421525943093002 ], [ 7280753.597156895324588, 4484773.036283052526414 ], [ 7280675.81169293820858, 4484278.817473948001862 ], [ 7280100.201482725329697, 4483359.795109901577234 ], [ 7280022.325333064422011, 4482866.087060626596212 ], [ 7279781.849626621231437, 4482422.744535432197154 ], [ 7279704.326731620356441, 4481928.561112836934626 ], [ 7279387.396587359718978, 4481344.196819453500211 ], [ 7278794.876569453626871, 4481119.989761186763644 ], [ 7278697.655369466170669, 4480502.771587091498077 ], [ 7278457.006732419133186, 4480059.475164093077183 ], [ 7278378.984718740917742, 4479565.297867688350379 ], [ 7278061.828540071845055, 4478981.000755345448852 ], [ 7277561.589881927706301, 4478792.044971001334488 ], [ 7277141.339699532836676, 4478332.723537196405232 ], [ 7277035.985892018303275, 4477664.236227865330875 ], [ 7276795.140615898184478, 4477221.002254325896502 ], [ 7276716.928400730714202, 4476727.345732479356229 ], [ 7276047.96084797848016, 4475661.678571856580675 ], [ 7275470.560613191686571, 4475443.794591879472136 ], [ 7275372.944340796209872, 4474826.640212778933346 ], [ 7275131.905754610896111, 4474382.974072696641088 ], [ 7275092.528478316031396, 4474136.402697901241481 ] ] ] } },
{ "type": "Feature", "properties": { "id": "00030000000000007115", "COAST": 0, "DIST_MAIN": 62.1, "DIST_SINK": 62.1, "ENDO": 0, "HYBAS_ID": 2120631470, "MAIN_BAS": 2120015310, "NEXT_DOWN": 2120631650, "NEXT_SINK": 2120015310, "ORDER": 3, "PFAF_ID": 215001862100, "SORT": 23761, "SUB_AREA": 126.8, "UP_AREA": 280.7 }, "geometry": { "type": "Polygon", "coordinates": [ [ [ 7291657.751372592523694, 4493739.772599638439715 ], [ 7291747.836946814320982, 4493358.931703545153141 ], [ 7292569.723794976249337, 4493249.563732515089214 ], [ 7292914.031838496215641, 4492926.286489414982498 ], [ 7293997.450681367889047, 4492843.222250994294882 ], [ 7295082.931821641512215, 4491623.576531772501767 ], [ 7295814.326197734102607, 4491526.802298711612821 ], [ 7296158.853115690872073, 4491203.673721474595368 ], [ 7296977.293248850852251, 4491095.107986846007407 ], [ 7298126.571845007129014, 4489612.874958220869303 ], [ 7298242.402993495576084, 4489126.615054617635906 ], [ 7298516.346140144392848, 4488703.158977109007537 ], [ 7298574.097903096117079, 4488459.78133006580174 ], [ 7299214.674791784025729, 4488403.745115057565272 ], [ 7299378.145814293064177, 4487326.464610199443996 ], [ 7299644.357833553105593, 4486891.332539790309966 ], [ 7299799.034035637974739, 4486297.667322308756411 ], [ 7300425.473487937822938, 4486091.059713153168559 ], [ 7300758.175400805659592, 4485547.179964232258499 ], [ 7300927.709323270246387, 4484897.162263849750161 ], [ 7302863.212167353369296, 4482683.881230570375919 ], [ 7303587.786537901498377, 4482576.100031204521656 ], [ 7303940.889231565408409, 4482265.006154737435281 ], [ 7304126.475469954311848, 4482203.707582788541913 ], [ 7304145.350627409294248, 4482473.968463528901339 ], [ 7305090.614136533811688, 4483825.351432720199227 ], [ 7305075.154283124953508, 4485673.04072058852762 ], [ 7304703.183952339924872, 4486123.999862697906792 ], [ 7304624.584222632460296, 4487316.177404332906008 ], [ 7304605.699334503151476, 4487778.105067180469632 ], [ 7304902.322204883210361, 4487891.794702030718327 ], [ 7304882.888918533921242, 4490812.374602567404509 ], [ 7305121.600338106974959, 4491257.120800618082285 ], [ 7305162.503886611200869, 4492793.065758977085352 ], [ 7305454.817507598549128, 4492905.136090126819909 ], [ 7305367.70383274089545, 4493269.651885382831097 ], [ 7304894.024606524035335, 4493407.759625094942749 ], [ 7304178.065881479531527, 4494178.50642052013427 ], [ 7303799.281539173796773, 4494288.852192133665085 ], [ 7303345.335578521713614, 4494714.192821039818227 ], [ 7303188.59085105266422, 4495372.127326896414161 ], [ 7302905.306383669376373, 4495809.399671353399754 ], [ 7303152.03076140396297, 4496268.288106999360025 ], [ 7303205.54487466905266, 4497306.844499107450247 ], [ 7302610.666617326438427, 4497480.745490279980004 ], [ 7301895.322107369080186, 4498251.19307907205075 ], [ 7301516.37474328186363, 4498362.125688094645739 ], [ 7300801.598516185767949, 4499132.682531137019396 ], [ 7300259.856250931508839, 4499174.157196580432355 ], [ 7300056.862801497802138, 4499126.321962469257414 ], [ 7299750.593878127634525, 4498691.882286278530955 ], [ 7299410.298235801979899, 4499100.209722460247576 ], [ 7298645.271417917683721, 4499148.163455911912024 ], [ 7298335.580580119043589, 4499520.116573467850685 ], [ 7296574.494894739240408, 4499527.808814076706767 ], [ 7296238.407361478544772, 4499051.721632233820856 ], [ 7295127.777282350696623, 4498928.721076217480004 ], [ 7294848.368429672904313, 4498533.235018347389996 ], [ 7294089.954157508909702, 4498424.887540650554001 ], [ 7293476.773985277861357, 4497553.600162273272872 ], [ 7293069.86970341578126, 4497458.774754729121923 ], [ 7292456.484859668649733, 4496587.582416658289731 ], [ 7292253.392493817955256, 4496539.957634532824159 ], [ 7292234.183118982240558, 4496270.245832541026175 ], [ 7291956.895999177359045, 4495871.997338964603841 ], [ 7291937.28650654386729, 4495602.266672804020345 ], [ 7291918.07946365699172, 4495332.050606493838131 ], [ 7291613.55794820562005, 4494895.11471748072654 ], [ 7291981.540367965586483, 4494446.926651732064784 ], [ 7291676.979015356861055, 4494009.982906810007989 ], [ 7291657.751372592523694, 4493739.772599638439715 ] ] ] } },
{ "type": "Feature", "properties": { "id": "00030000000000007116", "COAST": 0, "DIST_MAIN": 76.9, "DIST_SINK": 76.9, "ENDO": 0, "HYBAS_ID": 2120629650, "MAIN_BAS": 2120015310, "NEXT_DOWN": 2120631360, "NEXT_SINK": 2120015310, "ORDER": 3, "PFAF_ID": 215001864000, "SORT": 23764, "SUB_AREA": 143.5, "UP_AREA": 143.5 }, "geometry": { "type": "Polygon", "coordinates": [ [ [ 7283533.686116145923734, 4512400.317324296571314 ], [ 7283625.70800010021776, 4512043.769880537874997 ], [ 7284087.718259441666305, 4511890.136646789498627 ], [ 7284438.703620488755405, 4511578.222864769399166 ], [ 7286916.948601686395705, 4511536.777847086079419 ], [ 7287637.754710596986115, 4510776.247556209564209 ], [ 7288007.584081671200693, 4510653.438669396564364 ], [ 7288358.821788642555475, 4510341.201117915101349 ], [ 7289167.968317715451121, 4510219.244634230621159 ], [ 7289364.133535145781934, 4509461.637195437215269 ], [ 7291225.356759071350098, 4509391.019921934232116 ], [ 7291576.794296107254922, 4509078.923950888216496 ], [ 7292052.938027468509972, 4508921.358715971000493 ], [ 7292211.656344208866358, 4507869.583563720807433 ], [ 7292846.633769587613642, 4506986.21652855258435 ], [ 7293009.128304832614958, 4505908.828348536975682 ], [ 7294185.020630794577301, 4505804.855197704397142 ], [ 7294913.413581153377891, 4505038.280620726756752 ], [ 7295578.94550952501595, 4505860.345891559496522 ], [ 7296641.769922417588532, 4506040.050415672361851 ], [ 7296967.502435811795294, 4506379.055266465060413 ], [ 7298202.014288705773652, 4506497.018159618601203 ], [ 7298553.951002317480743, 4506511.198441291227937 ], [ 7298591.866379133425653, 4506758.437191880308092 ], [ 7298838.010254608467221, 4507217.176566385664046 ], [ 7298453.213894398882985, 4507812.951451287604868 ], [ 7298502.819045230746269, 4509181.211486574262381 ], [ 7298942.614940667524934, 4509704.254610037431121 ], [ 7299402.419090668670833, 4509880.384306512773037 ], [ 7299497.252317521721125, 4510498.006247291341424 ], [ 7299735.474624487571418, 4510942.606744735501707 ], [ 7299799.407132660970092, 4512014.253453032113612 ], [ 7300236.060204867273569, 4512533.806490804068744 ], [ 7300771.6849015802145, 4512618.995342211797833 ], [ 7300734.022942184470594, 4514275.562099195085466 ], [ 7301010.072820515371859, 4514673.711317048408091 ], [ 7301047.570218889042735, 4515213.740545495413244 ], [ 7301323.54150861594826, 4515612.404791013337672 ], [ 7301342.263816552236676, 4515882.666889497078955 ], [ 7301153.608531755395234, 4515937.886103144846857 ], [ 7300439.932437520474195, 4516708.390091989189386 ], [ 7299967.81352735683322, 4516846.727719039656222 ], [ 7299798.417079627513885, 4517559.65976042766124 ], [ 7299445.576452447101474, 4517719.70971336774528 ], [ 7299011.032171544618905, 4517239.392624972388148 ], [ 7297238.64118256047368, 4517041.981489143334329 ], [ 7296589.664852275513113, 4516215.843756499700248 ], [ 7295642.895597339607775, 4516052.042512119747698 ], [ 7295171.451928162947297, 4516495.85298122651875 ], [ 7294442.462134149856865, 4516593.064962876029313 ], [ 7293961.50148497056216, 4517080.155101832933724 ], [ 7293797.408463598228991, 4518601.303783765994012 ], [ 7293524.618668964132667, 4519024.88193419855088 ], [ 7293467.142231334000826, 4519268.288332058116794 ], [ 7293261.560848129913211, 4519299.246186649426818 ], [ 7292952.486381961032748, 4519671.360014638863504 ], [ 7292044.703340891748667, 4519674.488363211974502 ], [ 7291860.828797282651067, 4519604.300609409809113 ], [ 7291107.974926114082336, 4518647.263472290709615 ], [ 7290985.679137721657753, 4517854.842745066620409 ], [ 7289826.786075321026146, 4517672.51651481166482 ], [ 7289510.392173929139972, 4517323.268949863500893 ], [ 7288563.698355670087039, 4517160.382977562956512 ], [ 7288092.403515133075416, 4517604.607837358489633 ], [ 7287363.67924340814352, 4517702.497580752708018 ], [ 7287021.020378773100674, 4518025.976311041973531 ], [ 7286766.984799968078732, 4518141.914250841364264 ], [ 7286331.715574581176043, 4517662.381167268380523 ], [ 7285796.751803242601454, 4517578.745505256578326 ], [ 7285814.660134988836944, 4517116.319292730651796 ], [ 7285260.687481602653861, 4517055.75587379746139 ], [ 7284149.143329585902393, 4515472.99810042232275 ], [ 7284181.645571291446686, 4513081.469940460287035 ], [ 7283739.38101830240339, 4512447.829743053764105 ], [ 7283533.686116145923734, 4512400.317324296571314 ] ] ] } },
{ "type": "Feature", "properties": { "id": "00030000000000007117", "COAST": 0, "DIST_MAIN": 80.1, "DIST_SINK": 80.1, "ENDO": 0, "HYBAS_ID": 2121222860, "MAIN_BAS": 2120015310, "NEXT_DOWN": 2120631470, "NEXT_SINK": 2120015310, "ORDER": 3, "PFAF_ID": 215001862200, "SORT": 23766, "SUB_AREA": 153.7, "UP_AREA": 153.8 }, "geometry": { "type": "Polygon", "coordinates": [ [ [ 7304126.475469954311848, 4482203.707582788541913 ], [ 7304213.608286622911692, 4481838.692043682560325 ], [ 7304904.66300883796066, 4481637.520521149039268 ], [ 7304850.971272133290768, 4480598.969099289737642 ], [ 7304611.801364257000387, 4480154.749116958118975 ], [ 7304649.198487730696797, 4478058.801847333088517 ], [ 7304735.980316428467631, 4477694.260905192233622 ], [ 7305210.979315238073468, 4477556.108092354610562 ], [ 7305556.132989358156919, 4477233.344268172048032 ], [ 7307077.402914825826883, 4477162.422691174782813 ], [ 7307863.741420639678836, 4476121.715104606933892 ], [ 7308009.176487690769136, 4475513.887855341657996 ], [ 7308484.008556162938476, 4475375.91560931596905 ], [ 7309574.576048511080444, 4474158.163919747807086 ], [ 7310049.529773810878396, 4474020.278829539194703 ], [ 7310136.992824950255454, 4473655.318073505535722 ], [ 7310843.668381890282035, 4473684.633507555350661 ], [ 7310919.660864954814315, 4474180.239571181125939 ], [ 7311360.196404284797609, 4473769.023740041069686 ], [ 7311740.131615154445171, 4473659.001427825540304 ], [ 7312086.132023426704109, 4473336.532409423030913 ], [ 7313336.203137395903468, 4473325.832340628840029 ], [ 7313316.127543616108596, 4474519.991670816205442 ], [ 7314261.066484982147813, 4475872.553946015425026 ], [ 7314259.315432210452855, 4477337.521985098719597 ], [ 7314536.340581277385354, 4477736.116164295934141 ], [ 7314534.885695846751332, 4479200.616301449947059 ], [ 7314811.413530857302248, 4479599.702180345542729 ], [ 7314809.854810753837228, 4481064.207598117180169 ], [ 7315251.878196096979082, 4481699.701555727049708 ], [ 7315661.77269637119025, 4481795.7997225522995 ], [ 7316772.705496127717197, 4483382.790656167082489 ], [ 7316791.345990636385977, 4483656.579931790009141 ], [ 7316771.730224519968033, 4484118.523365476168692 ], [ 7316419.053449842147529, 4484103.551612025126815 ], [ 7316229.089415818452835, 4484158.918753514997661 ], [ 7314766.459476578980684, 4485822.740001012571156 ], [ 7314387.051388135179877, 4485932.586527489125729 ], [ 7314041.82319454383105, 4486254.946203904226422 ], [ 7313662.060740122571588, 4486365.294208988547325 ], [ 7311941.863273348659277, 4488385.368458583950996 ], [ 7310222.555350963026285, 4490405.795889052562416 ], [ 7310044.987973671406507, 4491148.48342143651098 ], [ 7309571.06705388519913, 4491286.307280012406409 ], [ 7309225.904526613652706, 4491608.848028518259525 ], [ 7308846.874765997752547, 4491719.437433160841465 ], [ 7308501.756465770304203, 4492042.015686791390181 ], [ 7308122.784682006575167, 4492152.147309897467494 ], [ 7307777.718592646531761, 4492474.753617835231125 ], [ 7307046.528592465445399, 4492570.378987652249634 ], [ 7306701.538905250839889, 4492893.022905983030796 ], [ 7305454.817507598549128, 4492905.136090126819909 ], [ 7305162.503886611200869, 4492793.065758977085352 ], [ 7305121.600338106974959, 4491257.120800618082285 ], [ 7304882.888918533921242, 4490812.374602567404509 ], [ 7304902.322204883210361, 4487891.794702030718327 ], [ 7304605.699334503151476, 4487778.105067180469632 ], [ 7304624.584222632460296, 4487316.177404332906008 ], [ 7304703.183952339924872, 4486123.999862697906792 ], [ 7305075.154283124953508, 4485673.04072058852762 ], [ 7305090.614136533811688, 4483825.351432720199227 ], [ 7304145.350627409294248, 4482473.968463528901339 ], [ 7304126.475469954311848, 4482203.707582788541913 ] ] ] } },
{ "type": "Feature", "properties": { "id": "00030000000000007118", "COAST": 0, "DIST_MAIN": 81.0, "DIST_SINK": 81.0, "ENDO": 0, "HYBAS_ID": 2120629920, "MAIN_BAS": 2120015310, "NEXT_DOWN": 2120629690, "NEXT_SINK": 2120015310, "ORDER": 3, "PFAF_ID": 215001866000, "SORT": 23767, "SUB_AREA": 139.2, "UP_AREA": 139.2 }, "geometry": { "type": "Polygon", "coordinates": [ [ [ 7300771.6849015802145, 4512618.995342211797833 ], [ 7300954.382536856457591, 4512554.600750618614256 ], [ 7303162.369298460893333, 4510010.220268244855106 ], [ 7303528.276337768882513, 4509882.548082556575537 ], [ 7304254.966130100190639, 4509129.639178624376655 ], [ 7304850.401082779280841, 4508921.791994341649115 ], [ 7303636.159850887954235, 4507252.368544060736895 ], [ 7302466.411223795264959, 4507046.46070118714124 ], [ 7302479.274455320090055, 4505281.869138087145984 ], [ 7302566.208642035722733, 4504916.836235006339848 ], [ 7303039.117470771074295, 4504778.624045195989311 ], [ 7303383.461105196736753, 4504455.836003124713898 ], [ 7304113.803119460120797, 4504359.941296614706516 ], [ 7304457.830055261962116, 4504037.187039823271334 ], [ 7305892.024210566654801, 4503970.393635108135641 ], [ 7306364.886217067018151, 4503526.700440763495862 ], [ 7307313.155678363516927, 4503692.289059356786311 ], [ 7307748.123031755909324, 4504173.070959041826427 ], [ 7308355.08366269338876, 4504072.457673288881779 ], [ 7309070.701692634262145, 4503302.116785317659378 ], [ 7311208.658778196200728, 4503265.714588985778391 ], [ 7311553.078716702759266, 4502943.266939770430326 ], [ 7312049.643297043628991, 4502798.658999094739556 ], [ 7312798.525952767580748, 4501789.238454169593751 ], [ 7312856.713161775842309, 4501545.9441161993891 ], [ 7313059.981797569431365, 4501593.659487732686102 ], [ 7315332.035240219905972, 4504852.569939655251801 ], [ 7315738.377534660510719, 4504948.157146095298231 ], [ 7316016.083679912611842, 4505344.491869991645217 ], [ 7316219.218481570482254, 4505392.80458549875766 ], [ 7316177.634915794245899, 4505660.078438016586006 ], [ 7315868.982763454318047, 4506034.381351507268846 ], [ 7315770.235429392196238, 4506952.777757337316871 ], [ 7316101.951208366081119, 4507433.191027676686645 ], [ 7316043.507401615381241, 4510205.458839676342905 ], [ 7315671.837174884974957, 4510655.846453997306526 ], [ 7315550.001582021825016, 4512115.325511776842177 ], [ 7315241.603414844721556, 4512489.647333929315209 ], [ 7315141.285255738534033, 4514143.785141034051776 ], [ 7313880.938060622662306, 4514129.277084679342806 ], [ 7313570.568107125349343, 4514500.597720367833972 ], [ 7313218.66934070084244, 4514563.949811358004808 ], [ 7312884.38063149061054, 4514087.011158281937242 ], [ 7312329.839570187032223, 4514024.402222888544202 ], [ 7312270.10937509406358, 4513627.976081731729209 ], [ 7311295.213134005665779, 4513517.481788898818195 ], [ 7309889.780442320741713, 4513458.413338396698236 ], [ 7309833.375343562103808, 4513087.424378674477339 ], [ 7309373.593427010811865, 4512910.607694123871624 ], [ 7308939.682421440258622, 4512429.709974380210042 ], [ 7308685.0602813558653, 4512544.921460723504424 ], [ 7308340.793717094697058, 4512867.456665193662047 ], [ 7307611.155519556254148, 4512963.391358949244022 ], [ 7307267.33508619107306, 4513285.987120197154582 ], [ 7306537.779421540908515, 4513381.532154381275177 ], [ 7305452.948209930211306, 4514599.467024235054851 ], [ 7305074.729608299210668, 4514710.168188568204641 ], [ 7304731.101940982975066, 4515032.872243863530457 ], [ 7304542.018631101585925, 4515087.999181153252721 ], [ 7303984.699775853194296, 4515104.176560750231147 ], [ 7303675.278491729870439, 4515475.89627297129482 ], [ 7302560.352335137315094, 4515508.406479323282838 ], [ 7302251.019754459150136, 4515880.174628855660558 ], [ 7301693.761670978739858, 4515897.024513890966773 ], [ 7301342.263816552236676, 4515882.666889497078955 ], [ 7301323.54150861594826, 4515612.404791013337672 ], [ 7301047.570218889042735, 4515213.740545495413244 ], [ 7301010.072820515371859, 4514673.711317048408091 ], [ 7300734.022942184470594, 4514275.562099195085466 ], [ 7300771.6849015802145, 4512618.995342211797833 ] ] ] } },
{ "type": "Feature", "properties": { "id": "00030000000000007a6b", "COAST": 0, "DIST_MAIN": 1.0, "DIST_SINK": 0.0, "ENDO": 2, "HYBAS_ID": 2120100710, "MAIN_BAS": 2120014250, "NEXT_DOWN": 2120014250, "NEXT_SINK": 2120100710, "ORDER": 2, "PFAF_ID": 214097306000, "SORT": 136354, "SUB_AREA": 64.7, "UP_AREA": 64.7 }, "geometry": { "type": "Polygon", "coordinates": [ [ [ 7407467.221049140207469, 4520514.872533367015421 ], [ 7407559.347021145746112, 4520151.278947866521776 ], [ 7408033.990877442061901, 4520019.71399179007858 ], [ 7408759.696581446565688, 4519258.488022856414318 ], [ 7409139.392809074372053, 4519153.487327481620014 ], [ 7409488.292603374458849, 4518835.404941418208182 ], [ 7409868.058186222799122, 4518729.940626698546112 ], [ 7410216.634494490921497, 4518411.872478178702295 ], [ 7410948.125158888287842, 4518326.507894943468273 ], [ 7411788.898005412891507, 4517445.877692906185985 ], [ 7412750.269716930575669, 4517625.593725642189384 ], [ 7413061.770131766796112, 4517980.46205722168088 ], [ 7414833.738060147501528, 4518206.350866252556443 ], [ 7415261.439993021078408, 4518693.912967162206769 ], [ 7416220.99474860355258, 4518621.891464206390083 ], [ 7416569.87917935103178, 4518304.104852323420346 ], [ 7417652.945582746528089, 4518238.730452628806233 ], [ 7418132.809642299078405, 4517802.348056243732572 ], [ 7419078.291678064502776, 4517982.006458696909249 ], [ 7419389.128348745405674, 4518337.143371650949121 ], [ 7420809.641587231308222, 4518544.532466980628669 ], [ 7421236.975746016018093, 4519032.473689342848957 ], [ 7422899.740954813547432, 4519001.469279235228896 ], [ 7423260.095177040435374, 4518673.688865339383483 ], [ 7423581.013334194198251, 4519040.530955511145294 ], [ 7424818.432976441457868, 4519174.682196318171918 ], [ 7424756.543713828548789, 4519417.31224955804646 ], [ 7424475.789485075511038, 4519836.463360922411084 ], [ 7424306.59252960793674, 4520901.838020672090352 ], [ 7423819.312083813361824, 4521035.639297462999821 ], [ 7423469.796044362708926, 4521353.091005625203252 ], [ 7422994.825825044885278, 4521483.672187970019877 ], [ 7422901.892720033414662, 4521847.624404220841825 ], [ 7422712.154469958506525, 4521899.779361325316131 ], [ 7422226.197795124724507, 4522374.741913399659097 ], [ 7422039.461530431173742, 4523554.271911982446909 ], [ 7421552.031612399965525, 4523688.183888106606901 ], [ 7420437.292545961216092, 4524901.556743271648884 ], [ 7420115.860231041908264, 4524533.817043761722744 ], [ 7419750.128460639156401, 4524386.904806897975504 ], [ 7419114.436179301701486, 4523549.174791573546827 ], [ 7418749.015428063459694, 4523402.349031048826873 ], [ 7418103.985125610604882, 4522552.791187573224306 ], [ 7417742.851953069679439, 4522881.719731966033578 ], [ 7415255.147758431732655, 4522867.236048582941294 ], [ 7414894.990205935202539, 4523195.347449793480337 ], [ 7414573.914229707792401, 4522828.89990290440619 ], [ 7414116.940822614356875, 4522645.400966539978981 ], [ 7414065.800108039751649, 4522273.309979097917676 ], [ 7413160.739585570991039, 4522183.337715702131391 ], [ 7412888.589049988426268, 4521782.999213043600321 ], [ 7412483.864573177881539, 4521681.940936432220042 ], [ 7412211.652939055114985, 4521281.631605508737266 ], [ 7408495.669261269271374, 4521035.710805606096983 ], [ 7407522.207225956954062, 4520912.397201679646969 ], [ 7407467.221049140207469, 4520514.872533367015421 ] ] ] } },
{ "type": "Feature", "properties": { "id": "00030000000000007a84", "COAST": 0, "DIST_MAIN": 1.0, "DIST_SINK": 0.0, "ENDO": 2, "HYBAS_ID": 2120104100, "MAIN_BAS": 2120014560, "NEXT_DOWN": 2120014560, "NEXT_SINK": 2120104100, "ORDER": 2, "PFAF_ID": 215001200010, "SORT": 136693, "SUB_AREA": 32.0, "UP_AREA": 32.0 }, "geometry": { "type": "Polygon", "coordinates": [ [ [ 7315759.295490071177483, 4456626.100341225042939 ], [ 7316358.684676226228476, 4455923.480111377313733 ], [ 7316549.322861118242145, 4455868.567171152681112 ], [ 7316636.810063659213483, 4455503.639474877156317 ], [ 7317113.446345868520439, 4455366.155399891547859 ], [ 7317460.057241261005402, 4455043.854662800207734 ], [ 7317841.390322511084378, 4454934.098717111162841 ], [ 7318188.052406596019864, 4454611.835208014585078 ], [ 7318923.520593388937414, 4454516.613462127745152 ], [ 7319270.242823540233076, 4454194.390485050156713 ], [ 7319815.041190455667675, 4454154.583164984360337 ], [ 7319795.403129067271948, 4454617.009380307048559 ], [ 7319833.532360196113586, 4454863.878636494278908 ], [ 7320407.226917304098606, 4455786.05242395401001 ], [ 7320505.203149711713195, 4456427.897926463745534 ], [ 7322027.262577732093632, 4456626.645840873941779 ], [ 7322345.241559075191617, 4456977.191125495359302 ], [ 7322884.472597067244351, 4457063.734446357935667 ], [ 7322902.880167588591576, 4457333.568735763430595 ], [ 7323180.350350219756365, 4457732.957963085733354 ], [ 7323178.873051854781806, 4458465.221270111389458 ], [ 7322880.99382614530623, 4458551.033103358931839 ], [ 7322726.66729523614049, 4459617.137062286958098 ], [ 7321702.824815656989813, 4460934.3395442571491 ], [ 7321644.239533827640116, 4461177.09796154499054 ], [ 7321099.899648117832839, 4461217.236940491944551 ], [ 7320752.982033768668771, 4461539.340751739218831 ], [ 7320496.51639788877219, 4461654.250612198375165 ], [ 7320059.426223033107817, 4461172.845364145934582 ], [ 7318627.743073122575879, 4460985.660028699785471 ], [ 7318222.418381853029132, 4460539.417365136556327 ], [ 7318046.16900550853461, 4461269.693908642977476 ], [ 7317682.633283779025078, 4461827.056854131631553 ], [ 7317167.583481246605515, 4461975.734687780030072 ], [ 7316821.261751862242818, 4462298.027312537655234 ], [ 7316630.756802844814956, 4462353.411076853983104 ], [ 7316333.943952698260546, 4462239.834895508363843 ], [ 7316335.445705798454583, 4460951.738141063600779 ], [ 7316525.576123905368149, 4460896.825831413269043 ], [ 7317245.600884068757296, 4460127.527863314375281 ], [ 7317626.705146408639848, 4460017.278297813609242 ], [ 7317973.155374941416085, 4459695.018231263384223 ], [ 7318449.191130995750427, 4459557.614029230549932 ], [ 7318537.116807175800204, 4459193.209307504817843 ], [ 7318499.3933240249753, 4458945.86194911878556 ], [ 7318260.115479530766606, 4458501.222438083030283 ], [ 7318165.565436288714409, 4457882.857813743874431 ], [ 7317887.636892005801201, 4457776.471040512435138 ], [ 7317329.226387473754585, 4457713.756969368085265 ], [ 7317049.459692758508027, 4457317.493325146846473 ], [ 7316491.014548741281033, 4457254.844067854806781 ], [ 7316434.105417761951685, 4456883.836950998753309 ], [ 7315759.295490071177483, 4456626.100341225042939 ] ] ] } },
{ "type": "Feature", "properties": { "id": "00030000000000007aa4", "COAST": 0, "DIST_MAIN": 1.0, "DIST_SINK": 0.0, "ENDO": 2, "HYBAS_ID": 2120106900, "MAIN_BAS": 2120015220, "NEXT_DOWN": 2120015220, "NEXT_SINK": 2120106900, "ORDER": 2, "PFAF_ID": 215001792000, "SORT": 136973, "SUB_AREA": 18.1, "UP_AREA": 18.2 }, "geometry": { "type": "Polygon", "coordinates": [ [ [ 7330381.778778919950128, 4431621.050007338635623 ], [ 7331307.674821613356471, 4430642.652426527813077 ], [ 7331495.144033720716834, 4430581.966108534485102 ], [ 7331515.322374239563942, 4430120.032577031292021 ], [ 7331706.722528328187764, 4430065.466066480614245 ], [ 7332165.820533266291022, 4429641.558596447110176 ], [ 7332360.087508057244122, 4428842.863884835503995 ], [ 7333419.556102922186255, 4428751.057873892597854 ], [ 7333858.033562004566193, 4429233.646044648252428 ], [ 7334322.437593082897365, 4429411.663094132207334 ], [ 7334416.410836384631693, 4430029.769818415865302 ], [ 7334655.916797039099038, 4430475.410102994181216 ], [ 7334608.917324425652623, 4433742.897555042989552 ], [ 7334848.28321485966444, 4434188.057594222016633 ], [ 7334885.725430067628622, 4434435.499076793901622 ], [ 7334791.762954310514033, 4434820.841362029314041 ], [ 7334154.847326540388167, 4434866.074065991677344 ], [ 7334060.928088318556547, 4435251.424673129804432 ], [ 7333424.034718714654446, 4435297.207583462819457 ], [ 7333398.449348411522806, 4434459.126495908945799 ], [ 7332573.219930784776807, 4434264.795188170857728 ], [ 7332245.325269473716617, 4433924.859649495221674 ], [ 7331882.934396374039352, 4433771.721381172537804 ], [ 7331555.001485564745963, 4433431.323907298967242 ], [ 7331102.057263811118901, 4433240.082125876098871 ], [ 7330996.650866005569696, 4432635.413651954382658 ], [ 7330381.778778919950128, 4431621.050007338635623 ] ] ] } },
{ "type": "Feature", "properties": { "id": "00030000000000007ac1", "COAST": 0, "DIST_MAIN": 65.8, "DIST_SINK": 0.0, "ENDO": 2, "HYBAS_ID": 2120109740, "MAIN_BAS": 2120014560, "NEXT_DOWN": 2120638090, "NEXT_SINK": 2120109740, "ORDER": 2, "PFAF_ID": 215001205000, "SORT": 137257, "SUB_AREA": 11.0, "UP_AREA": 11.1 }, "geometry": { "type": "Polygon", "coordinates": [ [ [ 7310156.133881873451173, 4473193.390790085308254 ], [ 7310458.642415070906281, 4473105.358845331706107 ], [ 7311587.900505680590868, 4471646.681260513141751 ], [ 7311740.652392134070396, 4470579.94756893441081 ], [ 7312228.525665491819382, 4470438.748114756308496 ], [ 7312946.914007014594972, 4469669.100911580957472 ], [ 7313137.202587144449353, 4469613.633220543153584 ], [ 7313252.827887085266411, 4468315.97162713482976 ], [ 7313902.327874384820461, 4468256.927970767021179 ], [ 7314197.430014368146658, 4468369.868259147740901 ], [ 7314216.395440050400794, 4470367.28501277975738 ], [ 7314463.47585082333535, 4470827.509845392778516 ], [ 7313805.777970401570201, 4471711.048402179032564 ], [ 7313669.804458583705127, 4472659.569229753687978 ], [ 7313394.495916510932148, 4473082.535055748187006 ], [ 7313336.203137395903468, 4473325.832340628840029 ], [ 7312086.132023426704109, 4473336.532409423030913 ], [ 7311740.131615154445171, 4473659.001427825540304 ], [ 7311360.196404284797609, 4473769.023740041069686 ], [ 7310919.660864954814315, 4474180.239571181125939 ], [ 7310843.668381890282035, 4473684.633507555350661 ], [ 7310136.992824950255454, 4473655.318073505535722 ], [ 7310156.133881873451173, 4473193.390790085308254 ] ] ] } },
{ "type": "Feature", "properties": { "id": "00030000000000007aca", "COAST": 0, "DIST_MAIN": 52.3, "DIST_SINK": 0.0, "ENDO": 2, "HYBAS_ID": 2120111480, "MAIN_BAS": 2120015310, "NEXT_DOWN": 2120631700, "NEXT_SINK": 2120111480, "ORDER": 2, "PFAF_ID": 215001870000, "SORT": 137431, "SUB_AREA": 7.1, "UP_AREA": 7.2 }, "geometry": { "type": "Polygon", "coordinates": [ [ [ 7315269.69732085056603, 4459846.217703361064196 ], [ 7315424.693620626814663, 4458702.311409271322191 ], [ 7315907.274520045146346, 4458219.206297969445586 ], [ 7316097.848202889785171, 4458164.292507233098149 ], [ 7316139.092989552766085, 4457896.504538787528872 ], [ 7316449.376149481162429, 4457522.606659508310258 ], [ 7316491.014548741281033, 4457254.844067854806781 ], [ 7317049.459692758508027, 4457317.493325146846473 ], [ 7317329.226387473754585, 4457713.756969368085265 ], [ 7317887.636892005801201, 4457776.471040512435138 ], [ 7318165.565436288714409, 4457882.857813743874431 ], [ 7318260.115479530766606, 4458501.222438083030283 ], [ 7318499.3933240249753, 4458945.86194911878556 ], [ 7318537.116807175800204, 4459193.209307504817843 ], [ 7318449.191130995750427, 4459557.614029230549932 ], [ 7317973.155374941416085, 4459695.018231263384223 ], [ 7317626.705146408639848, 4460017.278297813609242 ], [ 7317245.600884068757296, 4460127.527863314375281 ], [ 7316525.576123905368149, 4460896.825831413269043 ], [ 7316335.445705798454583, 4460951.738141063600779 ], [ 7316270.835619577206671, 4460530.367386156693101 ], [ 7315851.205384893342853, 4460068.807065546512604 ], [ 7315269.69732085056603, 4459846.217703361064196 ] ] ] } },
{ "type": "Feature", "properties": { "id": "00030000000000007ad0", "COAST": 0, "DIST_MAIN": 1.0, "DIST_SINK": 0.0, "ENDO": 2, "HYBAS_ID": 2120112400, "MAIN_BAS": 2120014560, "NEXT_DOWN": 2120014560, "NEXT_SINK": 2120112400, "ORDER": 2, "PFAF_ID": 215001200020, "SORT": 137523, "SUB_AREA": 5.4, "UP_AREA": 5.4 }, "geometry": { "type": "Polygon", "coordinates": [ [ [ 7319815.041190455667675, 4454154.583164984360337 ], [ 7320019.626721455715597, 4454202.416525146923959 ], [ 7320299.388544051907957, 4454598.788943245075643 ], [ 7321920.992963807657361, 4454707.576230038888752 ], [ 7322629.528365540318191, 4454737.90054546482861 ], [ 7322647.969418872147799, 4455007.739819191396236 ], [ 7322925.548936933279037, 4455407.108201258815825 ], [ 7322884.472597067244351, 4457063.734446357935667 ], [ 7322345.241559075191617, 4456977.191125495359302 ], [ 7322027.262577732093632, 4456626.645840873941779 ], [ 7320505.203149711713195, 4456427.897926463745534 ], [ 7320407.226917304098606, 4455786.05242395401001 ], [ 7319833.532360196113586, 4454863.878636494278908 ], [ 7319795.403129067271948, 4454617.009380307048559 ], [ 7319815.041190455667675, 4454154.583164984360337 ] ] ] } },
{ "type": "Feature", "properties": { "id": "00030000000000007ae2", "COAST": 0, "DIST_MAIN": 52.3, "DIST_SINK": 0.0, "ENDO": 2, "HYBAS_ID": 2120103740, "MAIN_BAS": 2120015310, "NEXT_DOWN": 2120631650, "NEXT_SINK": 2120103740, "ORDER": 3, "PFAF_ID": 215001860000, "SORT": 136657, "SUB_AREA": 35.2, "UP_AREA": 35.2 }, "geometry": { "type": "Polygon", "coordinates": [ [ [ 7285597.599567679688334, 4504441.547326021827757 ], [ 7286293.578999944031239, 4503495.633611167781055 ], [ 7286515.251670463010669, 4500236.218286061659455 ], [ 7286788.158805716782808, 4499812.388991778716445 ], [ 7286863.335648262873292, 4499107.017184508033097 ], [ 7288125.840696008875966, 4499116.782758071087301 ], [ 7288435.374072155915201, 4498744.44554691016674 ], [ 7289904.47272708825767, 4498722.915178475901484 ], [ 7290213.735548563301563, 4498350.632169365882874 ], [ 7290772.172418561764061, 4498333.352496553212404 ], [ 7291056.219507751986384, 4498249.867450627498329 ], [ 7291142.593145635910332, 4497885.234872303903103 ], [ 7291319.919566009193659, 4497963.51294741500169 ], [ 7292085.628742535598576, 4498895.095624662935734 ], [ 7292179.76408265158534, 4500127.21862565074116 ], [ 7292726.003851377405226, 4500368.674721330404282 ], [ 7292838.626249738968909, 4500966.038265158422291 ], [ 7293820.600013959221542, 4502519.126495598815382 ], [ 7292537.567110870964825, 4502639.786652189679444 ], [ 7292181.904775280505419, 4502945.746527946554124 ], [ 7290760.039681605994701, 4503032.503997556865215 ], [ 7290327.984037726186216, 4503404.404159541241825 ], [ 7290102.737434992566705, 4504235.651565871201456 ], [ 7289298.328542466275394, 4504364.192937350831926 ], [ 7288942.885070278309286, 4504670.303205542266369 ], [ 7288576.679751941002905, 4504798.680115840397775 ], [ 7288221.289123378694057, 4505104.818837062455714 ], [ 7287417.018575295805931, 4505233.560369148850441 ], [ 7287316.694245204329491, 4505604.116160494275391 ], [ 7287230.923054390586913, 4505968.808398350141943 ], [ 7286947.215149902738631, 4506052.410709042102098 ], [ 7286670.831575710326433, 4505947.11165882088244 ], [ 7286555.872260770760477, 4505206.142003327608109 ], [ 7286095.162696462124586, 4505030.828555779531598 ], [ 7285597.599567679688334, 4504441.547326021827757 ] ] ] } },
{ "type": "Feature", "properties": { "id": "0003000000000000770e", "COAST": 0, "DIST_MAIN": 0.0, "DIST_SINK": 0.0, "ENDO": 0, "HYBAS_ID": 2120014140, "MAIN_BAS": 2120014140, "NEXT_DOWN": 0, "NEXT_SINK": 2120014140, "ORDER": 1, "PFAF_ID": 214097102100, "SORT": 23507, "SUB_AREA": 119.3, "UP_AREA": 254.1 }, "geometry": { "type": "Polygon", "coordinates": [ [ [ 7348489.913169780746102, 4559732.553288534283638 ], [ 7348659.408644133247435, 4558367.349131143651903 ], [ 7349145.409381940029562, 4558228.003958883695304 ], [ 7349489.832127354107797, 4557907.384250440634787 ], [ 7349982.355600235983729, 4557765.918369404040277 ], [ 7350138.537574115209281, 4555559.22965104971081 ], [ 7350411.945513544604182, 4555666.561789100058377 ], [ 7350501.414907913655043, 4556285.644999946467578 ], [ 7350734.880133154802024, 4556731.675164704211056 ], [ 7350784.400637584738433, 4557688.954477652907372 ], [ 7351672.030171345919371, 4559093.205160909332335 ], [ 7351707.67248151730746, 4559340.842760407365859 ], [ 7351685.366577145643532, 4559802.840839308686554 ], [ 7351886.82606122456491, 4559852.235685521736741 ], [ 7352216.26625267509371, 4560331.248152125626802 ], [ 7352916.121301027946174, 4560286.294000665657222 ], [ 7353226.667928663082421, 4559917.094521242193878 ], [ 7353637.223449570126832, 4559858.17593520693481 ], [ 7354319.508961258456111, 4559043.478659051470459 ], [ 7354730.130507531575859, 4558984.623760539107025 ], [ 7355040.846123270690441, 4558614.996852623298764 ], [ 7355451.471404540352523, 4558556.680313021875918 ], [ 7355762.246240154840052, 4558187.077307010069489 ], [ 7356172.931377543136477, 4558128.302160586230457 ], [ 7356855.65795754827559, 4557313.813349234871566 ], [ 7357061.015342455357313, 4557284.699259901419282 ], [ 7357073.86291999462992, 4557994.379234389401972 ], [ 7357306.876387014053762, 4558440.649541602469981 ], [ 7357355.496651201508939, 4559398.038818528875709 ], [ 7357588.416563468053937, 4559844.815675142221153 ], [ 7357636.618883088231087, 4560801.690579997375607 ], [ 7357869.461234528571367, 4561248.49361836258322 ], [ 7357948.646987779065967, 4561581.136911614798009 ], [ 7357560.96701509039849, 4562173.963450802490115 ], [ 7357801.300845381803811, 4562635.01430388353765 ], [ 7357690.542575858533382, 4566827.971143183298409 ], [ 7357923.16024911776185, 4567274.289013811387122 ], [ 7357967.037141564302146, 4568313.791548484936357 ], [ 7357269.572529757395387, 4568513.50275254342705 ], [ 7357110.110679765231907, 4569579.183897650800645 ], [ 7355720.47534267231822, 4571336.188699842430651 ], [ 7355563.920811986550689, 4572583.994137273170054 ], [ 7355883.214836865663528, 4573197.652206689119339 ], [ 7355896.264048570767045, 4573907.35706773493439 ], [ 7355807.856796362437308, 4575099.013454302214086 ], [ 7355499.758588448166847, 4575471.645944656804204 ], [ 7355414.073360671289265, 4576006.439343725331128 ], [ 7354734.647629871964455, 4576824.019593244418502 ], [ 7354603.745298040099442, 4578283.331919565796852 ], [ 7352781.327878276817501, 4580473.165973920375109 ], [ 7353078.596515418030322, 4580913.095633863471448 ], [ 7353072.367651769891381, 4581645.642873458564281 ], [ 7352723.870202071033418, 4581628.6349355885759 ], [ 7352707.547112536616623, 4581358.104610016569495 ], [ 7352437.118682813830674, 4580957.684978163801134 ], [ 7352420.780092152766883, 4580687.155450161546469 ], [ 7352072.613041991367936, 4580670.202047262340784 ], [ 7352117.593524878844619, 4579745.687410920858383 ], [ 7352199.35749798733741, 4579040.627435510978103 ], [ 7352576.653848353773355, 4578461.024566931650043 ], [ 7352587.867061936296523, 4576279.912973123602569 ], [ 7351703.035349893383682, 4574874.893744907341897 ], [ 7351631.678514999337494, 4574380.072540687397122 ], [ 7351312.112483493052423, 4573766.629717547446489 ], [ 7351445.168136619962752, 4572981.250022064894438 ], [ 7351729.654669460840523, 4572544.843212286010385 ], [ 7351162.395383608527482, 4571605.555919840931892 ], [ 7351225.442831214517355, 4568337.244012338109314 ], [ 7350992.495217550545931, 4567891.163823235780001 ], [ 7350943.280529553070664, 4566933.861923688091338 ], [ 7350374.655996527522802, 4565994.153843155130744 ], [ 7351133.263469318859279, 4564976.677239246666431 ], [ 7351054.857909707352519, 4564622.848223965615034 ], [ 7350821.736282972618937, 4564176.78045744355768 ], [ 7350750.500024508684874, 4563681.51032542064786 ], [ 7350517.326809362508357, 4563235.462185597978532 ], [ 7350420.730144864879549, 4562565.946481970138848 ], [ 7350009.675228772684932, 4562101.932605685666203 ], [ 7349532.153145366348326, 4561913.385621008463204 ], [ 7348882.335387024097145, 4560840.573103309608996 ], [ 7348810.529810767620802, 4560345.317950565367937 ], [ 7348489.913169780746102, 4559732.553288534283638 ] ] ] } },
{ "type": "Feature", "properties": { "id": "0003000000000000770f", "COAST": 0, "DIST_MAIN": 0.0, "DIST_SINK": 0.0, "ENDO": 0, "HYBAS_ID": 2120014160, "MAIN_BAS": 2120014160, "NEXT_DOWN": 0, "NEXT_SINK": 2120014160, "ORDER": 1, "PFAF_ID": 214097104000, "SORT": 23510, "SUB_AREA": 198.0, "UP_AREA": 198.0 }, "geometry": { "type": "Polygon", "coordinates": [ [ [ 7356198.502462593838573, 4552966.940448117442429 ], [ 7356547.111254668794572, 4552403.338281562551856 ], [ 7356696.780471273697913, 4551466.586133599281311 ], [ 7356964.438895602710545, 4551033.415589340031147 ], [ 7357153.355747615918517, 4549502.096461446024477 ], [ 7357980.24514112342149, 4549384.380588363856077 ], [ 7358333.134338119067252, 4549075.903659516945481 ], [ 7358702.665897027589381, 4548956.685556675307453 ], [ 7359428.078150074928999, 4548202.926487082615495 ], [ 7359613.070964891463518, 4548143.099968693219125 ], [ 7359895.926138028502464, 4548062.812641639262438 ], [ 7359985.572411895729601, 4547698.304634857922792 ], [ 7361217.914758287370205, 4547822.057258436456323 ], [ 7361529.701102135702968, 4548174.651359154842794 ], [ 7361986.258755899965763, 4548354.933983055874705 ], [ 7362074.954459398053586, 4548974.205811317078769 ], [ 7362308.066137524321675, 4549420.635530256666243 ], [ 7362310.060888935811818, 4551302.572292794473469 ], [ 7363523.157067092135549, 4553187.707792203873396 ], [ 7363594.140237652696669, 4553683.160690595395863 ], [ 7363826.964726250618696, 4554129.653705297969282 ], [ 7363918.435969172976911, 4554769.950300454162061 ], [ 7364538.465567881241441, 4554874.296316999010742 ], [ 7364400.262478902004659, 4556619.389153358526528 ], [ 7363908.051833157427609, 4556759.447208414785564 ], [ 7363478.334574903361499, 4557158.035825203172863 ], [ 7363299.558878080919385, 4557675.759467070922256 ], [ 7363619.476703906431794, 4558289.7535191019997 ], [ 7363689.98944572918117, 4558784.701608560979366 ], [ 7363922.575400889851153, 4559231.712447040714324 ], [ 7363901.017598196864128, 4561575.733047284185886 ], [ 7364133.497099855914712, 4562022.263752955943346 ], [ 7364212.020995690487325, 4562354.972787478938699 ], [ 7363833.112160618416965, 4562934.083016862161458 ], [ 7363721.421979026868939, 4563257.281717108562589 ], [ 7364040.984749728813767, 4563871.317151318304241 ], [ 7364088.20362601429224, 4564828.790465640835464 ], [ 7364320.533918150700629, 4565275.335501870140433 ], [ 7364391.211804476566613, 4565770.815401764586568 ], [ 7365926.341902745887637, 4568136.592736642807722 ], [ 7365864.22937042824924, 4571263.733164502307773 ], [ 7365114.334626690484583, 4572265.921222691424191 ], [ 7364994.469190285541117, 4572751.841408829204738 ], [ 7364718.867081390693784, 4573172.902780462056398 ], [ 7364589.416949175298214, 4574802.43059082236141 ], [ 7364384.482737789861858, 4574831.302473473362625 ], [ 7363889.565366731025279, 4575420.883840757422149 ], [ 7363802.681188093498349, 4575959.543877161107957 ], [ 7363463.550983424298465, 4576368.024635909125209 ], [ 7363760.065507375635207, 4576808.400379108265042 ], [ 7363776.047890810295939, 4577078.479523620568216 ], [ 7363575.472825969569385, 4577029.239119668491185 ], [ 7363303.039531581103802, 4576630.737866626121104 ], [ 7362405.281060947105289, 4576546.610666421242058 ], [ 7360822.814321498386562, 4576530.608527754433453 ], [ 7360478.949153948575258, 4576850.696935082785785 ], [ 7360102.663431358523667, 4576958.432606188580394 ], [ 7359758.856577044352889, 4577278.555083191022277 ], [ 7358459.927938394248486, 4577340.117630398832262 ], [ 7358032.969032717868686, 4576855.859036454930902 ], [ 7357232.08259807806462, 4576674.012703542597592 ], [ 7357141.479542718268931, 4576039.299872677773237 ], [ 7356909.188825561664999, 4575592.98259957972914 ], [ 7356838.586915571242571, 4575097.611583401449025 ], [ 7356190.881045700982213, 4574023.965951787307858 ], [ 7355896.264048570767045, 4573907.35706773493439 ], [ 7355883.214836865663528, 4573197.652206689119339 ], [ 7355563.920811986550689, 4572583.994137273170054 ], [ 7355720.47534267231822, 4571336.188699842430651 ], [ 7357110.110679765231907, 4569579.183897650800645 ], [ 7357269.572529757395387, 4568513.50275254342705 ], [ 7357967.037141564302146, 4568313.791548484936357 ], [ 7357923.16024911776185, 4567274.289013811387122 ], [ 7357690.542575858533382, 4566827.971143183298409 ], [ 7357801.300845381803811, 4562635.01430388353765 ], [ 7357560.96701509039849, 4562173.963450802490115 ], [ 7357948.646987779065967, 4561581.136911614798009 ], [ 7357869.461234528571367, 4561248.49361836258322 ], [ 7357636.618883088231087, 4560801.690579997375607 ], [ 7357588.416563468053937, 4559844.815675142221153 ], [ 7357355.496651201508939, 4559398.038818528875709 ], [ 7357306.876387014053762, 4558440.649541602469981 ], [ 7357073.86291999462992, 4557994.379234389401972 ], [ 7357061.015342455357313, 4557284.699259901419282 ], [ 7357337.949566105380654, 4557195.132227512076497 ], [ 7357496.726626071147621, 4556602.442661671899259 ], [ 7357877.113091882318258, 4555986.916128416545689 ], [ 7357833.160538374446332, 4554765.484625763259828 ], [ 7357609.187474069185555, 4554308.244884992018342 ], [ 7357494.033561675809324, 4553611.891943291760981 ], [ 7357092.971445421688259, 4553184.684601603075862 ], [ 7356198.502462593838573, 4552966.940448117442429 ] ] ] } },
{ "type": "Feature", "properties": { "id": "00030000000000007710", "COAST": 0, "DIST_MAIN": 0.0, "DIST_SINK": 0.0, "ENDO": 0, "HYBAS_ID": 2120014190, "MAIN_BAS": 2120014190, "NEXT_DOWN": 0, "NEXT_SINK": 2120014190, "ORDER": 1, "PFAF_ID": 214097200100, "SORT": 23513, "SUB_AREA": 118.2, "UP_AREA": 426.8 }, "geometry": { "type": "Polygon", "coordinates": [ [ [ 7378910.56693004257977, 4547180.969453489407897 ], [ 7379379.780838713049889, 4546469.22342370916158 ], [ 7380006.492111566476524, 4546292.429569210857153 ], [ 7380148.21664763148874, 4544547.391621945425868 ], [ 7380421.724610729143023, 4544656.343220700509846 ], [ 7380533.74245326500386, 4545450.327546559274197 ], [ 7380943.7929916838184, 4545916.088582474738359 ], [ 7381308.86947426199913, 4546061.589643550105393 ], [ 7383900.43780103046447, 4549779.027602349407971 ], [ 7384615.044688825495541, 4549942.597219047136605 ], [ 7385251.471275058574975, 4550776.757663042284548 ], [ 7385965.932764763012528, 4550940.965825490653515 ], [ 7386392.666594254784286, 4551426.844328483566642 ], [ 7389533.953315114602447, 4551464.208064194768667 ], [ 7389632.185440523549914, 4551072.573851639404893 ], [ 7391936.994984922930598, 4551156.171368530020118 ], [ 7392250.031231863424182, 4550787.988450946286321 ], [ 7394205.241229650564492, 4550854.017599278129637 ], [ 7394744.098966577090323, 4550820.100567361339927 ], [ 7395103.302797182463109, 4550490.236230095848441 ], [ 7396499.884699175134301, 4552444.312660424038768 ], [ 7396588.313997986726463, 4553083.701297340914607 ], [ 7397589.005299772135913, 4554673.755401376634836 ], [ 7398733.959248746745288, 4554872.171248543076217 ], [ 7399368.412774570286274, 4555707.704511490650475 ], [ 7399732.346644558012486, 4555854.16555470880121 ], [ 7400366.585578077472746, 4556689.797388886101544 ], [ 7401080.32768115773797, 4556855.050751778297126 ], [ 7402686.35994178801775, 4559135.818045024760067 ], [ 7403141.484082388691604, 4559318.783258154988289 ], [ 7403192.18746611662209, 4559690.775790017098188 ], [ 7402889.622967503033578, 4559775.266568294726312 ], [ 7402766.167195474728942, 4561058.107188166119158 ], [ 7402416.894151786342263, 4561038.802899298258126 ], [ 7402442.423015519976616, 4560576.746307355351746 ], [ 7401542.196711928583682, 4560487.373072905465961 ], [ 7401271.266707480885088, 4560087.386781466193497 ], [ 7400169.642580529674888, 4559948.397082597017288 ], [ 7399898.618343005888164, 4559548.466119848191738 ], [ 7399495.971219188533723, 4559447.981535241007805 ], [ 7399224.885451395995915, 4559048.087116088718176 ], [ 7398123.510110316798091, 4558908.944128451868892 ], [ 7397851.952795745804906, 4558509.084292721934617 ], [ 7397449.602710309438407, 4558408.739812602289021 ], [ 7396529.474749716930091, 4557046.28816248383373 ], [ 7391292.055740831419826, 4556684.490505597554147 ], [ 7390915.197589952498674, 4557128.147428938187659 ], [ 7388816.003375315107405, 4557094.289607034064829 ], [ 7388488.577924917452037, 4556613.48792459256947 ], [ 7387386.830589432269335, 4556476.007522814907134 ], [ 7387114.631920015439391, 4556076.59723640512675 ], [ 7386712.068667655810714, 4555976.860641393810511 ], [ 7386440.186655406840146, 4555577.499805372208357 ], [ 7386037.220885591581464, 4555477.787577320821583 ], [ 7385278.66509248316288, 4554359.242640804499388 ], [ 7385247.349420480430126, 4553814.901470622979105 ], [ 7384816.12643491383642, 4553174.07126094866544 ], [ 7383771.093544748611748, 4553040.681542072445154 ], [ 7383394.613515065982938, 4553484.208172894082963 ], [ 7382983.301441673189402, 4553540.995398835279047 ], [ 7382670.87329013645649, 4553909.529776118695736 ], [ 7382259.947285136207938, 4553966.86714135389775 ], [ 7381947.191779708489776, 4554335.422353587113321 ], [ 7381536.326332436874509, 4554392.301279055885971 ], [ 7381223.629695864394307, 4554760.872375975362957 ], [ 7380319.027065298520029, 4554752.856553765945137 ], [ 7380403.422917569056153, 4554047.946300586685538 ], [ 7380756.730269269086421, 4553511.811639232560992 ], [ 7380391.289558928459883, 4553366.275490278378129 ], [ 7380415.364294500090182, 4552904.249651624821126 ], [ 7380232.987172342836857, 4552831.749664313159883 ], [ 7379474.515404501929879, 4551820.110689814202487 ], [ 7379451.100610963068902, 4550290.681181576102972 ], [ 7379219.007608450949192, 4549843.637425997294486 ], [ 7379197.302466172724962, 4548423.437020021490753 ], [ 7378965.121530612930655, 4547976.408008088357747 ], [ 7378910.56693004257977, 4547180.969453489407897 ] ] ] } },
{ "type": "Feature", "properties": { "id": "00030000000000007711", "COAST": 0, "DIST_MAIN": 0.0, "DIST_SINK": 0.0, "ENDO": 0, "HYBAS_ID": 2120014210, "MAIN_BAS": 2120014210, "NEXT_DOWN": 0, "NEXT_SINK": 2120014210, "ORDER": 1, "PFAF_ID": 214097302100, "SORT": 23517, "SUB_AREA": 59.4, "UP_AREA": 423.5 }, "geometry": { "type": "Polygon", "coordinates": [ [ [ 7394205.241229650564492, 4550854.017599278129637 ], [ 7394310.669146785512567, 4550020.749282028526068 ], [ 7395021.369847443886101, 4549921.695877550169826 ], [ 7395450.844520199112594, 4550390.461216017603874 ], [ 7396858.335462799295783, 4550601.223124616779387 ], [ 7397500.229948052205145, 4551428.974969986826181 ], [ 7398207.711488044820726, 4551601.968077866360545 ], [ 7398524.546007919125259, 4551948.20258454978466 ], [ 7399231.939383335411549, 4552121.793025679886341 ], [ 7399873.455954967066646, 4552949.291810275055468 ], [ 7400930.375971391797066, 4553142.217498388141394 ], [ 7401377.03434319421649, 4553630.202304442413151 ], [ 7401797.909650127403438, 4553412.203407052904367 ], [ 7402112.375953326001763, 4552917.935612894594669 ], [ 7402176.58292683865875, 4552679.325936478562653 ], [ 7402526.258624312467873, 4552698.585894307121634 ], [ 7402570.638296824879944, 4552431.593083767220378 ], [ 7403321.607096461579204, 4551542.63103955052793 ], [ 7403313.314970539882779, 4550617.741420784033835 ], [ 7403044.018121198751032, 4550215.341563398018479 ], [ 7403167.013493726961315, 4546900.52573938947171 ], [ 7402897.560924406163394, 4546497.6551424395293 ], [ 7403035.432824249379337, 4543453.619429557584226 ], [ 7403217.902476206421852, 4543526.684091370552778 ], [ 7404177.649226410314441, 4544844.417563390918076 ], [ 7404633.321039761416614, 4545027.391219144687057 ], [ 7404718.583903640508652, 4545647.408779214136302 ], [ 7404949.408822625875473, 4546095.355569187551737 ], [ 7404983.791852017864585, 4546343.388388346880674 ], [ 7404793.740414529107511, 4550312.051948991604149 ], [ 7405062.950082861818373, 4550714.515997478738427 ], [ 7404938.466838520951569, 4554029.346345525234938 ], [ 7405531.767055477015674, 4554913.817829115316272 ], [ 7405483.893073893152177, 4556842.011263066902757 ], [ 7405752.764261004514992, 4557244.528892416507006 ], [ 7405638.700543235056102, 4559826.563200435601175 ], [ 7405339.152479411102831, 4559910.133641256019473 ], [ 7405237.924571538344026, 4560731.732640289701521 ], [ 7404888.250128481537104, 4560712.285019800066948 ], [ 7404939.640750203281641, 4559787.674803051166236 ], [ 7403192.18746611662209, 4559690.775790017098188 ], [ 7403141.484082388691604, 4559318.783258154988289 ], [ 7402686.35994178801775, 4559135.818045024760067 ], [ 7401080.32768115773797, 4556855.050751778297126 ], [ 7400366.585578077472746, 4556689.797388886101544 ], [ 7399732.346644558012486, 4555854.16555470880121 ], [ 7399368.412774570286274, 4555707.704511490650475 ], [ 7398733.959248746745288, 4554872.171248543076217 ], [ 7397589.005299772135913, 4554673.755401376634836 ], [ 7396588.313997986726463, 4553083.701297340914607 ], [ 7396499.884699175134301, 4552444.312660424038768 ], [ 7395103.302797182463109, 4550490.236230095848441 ], [ 7394744.098966577090323, 4550820.100567361339927 ], [ 7394205.241229650564492, 4550854.017599278129637 ] ] ] } },
{ "type": "Feature", "properties": { "id": "00030000000000007712", "COAST": 0, "DIST_MAIN": 0.0, "DIST_SINK": 0.0, "ENDO": 0, "HYBAS_ID": 2120014230, "MAIN_BAS": 2120014230, "NEXT_DOWN": 0, "NEXT_SINK": 2120014230, "ORDER": 1, "PFAF_ID": 214097304100, "SORT": 23521, "SUB_AREA": 28.2, "UP_AREA": 299.4 }, "geometry": { "type": "Polygon", "coordinates": [ [ [ 7404983.791852017864585, 4546343.388388346880674 ], [ 7405276.475884445011616, 4546460.822741651907563 ], [ 7405214.09134023822844, 4549384.077353684231639 ], [ 7405444.722972004674375, 4549832.063369864597917 ], [ 7405534.136811343021691, 4550482.113256713375449 ], [ 7406269.480144375003874, 4551451.912918967194855 ], [ 7406633.576341486535966, 4551598.211703076958656 ], [ 7407028.693761328235269, 4552050.464301333762705 ], [ 7407151.578748169355094, 4551564.043063180521131 ], [ 7407501.324423637241125, 4551583.546405212022364 ], [ 7407527.09751883149147, 4551121.49109538923949 ], [ 7407876.86480719409883, 4551141.006668638437986 ], [ 7407930.798111942596734, 4551534.068430004641414 ], [ 7408550.934657330624759, 4551642.172307028435171 ], [ 7408334.53181052301079, 4554658.218516441993415 ], [ 7408046.706426289863884, 4555091.7317760810256 ], [ 7408284.373352907598019, 4555554.635826210491359 ], [ 7408274.334384594112635, 4557437.379995686002076 ], [ 7408504.450941978022456, 4557885.492687361314893 ], [ 7408555.554052175953984, 4558681.385061104781926 ], [ 7408172.356788947246969, 4559258.404815413989127 ], [ 7408049.889544362202287, 4559743.341206528246403 ], [ 7407637.35270894318819, 4560323.207775919698179 ], [ 7406731.717516861855984, 4560429.901447838172317 ], [ 7406635.859314302913845, 4560809.642643824219704 ], [ 7406286.188143779523671, 4560790.129002192057669 ], [ 7406311.987518923357129, 4560327.575103165581822 ], [ 7406258.126029826700687, 4559934.515794118866324 ], [ 7405638.700543235056102, 4559826.563200435601175 ], [ 7405752.764261004514992, 4557244.528892416507006 ], [ 7405483.893073893152177, 4556842.011263066902757 ], [ 7405531.767055477015674, 4554913.817829115316272 ], [ 7404938.466838520951569, 4554029.346345525234938 ], [ 7405062.950082861818373, 4550714.515997478738427 ], [ 7404793.740414529107511, 4550312.051948991604149 ], [ 7404983.791852017864585, 4546343.388388346880674 ] ] ] } },
{ "type": "Feature", "properties": { "id": "0003000000000000771e", "COAST": 0, "DIST_MAIN": 0.0, "DIST_SINK": 0.0, "ENDO": 0, "HYBAS_ID": 2120014490, "MAIN_BAS": 2120014490, "NEXT_DOWN": 0, "NEXT_SINK": 2120014490, "ORDER": 1, "PFAF_ID": 214098010000, "SORT": 23562, "SUB_AREA": 241.4, "UP_AREA": 3072.0 }, "geometry": { "type": "Polygon", "coordinates": [ [ [ 7396664.042001250199974, 4505092.111519621685147 ], [ 7396854.293447486124933, 4505039.290242974646389 ], [ 7397579.894506766460836, 4504276.958034084178507 ], [ 7398072.893971390090883, 4504139.693741735070944 ], [ 7399216.888734218664467, 4502693.496310640126467 ], [ 7399363.903552151285112, 4501745.890906023792922 ], [ 7399643.60789408069104, 4501325.849054043181241 ], [ 7399815.95199747569859, 4499915.743260427378118 ], [ 7400095.738160948269069, 4499495.716367756016552 ], [ 7400242.851556130684912, 4498548.117392941378057 ], [ 7400522.698112660087645, 4498128.099548140540719 ], [ 7400644.954300549812615, 4497642.543103229254484 ], [ 7400924.84712606202811, 4497222.535578106530011 ], [ 7401047.482661067508161, 4496737.493605613708496 ], [ 7402082.543046807870269, 4495430.545414386317134 ], [ 7402235.671826899982989, 4494824.121240482665598 ], [ 7402846.1972745526582, 4494654.732446194626391 ], [ 7403319.948930351063609, 4493944.139086159877479 ], [ 7403266.928976198658347, 4493148.432485442608595 ], [ 7403026.246389120817184, 4492685.897057773545384 ], [ 7403420.172507613897324, 4492095.002749970182776 ], [ 7403442.21612293459475, 4489912.709250282496214 ], [ 7402881.24845214933157, 4488983.356689493171871 ], [ 7402786.821276167407632, 4488312.947477665729821 ], [ 7402374.156666277907789, 4487846.134202956221998 ], [ 7401484.673679728992283, 4487735.169970644637942 ], [ 7401131.53375082463026, 4487716.156851700507104 ], [ 7400778.766615837812424, 4487697.181255949661136 ], [ 7400719.300869558006525, 4487274.273025367408991 ], [ 7400306.456972767598927, 4486807.590603294782341 ], [ 7399830.926291840150952, 4486618.860328502953053 ], [ 7399807.127712356857955, 4484970.5374337406829 ], [ 7399370.995251944288611, 4484439.673889227211475 ], [ 7399187.316812274977565, 4484366.843749281950295 ], [ 7399286.099704222753644, 4483554.568887022323906 ], [ 7400854.354239297099411, 4481761.112045790068805 ], [ 7402423.319635142572224, 4479967.940516155213118 ], [ 7402804.780143906362355, 4479862.48003154527396 ], [ 7403154.893718645907938, 4479543.999021311290562 ], [ 7403631.876409186981618, 4479411.967897886410356 ], [ 7403828.639271262101829, 4478633.762788828462362 ], [ 7404300.942866330035031, 4478203.839825592003763 ], [ 7404742.376264650374651, 4478702.519927138462663 ], [ 7405353.144799332134426, 4478609.100530514493585 ], [ 7405703.43519570119679, 4478290.723351855762303 ], [ 7406196.740808928385377, 4478154.271012057550251 ], [ 7406384.355705497786403, 4476627.906554185785353 ], [ 7406665.157608205452561, 4476208.048665888607502 ], [ 7406826.096229564398527, 4475571.8056316152215 ], [ 7407671.783181896433234, 4474689.026504701934755 ], [ 7408053.603581060655415, 4474583.803318673744798 ], [ 7408403.802226521074772, 4474265.51853749807924 ], [ 7408786.06532967928797, 4474159.86012727022171 ], [ 7409136.313132118433714, 4473841.59597544092685 ], [ 7409327.445609929971397, 4473789.029692127369344 ], [ 7409533.794922056607902, 4473840.00246355868876 ], [ 7409968.949591713957489, 4474481.546971109695733 ], [ 7409999.470280018635094, 4475026.032652175985277 ], [ 7411448.200924585573375, 4477149.316615025512874 ], [ 7411795.952898165211082, 4476745.699337543919683 ], [ 7412003.541569312103093, 4476717.435944275930524 ], [ 7411958.841036179102957, 4476984.896595482714474 ], [ 7411644.006750685162842, 4477355.586051130667329 ], [ 7411599.338286057114601, 4477622.56323425937444 ], [ 7411614.411898547783494, 4477893.314960633404553 ], [ 7411886.639700965955853, 4478295.832661142572761 ], [ 7411713.312580560334027, 4482535.19128424488008 ], [ 7412011.945012051612139, 4482977.400476486422122 ], [ 7411634.087672399356961, 4483421.992274682968855 ], [ 7412099.23063259664923, 4484102.148874877020717 ], [ 7412505.709604915231466, 4484203.002010666765273 ], [ 7412779.628324772231281, 4484603.204094265587628 ], [ 7413186.428633381612599, 4484704.612340067513287 ], [ 7413787.971808154135942, 4485586.475686392746866 ], [ 7413990.976449671201408, 4485636.943492909893394 ], [ 7414042.716550123877823, 4486008.996014012023807 ], [ 7414502.106458023190498, 4486192.312140914611518 ], [ 7414815.125201319344342, 4486547.148967643268406 ], [ 7415291.895849829539657, 4486737.434255681931973 ], [ 7415291.071315597742796, 4488595.786667653359473 ], [ 7414527.431668170727789, 4489593.86984689719975 ], [ 7414399.646122626960278, 4490161.393249862827361 ], [ 7415087.386722829192877, 4490435.893200589343905 ], [ 7415068.559373619034886, 4491725.057447358965874 ], [ 7414975.965283346362412, 4492088.596290146000683 ], [ 7414499.448534952476621, 4492219.86051678750664 ], [ 7414038.385311048477888, 4492638.822994251735508 ], [ 7413835.322787172161043, 4493437.372215746901929 ], [ 7412658.787583403289318, 4493508.995311337523162 ], [ 7412308.752151310443878, 4493827.015632800757885 ], [ 7411346.161708269268274, 4493899.782584367319942 ], [ 7410916.884554374031723, 4493412.602326499298215 ], [ 7410549.420648409053683, 4493265.790459550917149 ], [ 7410236.941948543302715, 4492911.151296782307327 ], [ 7408935.173138552345335, 4492713.483565381728113 ], [ 7408454.96746027469635, 4493150.544939623214304 ], [ 7407015.663600367493927, 4493198.21453929040581 ], [ 7405910.422660894691944, 4494402.560216479934752 ], [ 7405529.215993778780103, 4494507.797086214646697 ], [ 7405068.844465763308108, 4494927.267888917587698 ], [ 7404902.919964457862079, 4495583.574736473150551 ], [ 7404622.71464404463768, 4496003.944750410504639 ], [ 7404500.207247905433178, 4496488.968097416684031 ], [ 7404220.055814113467932, 4496909.347387906163931 ], [ 7404072.076976840384305, 4497856.389550816267729 ], [ 7403414.621171601116657, 4498719.679186035878956 ], [ 7403299.486265808343887, 4499063.707299248315394 ], [ 7403947.907293071039021, 4500139.371678406372666 ], [ 7404017.362642019987106, 4500635.328477782197297 ], [ 7404250.125564903952181, 4501083.134536443278193 ], [ 7404277.659026183187962, 4502340.894114602357149 ], [ 7403893.099554092623293, 4502918.319281255826354 ], [ 7403719.961242888122797, 4504327.896596242673695 ], [ 7403351.191380278207362, 4504881.376119515858591 ], [ 7402741.444476502016187, 4505050.661771204322577 ], [ 7402649.474802096374333, 4505414.799966803751886 ], [ 7401057.883473536930978, 4505265.509772039018571 ], [ 7400745.233688801527023, 4504911.230368182994425 ], [ 7400502.218103893101215, 4504771.584203846752644 ], [ 7400023.184886551462114, 4505209.604713466018438 ], [ 7399290.69551304448396, 4505296.127809784375131 ], [ 7398941.766103350557387, 4505614.70067988242954 ], [ 7398209.34462973382324, 4505701.32639086432755 ], [ 7397849.704066936857998, 4506030.784132325090468 ], [ 7397527.018636772409081, 4505664.705241826362908 ], [ 7396718.509004973806441, 4505479.500807054340839 ], [ 7396664.042001250199974, 4505092.111519621685147 ] ] ] } },
{ "type": "Feature", "properties": { "id": "0003000000000000771f", "COAST": 0, "DIST_MAIN": 0.0, "DIST_SINK": 0.0, "ENDO": 0, "HYBAS_ID": 2120014510, "MAIN_BAS": 2120014510, "NEXT_DOWN": 0, "NEXT_SINK": 2120014510, "ORDER": 1, "PFAF_ID": 214099002110, "SORT": 23583, "SUB_AREA": 123.4, "UP_AREA": 1555.0 }, "geometry": { "type": "Polygon", "coordinates": [ [ [ 7393817.741800164803863, 4485471.970876912586391 ], [ 7393931.700384171679616, 4484310.788245819509029 ], [ 7394581.187385926023126, 4483435.340328690595925 ], [ 7394743.636697934940457, 4482842.710012298077345 ], [ 7395303.617258362472057, 4482666.479554583318532 ], [ 7395466.483220301568508, 4482074.377582624554634 ], [ 7395738.394899537786841, 4481642.325368035584688 ], [ 7395934.399101227521896, 4480110.956730001606047 ], [ 7396770.32598570547998, 4479997.548915842548013 ], [ 7397127.888257680460811, 4479690.122757881879807 ], [ 7397728.280905519612134, 4479501.304172649048269 ], [ 7397652.808529107831419, 4478945.65587857645005 ], [ 7397428.051998130977154, 4478487.236349081620574 ], [ 7397461.919219325296581, 4476857.957560813054442 ], [ 7397519.995458828285336, 4475200.706998278386891 ], [ 7397246.929903399199247, 4474798.77861197385937 ], [ 7397280.3737534545362, 4473603.558027666993439 ], [ 7397824.820427378639579, 4473569.45648527238518 ], [ 7398285.816797344014049, 4473149.481501252390444 ], [ 7398482.028596410527825, 4472371.663277562707663 ], [ 7398959.32575370464474, 4472239.31407442688942 ], [ 7399687.733092673122883, 4471476.972235168330371 ], [ 7400069.543088849633932, 4471371.340861522592604 ], [ 7400914.727034354582429, 4470487.833532704040408 ], [ 7401105.986434272490442, 4469730.114267883822322 ], [ 7401583.501906071789563, 4469597.92599577549845 ], [ 7402312.38487528078258, 4468836.294425636529922 ], [ 7404172.674528054893017, 4468810.300676062703133 ], [ 7404247.762265459634364, 4469340.727936844341457 ], [ 7404307.355421441607177, 4469763.660409206524491 ], [ 7404778.371609351597726, 4470295.112068594433367 ], [ 7405247.73193525057286, 4469640.779059228487313 ], [ 7405401.270787191577256, 4469034.378752595745027 ], [ 7405878.936630505137146, 4468902.450505645014346 ], [ 7406293.568898428231478, 4468525.516297907568514 ], [ 7406689.273997478187084, 4469226.66799134388566 ], [ 7406780.851989786140621, 4469876.61537575442344 ], [ 7407525.988322626799345, 4470845.859155525453389 ], [ 7407894.669213691726327, 4470992.436440126039088 ], [ 7408546.29319298826158, 4471840.633693161420524 ], [ 7408908.998370926827192, 4471511.123679422773421 ], [ 7409100.188890293240547, 4471458.542846540920436 ], [ 7409074.964074424467981, 4471920.581279206089675 ], [ 7409029.987665681168437, 4472188.039904748089612 ], [ 7408684.348395254462957, 4472594.877894874662161 ], [ 7409312.258963896892965, 4473518.286902857013047 ], [ 7409327.445609929971397, 4473789.029692127369344 ], [ 7409136.313132118433714, 4473841.59597544092685 ], [ 7408786.06532967928797, 4474159.86012727022171 ], [ 7408403.802226521074772, 4474265.51853749807924 ], [ 7408053.603581060655415, 4474583.803318673744798 ], [ 7407671.783181896433234, 4474689.026504701934755 ], [ 7406826.096229564398527, 4475571.8056316152215 ], [ 7406665.157608205452561, 4476208.048665888607502 ], [ 7406384.355705497786403, 4476627.906554185785353 ], [ 7406196.740808928385377, 4478154.271012057550251 ], [ 7405703.43519570119679, 4478290.723351855762303 ], [ 7405353.144799332134426, 4478609.100530514493585 ], [ 7404742.376264650374651, 4478702.519927138462663 ], [ 7404300.942866330035031, 4478203.839825592003763 ], [ 7403828.639271262101829, 4478633.762788828462362 ], [ 7403631.876409186981618, 4479411.967897886410356 ], [ 7403154.893718645907938, 4479543.999021311290562 ], [ 7402804.780143906362355, 4479862.48003154527396 ], [ 7402423.319635142572224, 4479967.940516155213118 ], [ 7400854.354239297099411, 4481761.112045790068805 ], [ 7399286.099704222753644, 4483554.568887022323906 ], [ 7399187.316812274977565, 4484366.843749281950295 ], [ 7399095.465818316675723, 4484731.018635495565832 ], [ 7398618.91840947791934, 4484863.303390893153846 ], [ 7397513.85263454914093, 4486068.358224498108029 ], [ 7397132.772483644075692, 4486174.553367042914033 ], [ 7396783.580692616291344, 4486493.301457514986396 ], [ 7395804.227740777656436, 4486567.264069139026105 ], [ 7395060.714397965930402, 4485600.700200399383903 ], [ 7393817.741800164803863, 4485471.970876912586391 ] ] ] } },
{ "type": "Feature", "properties": { "id": "00030000000000007720", "COAST": 0, "DIST_MAIN": 0.0, "DIST_SINK": 0.0, "ENDO": 0, "HYBAS_ID": 2120014530, "MAIN_BAS": 2120014530, "NEXT_DOWN": 0, "NEXT_SINK": 2120014530, "ORDER": 1, "PFAF_ID": 214099004110, "SORT": 23595, "SUB_AREA": 145.8, "UP_AREA": 649.4 }, "geometry": { "type": "Polygon", "coordinates": [ [ [ 7383168.646024572663009, 4471669.004375535063446 ], [ 7383251.951062884181738, 4471212.528953031636775 ], [ 7383565.413295484147966, 4470841.231224349699914 ], [ 7383653.111054588109255, 4470306.625104830600321 ], [ 7383997.344805267639458, 4469898.735865872353315 ], [ 7383696.55525584705174, 4469457.809258389286697 ], [ 7383680.041972062550485, 4469187.165536066517234 ], [ 7383887.984047268517315, 4469158.62837219145149 ], [ 7384581.018146736547351, 4468345.566609782166779 ], [ 7387475.792013674043119, 4468416.200724153779447 ], [ 7387976.778595043346286, 4467824.113761167041957 ], [ 7388020.995793580077589, 4467556.581949547864497 ], [ 7388307.210633359849453, 4467477.152363518252969 ], [ 7388495.210320096462965, 4466728.032869674265385 ], [ 7389765.46573194488883, 4466646.597435051575303 ], [ 7389966.091740106232464, 4465847.560455578379333 ], [ 7390426.987950903363526, 4465427.103589198552072 ], [ 7390808.904305842705071, 4465320.991884715855122 ], [ 7391170.177310378290713, 4464991.610385701991618 ], [ 7391495.2730952790007, 4465356.7545444983989 ], [ 7392572.048951212316751, 4465538.968377548269928 ], [ 7393318.293071611784399, 4466505.092819169163704 ], [ 7394653.894187732599676, 4466449.221020937897265 ], [ 7395382.265285532921553, 4465686.457999289035797 ], [ 7395764.272050596773624, 4465580.58795247413218 ], [ 7396245.485256775282323, 4465142.668717767111957 ], [ 7396843.82010037265718, 4465300.265509642660618 ], [ 7397158.616239519789815, 4465654.225061233155429 ], [ 7397527.350806323811412, 4465799.740620428696275 ], [ 7397852.102665561251342, 4466165.676905677653849 ], [ 7398213.725828255526721, 4465836.123644181527197 ], [ 7398595.778931771405041, 4465730.399499487131834 ], [ 7398946.240838093683124, 4465411.687136027030647 ], [ 7399491.283179775811732, 4465377.67142335511744 ], [ 7400036.343554676510394, 4465343.693261438049376 ], [ 7400398.101220401935279, 4465014.235428818501532 ], [ 7400733.528802364133298, 4465392.286130599677563 ], [ 7401473.50722280703485, 4464619.221416040323675 ], [ 7402297.896109749563038, 4464521.955273580737412 ], [ 7403093.774087299592793, 4463498.015203059650958 ], [ 7403259.619565636850893, 4462432.862786474637687 ], [ 7403558.99319508112967, 4462350.205260595306754 ], [ 7403549.671541959047318, 4463082.943373136222363 ], [ 7404481.398799948394299, 4464447.745171943679452 ], [ 7404512.464020277373493, 4464992.657441423274577 ], [ 7404951.089372086338699, 4465630.985246434807777 ], [ 7405862.703359223902225, 4465719.408543426543474 ], [ 7405837.723727178759873, 4466181.439279019832611 ], [ 7405483.923955394886434, 4466162.32175706513226 ], [ 7405339.558488541282713, 4468278.920153475366533 ], [ 7404458.144698315300047, 4469312.382657438516617 ], [ 7404247.762265459634364, 4469340.727936844341457 ], [ 7404172.674528054893017, 4468810.300676062703133 ], [ 7402312.38487528078258, 4468836.294425636529922 ], [ 7401583.501906071789563, 4469597.92599577549845 ], [ 7401105.986434272490442, 4469730.114267883822322 ], [ 7400914.727034354582429, 4470487.833532704040408 ], [ 7400069.543088849633932, 4471371.340861522592604 ], [ 7399687.733092673122883, 4471476.972235168330371 ], [ 7398959.32575370464474, 4472239.31407442688942 ], [ 7398482.028596410527825, 4472371.663277562707663 ], [ 7398285.816797344014049, 4473149.481501252390444 ], [ 7397824.820427378639579, 4473569.45648527238518 ], [ 7397280.3737534545362, 4473603.558027666993439 ], [ 7397096.020762426778674, 4473530.775337611325085 ], [ 7396781.991940345615149, 4473176.809295358136296 ], [ 7395352.536392568610609, 4472975.215201992541552 ], [ 7395038.40830322355032, 4472621.330536479130387 ], [ 7393379.538305964320898, 4472407.541332096792758 ], [ 7392898.874745179899037, 4472846.098800257779658 ], [ 7391810.031126667745411, 4472915.046533627435565 ], [ 7391460.201692634262145, 4473234.03648988623172 ], [ 7391078.627071047201753, 4473340.587545540183783 ], [ 7390729.227946381084621, 4473659.636940778233111 ], [ 7389640.1810088949278, 4473728.869104833342135 ], [ 7388797.154772905632854, 4474613.543597544543445 ], [ 7388637.779344031587243, 4475250.060603565536439 ], [ 7388269.172366772778332, 4475804.293728182092309 ], [ 7387657.298937750980258, 4475974.928802212700248 ], [ 7387566.393957430496812, 4476338.735678477212787 ], [ 7385798.966309157200158, 4476247.38393182028085 ], [ 7385241.970899399369955, 4476179.498013858683407 ], [ 7384966.330064713023603, 4475780.441550079733133 ], [ 7384558.823011773638427, 4475681.123364746570587 ], [ 7384119.389459564350545, 4475043.561807496473193 ], [ 7384110.721033241599798, 4474037.317581538110971 ], [ 7383836.976210991851985, 4473635.442195530980825 ], [ 7383820.850584780797362, 4473365.318153616972268 ], [ 7383828.433314352296293, 4472632.683581058867276 ], [ 7383168.646024572663009, 4471669.004375535063446 ] ] ] } },
{ "type": "Feature", "properties": { "id": "00030000000000007721", "COAST": 0, "DIST_MAIN": 0.0, "DIST_SINK": 0.0, "ENDO": 0, "HYBAS_ID": 2120014560, "MAIN_BAS": 2120014560, "NEXT_DOWN": 0, "NEXT_SINK": 2120014560, "ORDER": 1, "PFAF_ID": 215001201100, "SORT": 23601, "SUB_AREA": 158.0, "UP_AREA": 1747.6 }, "geometry": { "type": "Polygon", "coordinates": [ [ [ 7384349.231531489640474, 4462460.674108106642962 ], [ 7384432.583157377317548, 4462004.701769850216806 ], [ 7384746.408584639430046, 4461633.425968204624951 ], [ 7384837.448960075154901, 4460441.366148728877306 ], [ 7385382.65848490037024, 4460406.311589296907187 ], [ 7386110.457054795697331, 4459642.683557075448334 ], [ 7387555.467583197169006, 4459591.025040980428457 ], [ 7388283.545319478027523, 4458828.086515738628805 ], [ 7388665.755092531442642, 4458721.348938724026084 ], [ 7389394.036105908453465, 4457958.490897706709802 ], [ 7389776.308669334277511, 4457851.813756465911865 ], [ 7390126.655252588912845, 4457532.691764241084456 ], [ 7390863.476966480724514, 4457444.947103944607079 ], [ 7391213.512592831626534, 4457125.858583407476544 ], [ 7391596.243096270598471, 4457019.279730714857578 ], [ 7391946.327844827435911, 4456700.220423725433648 ], [ 7394100.869148598983884, 4456686.715380711480975 ], [ 7395208.43312587402761, 4455480.406596817076206 ], [ 7395686.653204928152263, 4455347.783719037659466 ], [ 7395877.451468823477626, 4454590.453322077170014 ], [ 7396723.228256452828646, 4453706.36236416362226 ], [ 7397106.236004482954741, 4453600.047773193567991 ], [ 7397456.712444878183305, 4453281.218145468272269 ], [ 7397648.221450941637158, 4453228.328376249410212 ], [ 7397719.023025567643344, 4453725.12884858250618 ], [ 7398296.943526414223015, 4453199.579278544522822 ], [ 7399688.82340875826776, 4453407.200233152136207 ], [ 7400045.807069471105933, 4454036.296753361821175 ], [ 7400138.022336800582707, 4454685.585517410188913 ], [ 7400885.742859358899295, 4455654.472002713009715 ], [ 7401255.328234082087874, 4455800.162329225800931 ], [ 7401899.995279224589467, 4456635.704542513005435 ], [ 7402438.996491504833102, 4456727.500709450803697 ], [ 7402414.298220196738839, 4457189.524617264047265 ], [ 7402375.195789556019008, 4458824.02534946706146 ], [ 7402609.78406844381243, 4459272.145350681617856 ], [ 7402655.07627553679049, 4460230.040561518631876 ], [ 7402889.614570207893848, 4460677.67166665289551 ], [ 7402943.930846547707915, 4461472.851124361157417 ], [ 7402557.590912315994501, 4462050.434716586023569 ], [ 7402404.245887809433043, 4462656.884464182890952 ], [ 7401926.270731997676194, 4462789.556139381602407 ], [ 7401196.955543586984277, 4463551.258290286175907 ], [ 7400460.462370053865016, 4463637.966196394525468 ], [ 7400110.239343083463609, 4463956.636982545256615 ], [ 7399728.046194016002119, 4464062.78562528360635 ], [ 7399178.568381012417376, 4464600.065659970976412 ], [ 7399456.227084279991686, 4465129.755583469755948 ], [ 7399491.283179775811732, 4465377.67142335511744 ], [ 7398946.240838093683124, 4465411.687136027030647 ], [ 7398595.778931771405041, 4465730.399499487131834 ], [ 7398213.725828255526721, 4465836.123644181527197 ], [ 7397852.102665561251342, 4466165.676905677653849 ], [ 7397527.350806323811412, 4465799.740620428696275 ], [ 7397158.616239519789815, 4465654.225061233155429 ], [ 7396843.82010037265718, 4465300.265509642660618 ], [ 7396245.485256775282323, 4465142.668717767111957 ], [ 7395764.272050596773624, 4465580.58795247413218 ], [ 7395382.265285532921553, 4465686.457999289035797 ], [ 7394653.894187732599676, 4466449.221020937897265 ], [ 7393318.293071611784399, 4466505.092819169163704 ], [ 7392572.048951212316751, 4465538.968377548269928 ], [ 7391495.2730952790007, 4465356.7545444983989 ], [ 7391170.177310378290713, 4464991.610385701991618 ], [ 7390808.904305842705071, 4465320.991884715855122 ], [ 7390426.987950903363526, 4465427.103589198552072 ], [ 7389966.091740106232464, 4465847.560455578379333 ], [ 7389765.46573194488883, 4466646.597435051575303 ], [ 7388495.210320096462965, 4466728.032869674265385 ], [ 7388307.210633359849453, 4467477.152363518252969 ], [ 7388020.995793580077589, 4467556.581949547864497 ], [ 7387737.640814353711903, 4467433.813121457584202 ], [ 7387665.991645900532603, 4466226.377234165556729 ], [ 7386143.06447281036526, 4466001.057085017673671 ], [ 7385818.92959439009428, 4465658.050458738580346 ], [ 7385355.663199305534363, 4465457.691752783022821 ], [ 7385292.464255934581161, 4464395.087007052265108 ], [ 7385066.024684071540833, 4463937.117686950601637 ], [ 7385026.022000300697982, 4463695.027572193183005 ], [ 7384671.797049178741872, 4463676.873384307138622 ], [ 7384679.298950716853142, 4462944.255038286559284 ], [ 7384349.231531489640474, 4462460.674108106642962 ] ] ] } },
{ "type": "Feature", "properties": { "id": "00030000000000007722", "COAST": 0, "DIST_MAIN": 0.0, "DIST_SINK": 0.0, "ENDO": 0, "HYBAS_ID": 2120014580, "MAIN_BAS": 2120014580, "NEXT_DOWN": 0, "NEXT_SINK": 2120014580, "ORDER": 1, "PFAF_ID": 215001401000, "SORT": 23614, "SUB_AREA": 190.0, "UP_AREA": 1298.4 }, "geometry": { "type": "Polygon", "coordinates": [ [ [ 7372533.899349298328161, 4457968.27090578339994 ], [ 7373096.141115573234856, 4457956.961505244486034 ], [ 7373411.26723950356245, 4457587.808958198875189 ], [ 7373830.308777021244168, 4457529.771968017332256 ], [ 7374330.667893638834357, 4456937.298344099894166 ], [ 7374417.346429258584976, 4456402.113679516129196 ], [ 7375108.008331916294992, 4455586.094579585827887 ], [ 7375195.119038842618465, 4455050.930142355151474 ], [ 7375917.071936585940421, 4454198.34379964787513 ], [ 7374924.778126087971032, 4452759.001047583296895 ], [ 7375269.130497042089701, 4452350.686324873939157 ], [ 7375379.250903602689505, 4451353.54324984177947 ], [ 7375692.965399513952434, 4450981.398990254849195 ], [ 7375736.320678294636309, 4450714.303919012658298 ], [ 7375759.360672224313021, 4450251.823758029378951 ], [ 7375967.758941090665758, 4450223.031172362156212 ], [ 7376283.291683413088322, 4449853.98014925699681 ], [ 7377409.059907351620495, 4449831.866902478039265 ], [ 7377725.066570220515132, 4449462.879684004932642 ], [ 7379914.820624572224915, 4449493.983568627387285 ], [ 7380987.048457005992532, 4448236.385846837423742 ], [ 7381195.153273952193558, 4448207.715258755721152 ], [ 7381380.277275097556412, 4448280.047118134796619 ], [ 7381696.188027059659362, 4448633.231662617065012 ], [ 7382066.361312432214618, 4448778.425424636341631 ], [ 7382382.224442854523659, 4449131.643691968172789 ], [ 7382752.388055839575827, 4449276.367656219750643 ], [ 7383730.547752703540027, 4450590.162423975765705 ], [ 7384215.140378940850496, 4450779.977496175095439 ], [ 7384872.874498501420021, 4451855.96951297018677 ], [ 7384926.710266204550862, 4452932.421909144148231 ], [ 7385400.647928677499294, 4453118.809304213151336 ], [ 7385726.596232661046088, 4453483.638434161432087 ], [ 7386088.091270734556019, 4453153.998420821502805 ], [ 7388952.155208076350391, 4453174.79547827411443 ], [ 7389302.63886983320117, 4452855.633757923729718 ], [ 7390394.274140100926161, 4452786.117524520494044 ], [ 7391123.23127381876111, 4452022.884635026566684 ], [ 7391601.560910515487194, 4451889.98992486577481 ], [ 7391797.218315996229649, 4451112.026500629261136 ], [ 7392258.983221761882305, 4450691.622704630717635 ], [ 7392996.515509526245296, 4450604.024801691994071 ], [ 7393346.910936816595495, 4450285.012019166722894 ], [ 7394793.933332188986242, 4450234.11852040886879 ], [ 7395144.430619862861931, 4449915.174972092732787 ], [ 7395527.563901042565703, 4449809.266266671009362 ], [ 7395878.117834779433906, 4449490.351032950915396 ], [ 7396261.311380473896861, 4449383.983331398107111 ], [ 7396743.032933740876615, 4448946.005564564839005 ], [ 7396988.123727094382048, 4449084.885953068733215 ], [ 7397303.734558057971299, 4449438.789865288883448 ], [ 7397673.287189185619354, 4449584.746891178190708 ], [ 7398106.714640649035573, 4450070.909437787719071 ], [ 7398365.011083663441241, 4449958.546459792181849 ], [ 7398716.074604689143598, 4449639.78147573210299 ], [ 7398907.296188523061574, 4449586.893165620975196 ], [ 7398863.111283434554935, 4449853.909023060463369 ], [ 7398548.109432269819081, 4450225.166548929177225 ], [ 7398503.929751271381974, 4450492.186146795749664 ], [ 7398459.733120079152286, 4450759.700198436155915 ], [ 7398144.772472670301795, 4451130.977760539390147 ], [ 7398060.228195411153138, 4451586.345061556436121 ], [ 7398390.476036987267435, 4452070.564900057390332 ], [ 7398426.147171298973262, 4452533.277486317791045 ], [ 7397859.376467948779464, 4453199.787723776884377 ], [ 7397648.221450941637158, 4453228.328376249410212 ], [ 7397456.712444878183305, 4453281.218145468272269 ], [ 7397106.236004482954741, 4453600.047773193567991 ], [ 7396723.228256452828646, 4453706.36236416362226 ], [ 7395877.451468823477626, 4454590.453322077170014 ], [ 7395686.653204928152263, 4455347.783719037659466 ], [ 7395208.43312587402761, 4455480.406596817076206 ], [ 7394100.869148598983884, 4456686.715380711480975 ], [ 7391946.327844827435911, 4456700.220423725433648 ], [ 7391596.243096270598471, 4457019.279730714857578 ], [ 7391213.512592831626534, 4457125.858583407476544 ], [ 7390863.476966480724514, 4457444.947103944607079 ], [ 7390126.655252588912845, 4457532.691764241084456 ], [ 7389776.308669334277511, 4457851.813756465911865 ], [ 7389394.036105908453465, 4457958.490897706709802 ], [ 7388665.755092531442642, 4458721.348938724026084 ], [ 7388283.545319478027523, 4458828.086515738628805 ], [ 7387555.467583197169006, 4459591.025040980428457 ], [ 7386110.457054795697331, 4459642.683557075448334 ], [ 7385382.65848490037024, 4460406.311589296907187 ], [ 7384837.448960075154901, 4460441.366148728877306 ], [ 7383921.263135428540409, 4460433.71475715469569 ], [ 7383605.291521332226694, 4460802.433060983195901 ], [ 7383189.317617820575833, 4460860.073104499839246 ], [ 7382873.777760657481849, 4461228.840830678120255 ], [ 7381455.508285756222904, 4461235.089947490021586 ], [ 7381122.328476565890014, 4460755.002615013159811 ], [ 7379652.045619018375874, 4460601.763147524558008 ], [ 7379375.04664044175297, 4460202.955213983543217 ], [ 7378673.273096419870853, 4460089.2287388863042 ], [ 7378293.376881191506982, 4460533.273834655061364 ], [ 7375398.546768405474722, 4460467.018108056858182 ], [ 7375083.030529526993632, 4460836.066757386550307 ], [ 7374312.881807989440858, 4460876.029367608949542 ], [ 7373997.821902817115188, 4461245.138136274181306 ], [ 7373789.734933217987418, 4461273.953171877190471 ], [ 7373231.614914772100747, 4461207.047389480285347 ], [ 7372790.233739214017987, 4460570.782950229011476 ], [ 7372825.549298749305308, 4458639.712425442412496 ], [ 7372550.523174494504929, 4458238.83816340751946 ], [ 7372533.899349298328161, 4457968.27090578339994 ] ] ] } },
{ "type": "Feature", "properties": { "id": "00030000000000007723", "COAST": 0, "DIST_MAIN": 0.0, "DIST_SINK": 0.0, "ENDO": 0, "HYBAS_ID": 2120014610, "MAIN_BAS": 2120014610, "NEXT_DOWN": 0, "NEXT_SINK": 2120014610, "ORDER": 1, "PFAF_ID": 215001502000, "SORT": 23625, "SUB_AREA": 121.6, "UP_AREA": 121.7 }, "geometry": { "type": "Polygon", "coordinates": [ [ [ 7372859.146249705925584, 4429722.462551371194422 ], [ 7373762.167523175477982, 4429703.893361576832831 ], [ 7374112.457167772576213, 4429383.982643805444241 ], [ 7374851.600737220607698, 4429294.003876077011228 ], [ 7375202.338461863808334, 4428974.156477652490139 ], [ 7375941.14468442555517, 4428884.749651277437806 ], [ 7376785.444541138596833, 4427999.859834593720734 ], [ 7379260.966749701648951, 4428253.464784538373351 ], [ 7380290.097437627613544, 4429845.096758592873812 ], [ 7380345.245426515117288, 4430921.92369934823364 ], [ 7380820.749780913814902, 4431107.423704022541642 ], [ 7381256.398407164029777, 4431592.44479161594063 ], [ 7382226.039908846840262, 4431515.272546257823706 ], [ 7382576.659731690771878, 4431195.730044916272163 ], [ 7382960.456354449503124, 4431088.634937657043338 ], [ 7383311.132685018703341, 4430769.129439099691808 ], [ 7385472.687958874739707, 4430752.634001445956528 ], [ 7385823.488615884445608, 4430433.23772513307631 ], [ 7386562.78909885045141, 4430344.876362089067698 ], [ 7386913.66138509567827, 4430025.527985555119812 ], [ 7387653.048040172085166, 4429936.781242368742824 ], [ 7388383.45271759480238, 4429173.666274487040937 ], [ 7389122.958531021140516, 4429085.04979083687067 ], [ 7389474.000793838873506, 4428765.800232177600265 ], [ 7391991.855631588958204, 4428769.357281631790102 ], [ 7392343.428149466402829, 4428450.249635816551745 ], [ 7393083.065354333259165, 4428362.513649571686983 ], [ 7393445.571803008206189, 4428032.602827998809516 ], [ 7393891.167643264867365, 4428530.348624430596828 ], [ 7394598.71290173381567, 4428421.747291831299663 ], [ 7394693.467512122355402, 4428045.25294129550457 ], [ 7394971.788306401111186, 4428154.449530846439302 ], [ 7395024.975350762717426, 4428526.233011745847762 ], [ 7394816.247711045667529, 4428554.568855259567499 ], [ 7394498.634425311349332, 4428922.952894019894302 ], [ 7394289.927078044973314, 4428951.296006639488041 ], [ 7394228.470934291370213, 4429194.110031609423459 ], [ 7393076.907650142908096, 4430641.696600871160626 ], [ 7392579.464669381268322, 4430779.622013306245208 ], [ 7392228.347903340123594, 4431098.731863810680807 ], [ 7391488.994897022843361, 4431186.533770340494812 ], [ 7391137.565982963889837, 4431505.668824231252074 ], [ 7390398.624188462272286, 4431594.090063986368477 ], [ 7390047.266768942587078, 4431913.273007741197944 ], [ 7389663.772956448607147, 4432019.540886196307838 ], [ 7389312.464520776644349, 4432338.753490310162306 ], [ 7388928.979822209104896, 4432445.550299882888794 ], [ 7388578.104237381368876, 4432764.806809769943357 ], [ 7387483.303759571164846, 4432834.769905772991478 ], [ 7387132.506829002872109, 4433154.094649543985724 ], [ 7386653.180319728329778, 4433287.353539135307074 ], [ 7386470.383229016326368, 4434015.473844260908663 ], [ 7385895.18800406716764, 4434175.626426671631634 ], [ 7385743.05534104257822, 4434782.334620825946331 ], [ 7385462.356867193244398, 4435203.47283442504704 ], [ 7385340.46294251549989, 4435688.730727922171354 ], [ 7385059.818145890720189, 4436109.880518831312656 ], [ 7384938.324692015536129, 4436595.1639498854056 ], [ 7384648.660445511341095, 4437029.750372146256268 ], [ 7384892.781846105121076, 4437491.451705830171704 ], [ 7384972.682858149521053, 4437824.305934445001185 ], [ 7384498.22620562184602, 4438536.148910411633551 ], [ 7383979.836821597069502, 4438680.931930278427899 ], [ 7383617.860209902748466, 4439010.707131179980934 ], [ 7383291.080630420707166, 4438646.029621900990605 ], [ 7383045.455134642310441, 4438507.139629584737122 ], [ 7382563.66403494309634, 4438946.450480083934963 ], [ 7382084.794873610138893, 4439079.965034909546375 ], [ 7381902.492523266002536, 4439808.163591293618083 ], [ 7381423.692484591156244, 4439941.712970835156739 ], [ 7381073.080239975824952, 4440261.260352274402976 ], [ 7380243.233045700006187, 4440361.342297009192407 ], [ 7380148.354469741694629, 4440740.878237246535718 ], [ 7379607.73545294161886, 4440650.760627866722643 ], [ 7379291.343447947874665, 4440297.694619317539036 ], [ 7378921.049518997780979, 4440153.190858534537256 ], [ 7378272.383786389604211, 4439319.911724338307977 ], [ 7377809.344302641227841, 4439139.097503473050892 ], [ 7377718.683400082401931, 4438520.200742183253169 ], [ 7376817.783995410427451, 4437113.693320861086249 ], [ 7376745.240647139027715, 4436618.197386465035379 ], [ 7376508.274390948936343, 4436171.551312004216015 ], [ 7376417.811138769611716, 4435552.697531915269792 ], [ 7375954.497642917558551, 4435372.020739908330142 ], [ 7375637.30737370532006, 4435019.123446358367801 ], [ 7375173.953070559538901, 4434838.491046000272036 ], [ 7375119.52642828784883, 4434466.895641910843551 ], [ 7375102.802716416306794, 4434196.331833583302796 ], [ 7374494.405836125835776, 4433315.411461572162807 ], [ 7374460.47226039879024, 4432774.763739940710366 ], [ 7373186.338730784133077, 4430934.455054330639541 ], [ 7373192.218692963011563, 4430201.924720756709576 ], [ 7372913.77549494523555, 4430093.536725087091327 ], [ 7372859.146249705925584, 4429722.462551371194422 ] ] ] } },
{ "type": "Feature", "properties": { "id": "00030000000000007724", "COAST": 0, "DIST_MAIN": 0.0, "DIST_SINK": 0.0, "ENDO": 0, "HYBAS_ID": 2120014630, "MAIN_BAS": 2120014630, "NEXT_DOWN": 0, "NEXT_SINK": 2120014630, "ORDER": 1, "PFAF_ID": 215001504000, "SORT": 23627, "SUB_AREA": 159.5, "UP_AREA": 159.5 }, "geometry": { "type": "Polygon", "coordinates": [ [ [ 7359238.10919672716409, 4423381.00982805993408 ], [ 7359594.009841060265899, 4422843.623844184912741 ], [ 7359714.309994566254318, 4422357.568913137540221 ], [ 7359993.799306192435324, 4421936.049590518698096 ], [ 7360161.370634123682976, 4420443.458849540911615 ], [ 7359763.54632456600666, 4420289.823058526031673 ], [ 7359857.495436674915254, 4419909.593689188361168 ], [ 7360688.983466727659106, 4419807.159918240271509 ], [ 7361039.040072925388813, 4419486.655414305627346 ], [ 7361422.948436229489744, 4419378.95552368555218 ], [ 7362529.15734941419214, 4418167.924238330684602 ], [ 7362913.15182126685977, 4418060.28337057121098 ], [ 7363263.384016601368785, 4417739.875022760592401 ], [ 7364450.137985428795218, 4417659.715782640501857 ], [ 7364545.706334088928998, 4417274.637093803845346 ], [ 7365450.053991540335119, 4417254.983193420805037 ], [ 7366178.624065899290144, 4416489.309266805648804 ], [ 7366678.577030182816088, 4416349.248579830862582 ], [ 7366907.688016377389431, 4413793.752257790416479 ], [ 7367781.602118036709726, 4412860.667632089927793 ], [ 7368261.682829835452139, 4412726.165522895753384 ], [ 7368412.522776553407311, 4412119.191945485770702 ], [ 7368692.831605824641883, 4411697.446652880869806 ], [ 7368851.25677336845547, 4411061.092911388725042 ], [ 7369697.491726726293564, 4410173.436155655421317 ], [ 7370082.01166576333344, 4410066.130486173555255 ], [ 7370432.890937604010105, 4409746.004931072704494 ], [ 7370817.061741861514747, 4409638.714784145355225 ], [ 7371168.374425834044814, 4409318.642386706545949 ], [ 7373691.912317206151783, 4409315.19689049012959 ], [ 7374042.989006930962205, 4408995.229104123078287 ], [ 7374784.034453741274774, 4408905.600371091626585 ], [ 7375514.674846256151795, 4408140.729467442259192 ], [ 7376034.777976140379906, 4407995.735003191977739 ], [ 7376404.853866441175342, 4407440.776446085423231 ], [ 7376526.309562087059021, 4406955.402485252358019 ], [ 7376807.239606034010649, 4406533.90971939265728 ], [ 7377073.219230003654957, 4403169.491928515024483 ], [ 7377571.133564208634198, 4402682.33912340644747 ], [ 7378312.858452727086842, 4402593.006343114189804 ], [ 7378664.407724536024034, 4402273.216158718802035 ], [ 7380120.030016840435565, 4402218.876693807542324 ], [ 7380471.656752495095134, 4401899.657780003733933 ], [ 7381378.088544650003314, 4401881.260397842153907 ], [ 7382277.84081317204982, 4401989.576194447465241 ], [ 7382596.414259278215468, 4402342.168015642091632 ], [ 7383413.523880030959845, 4402524.850610757246614 ], [ 7383770.282586056739092, 4403145.196328361518681 ], [ 7383861.382120964117348, 4403764.145061664283276 ], [ 7384140.361565661616623, 4403872.851274057291448 ], [ 7384157.235099671408534, 4404146.926559152081609 ], [ 7384601.825389310717583, 4404783.642506796866655 ], [ 7384807.568067339248955, 4404833.161756869405508 ], [ 7384716.168158696964383, 4405197.00179058033973 ], [ 7384427.7509147208184, 4405277.222235984168947 ], [ 7384370.156234819442034, 4404884.567711154930294 ], [ 7383737.368647175841033, 4404779.423989377915859 ], [ 7383646.017027587629855, 4405143.277165965177119 ], [ 7383165.108366883359849, 4405276.873413717374206 ], [ 7382813.076039655134082, 4405596.441209174692631 ], [ 7381714.952262064442039, 4405668.019448702223599 ], [ 7381251.555238689295948, 4406089.204788103699684 ], [ 7381056.652110548689961, 4406867.400121985003352 ], [ 7380575.91482438147068, 4407001.148094692267478 ], [ 7380224.071149290539324, 4407320.824157477356493 ], [ 7379126.258021298795938, 4407392.753077995032072 ], [ 7378774.878061732277274, 4407712.512521280907094 ], [ 7378390.073549148626626, 4407819.39871870726347 ], [ 7378038.75046613253653, 4408139.187109220772982 ], [ 7377557.773405810818076, 4408273.09201543033123 ], [ 7377372.232513137161732, 4409017.088234875351191 ], [ 7376538.782687629573047, 4409117.788166455924511 ], [ 7374291.777788764797151, 4411660.954254804179072 ], [ 7373907.225683939643204, 4411768.541398261673748 ], [ 7372798.26878762152046, 4412978.110704588703811 ], [ 7372413.833358326926827, 4413085.272496433928609 ], [ 7371951.396760331466794, 4413506.951465278863907 ], [ 7371787.90174026787281, 4414163.84065620508045 ], [ 7371507.475520991720259, 4414585.47630175575614 ], [ 7371394.66983178537339, 4414908.691356915980577 ], [ 7371797.33191922493279, 4415664.060211739502847 ], [ 7372411.982342142611742, 4415902.784719798713923 ], [ 7372401.066292339004576, 4418222.082844353280962 ], [ 7371638.591324924491346, 4419224.544190714135766 ], [ 7371525.429679299704731, 4419547.730153790675104 ], [ 7371852.56131817214191, 4420161.628247976303101 ], [ 7371880.234720766544342, 4421580.958289591595531 ], [ 7372118.057736347429454, 4422027.396050084382296 ], [ 7372164.16879852861166, 4423067.364138641394675 ], [ 7371561.55414532776922, 4423235.735760909505188 ], [ 7370336.238051621243358, 4424574.612683121114969 ], [ 7370239.923897827975452, 4424961.598914214409888 ], [ 7367900.24097855668515, 4424808.378668711520731 ], [ 7367621.051619993522763, 4424410.1585333943367 ], [ 7365492.523618329316378, 4424229.230739203281701 ], [ 7364734.235345734283328, 4425119.384291082620621 ], [ 7362954.445509989745915, 4425112.537925507873297 ], [ 7362618.224587499164045, 4424633.482011212036014 ], [ 7361496.124314988031983, 4424501.23842899966985 ], [ 7361216.994399523362517, 4424103.29551471862942 ], [ 7359588.808195136487484, 4423986.977326706983149 ], [ 7359610.648407286964357, 4423525.01703351456672 ], [ 7359238.10919672716409, 4423381.00982805993408 ] ] ] } },
{ "type": "Feature", "properties": { "id": "00030000000000007740", "COAST": 0, "DIST_MAIN": 0.0, "DIST_SINK": 0.0, "ENDO": 0, "HYBAS_ID": 2120015220, "MAIN_BAS": 2120015220, "NEXT_DOWN": 0, "NEXT_SINK": 2120015220, "ORDER": 1, "PFAF_ID": 215001792110, "SORT": 23736, "SUB_AREA": 137.3, "UP_AREA": 297.3 }, "geometry": { "type": "Polygon", "coordinates": [ [ [ 7318706.664876282215118, 4428749.469119369983673 ], [ 7318856.729564376175404, 4427480.535076248459518 ], [ 7319508.472875378094614, 4426610.210502479225397 ], [ 7319626.14248863235116, 4426123.688625231385231 ], [ 7319903.158096273429692, 4425700.851462756283581 ], [ 7320072.292618056759238, 4424173.620361058041453 ], [ 7320785.594660959206522, 4423968.351026301272213 ], [ 7320770.69845368526876, 4421888.875179961323738 ], [ 7320473.001322709955275, 4421775.757249473594129 ], [ 7320492.474860778078437, 4421313.355207555927336 ], [ 7320848.493663035333157, 4421328.354634962975979 ], [ 7322198.993700381368399, 4421459.722988829016685 ], [ 7322283.130219573155046, 4422670.185250499285758 ], [ 7322909.260231849737465, 4422933.565937720239162 ], [ 7323198.188902324996889, 4423502.720274159684777 ], [ 7323273.615756863728166, 4424589.981395231559873 ], [ 7324450.145794123411179, 4424790.721443557180464 ], [ 7324778.430834963917732, 4425130.252895908430219 ], [ 7325497.207815201021731, 4425298.248463565483689 ], [ 7327273.957171017304063, 4427689.430409898050129 ], [ 7328959.292901383712888, 4427624.984106065705419 ], [ 7329315.814365402795374, 4427314.894449636340141 ], [ 7330214.103217924945056, 4427285.017392753623426 ], [ 7330192.533652127720416, 4428482.700154001824558 ], [ 7331310.106106723658741, 4430071.9295614073053 ], [ 7331515.322374239563942, 4430120.032577031292021 ], [ 7331495.144033720716834, 4430581.966108534485102 ], [ 7331307.674821613356471, 4430642.652426527813077 ], [ 7330381.778778919950128, 4431621.050007338635623 ], [ 7330996.650866005569696, 4432635.413651954382658 ], [ 7331102.057263811118901, 4433240.082125876098871 ], [ 7331555.001485564745963, 4433431.323907298967242 ], [ 7331882.934396374039352, 4433771.721381172537804 ], [ 7332245.325269473716617, 4433924.859649495221674 ], [ 7332573.219930784776807, 4434264.795188170857728 ], [ 7333398.449348411522806, 4434459.126495908945799 ], [ 7333424.034718714654446, 4435297.207583462819457 ], [ 7333322.935644131153822, 4436132.190530458465219 ], [ 7332281.162977239117026, 4436243.01170228049159 ], [ 7331808.101391717791557, 4435758.957793412730098 ], [ 7331092.809667591936886, 4435587.932466687634587 ], [ 7330757.443305237218738, 4435244.751977900974452 ], [ 7330268.134586260654032, 4435706.535479317419231 ], [ 7330082.807701580226421, 4437241.480341146700084 ], [ 7329732.721523041836917, 4437814.402982975356281 ], [ 7328855.644957178272307, 4437945.222497533075511 ], [ 7328385.905847336165607, 4438348.486000603064895 ], [ 7328189.399944755248725, 4439588.131647154688835 ], [ 7327710.556418368592858, 4439747.740041431970894 ], [ 7327240.982384918257594, 4440151.059871328994632 ], [ 7327062.501213980838656, 4441277.531668405048549 ], [ 7326733.684096661396325, 4441816.286223422735929 ], [ 7326190.949858019128442, 4441997.001536531373858 ], [ 7325458.443016642704606, 4442751.273577254265547 ], [ 7325272.397468621842563, 4442813.62904036603868 ], [ 7325373.265799464657903, 4439770.240128472447395 ], [ 7322748.189952258020639, 4436030.018618606962264 ], [ 7322729.629610109142959, 4435759.698638220317662 ], [ 7322374.286900652572513, 4435744.566560781560838 ], [ 7322333.222125901840627, 4435501.531893968582153 ], [ 7322004.343516603112221, 4434863.276665691286325 ], [ 7322140.168669358827174, 4434104.560652658343315 ], [ 7322521.727047854103148, 4433496.504124118946493 ], [ 7322431.50683141220361, 4433190.933608993887901 ], [ 7321190.869372659362853, 4431306.110886937007308 ], [ 7321118.996596063487232, 4430222.998260556720197 ], [ 7320399.965445637702942, 4430053.390263644047081 ], [ 7319561.086479114368558, 4430928.63373076915741 ], [ 7319373.051208695396781, 4430988.093763715587556 ], [ 7319373.577665583230555, 4429816.912749943323433 ], [ 7318706.664876282215118, 4428749.469119369983673 ] ] ] } },
{ "type": "Feature", "properties": { "id": "00030000000000007741", "COAST": 0, "DIST_MAIN": 0.0, "DIST_SINK": 0.0, "ENDO": 0, "HYBAS_ID": 2120015240, "MAIN_BAS": 2120015240, "NEXT_DOWN": 0, "NEXT_SINK": 2120015240, "ORDER": 1, "PFAF_ID": 215001794000, "SORT": 23739, "SUB_AREA": 211.0, "UP_AREA": 211.0 }, "geometry": { "type": "Polygon", "coordinates": [ [ [ 7292473.283939206972718, 4436382.613305838778615 ], [ 7292597.298446029424667, 4435861.427711823023856 ], [ 7294452.296541478484869, 4436059.616283432580531 ], [ 7294892.53923948854208, 4436539.34126843046397 ], [ 7299142.999113907106221, 4436577.278720493428409 ], [ 7299236.921086099930108, 4436184.244963526725769 ], [ 7299592.186651030555367, 4436198.285716293379664 ], [ 7299573.914411905221641, 4436660.183163153938949 ], [ 7299580.291219028644264, 4437825.914803597144783 ], [ 7300149.075934727676213, 4438757.351993036456406 ], [ 7300182.576989620923996, 4440760.270297721959651 ], [ 7301009.8166967285797, 4440951.157775931991637 ], [ 7301477.053925544954836, 4441432.90540733281523 ], [ 7302061.191919501870871, 4441319.013745673000813 ], [ 7302565.350543910637498, 4440876.026326864026487 ], [ 7302783.903698917478323, 4441021.983836874365807 ], [ 7303112.618678432889283, 4441361.083006912842393 ], [ 7303475.061588021926582, 4441512.835381994955242 ], [ 7303803.74514186847955, 4441851.471850224770606 ], [ 7304166.147398421540856, 4442003.253144494257867 ], [ 7305173.187709415331483, 4443303.035737712867558 ], [ 7306773.065751508809626, 4441508.710527189075947 ], [ 7308087.380994778126478, 4441699.369850998744369 ], [ 7308415.858826788142323, 4442038.219387485645711 ], [ 7309132.822326364926994, 4442204.725895255804062 ], [ 7309599.880968750454485, 4442687.022700901143253 ], [ 7309829.117427312768996, 4442559.19514437019825 ], [ 7310333.697505110874772, 4442116.710843880660832 ], [ 7311971.370251598767936, 4442321.335662194527686 ], [ 7312641.68656347412616, 4443145.139328695833683 ], [ 7313751.170581722632051, 4441932.291954452171922 ], [ 7313938.189191269688308, 4441871.187189316377044 ], [ 7314025.973638841882348, 4441506.745491705834866 ], [ 7314312.044930391944945, 4441424.011914936825633 ], [ 7314379.158745500259101, 4441804.306157612241805 ], [ 7315291.212349198758602, 4442016.671141772530973 ], [ 7315342.129320843145251, 4443558.557826060801744 ], [ 7315572.960000103339553, 4444014.076596311293542 ], [ 7315619.464192932471633, 4445422.025119731202722 ], [ 7315850.58549243118614, 4445877.574331127107143 ], [ 7315873.615509103983641, 4446581.057168995030224 ], [ 7314977.818748507648706, 4446612.489884914830327 ], [ 7314061.041676298715174, 4447586.919886794872582 ], [ 7314335.692976860329509, 4448128.948374048806727 ], [ 7314427.084335716441274, 4448462.208409319631755 ], [ 7313212.526605067774653, 4450052.994515935890377 ], [ 7312696.804425772279501, 4450220.83688444364816 ], [ 7311968.60123454220593, 4450979.360622771084309 ], [ 7311384.952495812438428, 4451092.456612974405289 ], [ 7310819.843409577384591, 4450507.847942050546408 ], [ 7310637.535148790106177, 4451695.726879299618304 ], [ 7310240.549914268776774, 4452287.23010718356818 ], [ 7308617.369564482010901, 4452375.630369760096073 ], [ 7308417.576475331559777, 4453136.783641377463937 ], [ 7307789.504321563988924, 4453190.853634208440781 ], [ 7307751.372984045185149, 4452943.589158696122468 ], [ 7307511.259263225831091, 4452499.335091246291995 ], [ 7307434.591301855631173, 4452004.79012315440923 ], [ 7307104.730287777259946, 4451393.915463334880769 ], [ 7307252.905055234208703, 4450488.960644127801061 ], [ 7307956.439775439910591, 4450285.328073817305267 ], [ 7307959.046349043026567, 4447755.042079517617822 ], [ 7307074.215568169951439, 4446618.269637770950794 ], [ 7306444.902396683581173, 4446718.522174152545631 ], [ 7305968.555215226486325, 4447161.866977490484715 ], [ 7305722.084920888766646, 4447026.05536241736263 ], [ 7305392.364256884902716, 4446664.963898882269859 ], [ 7305034.544224845245481, 4446998.239842827431858 ], [ 7303589.53851949237287, 4447065.797859099693596 ], [ 7303113.757435047999024, 4447509.825301516801119 ], [ 7302866.898081013932824, 4447373.598920630291104 ], [ 7302428.217424612492323, 4446893.357357311993837 ], [ 7301724.650078048929572, 4447010.335607429035008 ], [ 7301576.350741440430284, 4447630.510641249828041 ], [ 7301301.028363951481879, 4448054.414560764096677 ], [ 7301185.102156160399318, 4448540.662944093346596 ], [ 7300909.82726957462728, 4448964.58687514718622 ], [ 7300851.885726910084486, 4449207.466185431927443 ], [ 7300547.46946726180613, 4449295.881292687729001 ], [ 7300365.630926939658821, 4451285.315009338781238 ], [ 7300090.500396570190787, 4451708.762260651215911 ], [ 7299974.657004953362048, 4452195.520909284241498 ], [ 7299632.033268232829869, 4452722.783333010040224 ], [ 7299221.381300580687821, 4452908.559591052122414 ], [ 7298782.495342425070703, 4452428.011894589290023 ], [ 7297827.471625766716897, 4452264.392073078081012 ], [ 7297351.989236948080361, 4452708.231373154558241 ], [ 7296032.98033928591758, 4452782.595327883027494 ], [ 7295593.90788649674505, 4452302.244057219475508 ], [ 7295408.315942613407969, 4452232.058424542658031 ], [ 7295369.759585704654455, 4451985.372248859144747 ], [ 7295128.93877243436873, 4451541.060935351066291 ], [ 7295051.812677821144462, 4451047.206807964481413 ], [ 7294810.935628988780081, 4450602.905468852259219 ], [ 7294751.4677266580984, 4449646.643232286907732 ], [ 7294510.497659454122186, 4449202.850566591136158 ], [ 7294433.284847856499255, 4448709.00175345223397 ], [ 7293428.150713745504618, 4447173.578519092872739 ], [ 7293556.272979677654803, 4446360.841262811794877 ], [ 7293831.186180375516415, 4445936.67358095664531 ], [ 7293947.025163273327053, 4445450.351857422851026 ], [ 7294221.986350581049919, 4445026.195789738558233 ], [ 7294337.47878700401634, 4444539.867479028180242 ], [ 7294622.202169905416667, 4444100.750942081212997 ], [ 7293362.260551535524428, 4442216.205887036398053 ], [ 7293284.482466166839004, 4441721.871760314330459 ], [ 7292706.366379830986261, 4440802.523296452127397 ], [ 7292773.313227783888578, 4436495.740307822823524 ], [ 7292473.283939206972718, 4436382.613305838778615 ] ] ] } },
{ "type": "Feature", "properties": { "id": "00030000000000007742", "COAST": 0, "DIST_MAIN": 0.0, "DIST_SINK": 0.0, "ENDO": 0, "HYBAS_ID": 2120015260, "MAIN_BAS": 2120015260, "NEXT_DOWN": 0, "NEXT_SINK": 2120015260, "ORDER": 1, "PFAF_ID": 215001796000, "SORT": 23741, "SUB_AREA": 231.5, "UP_AREA": 231.6 }, "geometry": { "type": "Polygon", "coordinates": [ [ [ 7282705.50032177194953, 4431384.462433257140219 ], [ 7283060.56874574162066, 4431397.704750302247703 ], [ 7283043.330339278094471, 4431859.588754867203534 ], [ 7283947.591173338703811, 4431834.458370518870652 ], [ 7284287.410044995136559, 4431502.524644526652992 ], [ 7284675.41122412122786, 4431399.214222013019025 ], [ 7285131.480871645733714, 4430953.806808465160429 ], [ 7285604.232458726502955, 4431179.088489483110607 ], [ 7285492.56199958268553, 4431738.454103135503829 ], [ 7285116.047362752258778, 4432295.774860344827175 ], [ 7285158.066914988681674, 4433577.004484124481678 ], [ 7285406.946978007443249, 4434012.265029158443213 ], [ 7285461.197993993759155, 4434976.529046104289591 ], [ 7285710.004401421174407, 4435411.802194217219949 ], [ 7285796.57836608029902, 4436021.727280895225704 ], [ 7286662.249127931892872, 4437144.947304923087358 ], [ 7289791.65120068192482, 4437146.216693805530667 ], [ 7290131.947271572425961, 4436814.0574641963467 ], [ 7291229.436765127815306, 4436738.816039840690792 ], [ 7291569.437934117391706, 4436406.700394692830741 ], [ 7292473.283939206972718, 4436382.613305838778615 ], [ 7292773.313227783888578, 4436495.740307822823524 ], [ 7292706.366379830986261, 4440802.523296452127397 ], [ 7293284.482466166839004, 4441721.871760314330459 ], [ 7293362.260551535524428, 4442216.205887036398053 ], [ 7294622.202169905416667, 4444100.750942081212997 ], [ 7294337.47878700401634, 4444539.867479028180242 ], [ 7294221.986350581049919, 4445026.195789738558233 ], [ 7293947.025163273327053, 4445450.351857422851026 ], [ 7293831.186180375516415, 4445936.67358095664531 ], [ 7293556.272979677654803, 4446360.841262811794877 ], [ 7293428.150713745504618, 4447173.578519092872739 ], [ 7294433.284847856499255, 4448709.00175345223397 ], [ 7294510.497659454122186, 4449202.850566591136158 ], [ 7294751.4677266580984, 4449646.643232286907732 ], [ 7294810.935628988780081, 4450602.905468852259219 ], [ 7295051.812677821144462, 4451047.206807964481413 ], [ 7295128.93877243436873, 4451541.060935351066291 ], [ 7295369.759585704654455, 4451985.372248859144747 ], [ 7295408.315942613407969, 4452232.058424542658031 ], [ 7295218.181660557165742, 4452287.508826117962599 ], [ 7294762.538714325986803, 4452713.960001180879772 ], [ 7294605.805868268013, 4453372.017915630713105 ], [ 7293958.976570562459528, 4454244.225818755105138 ], [ 7293843.573560963384807, 4454730.561059758067131 ], [ 7293568.933979513123631, 4455154.216101780533791 ], [ 7293424.504790310747921, 4455762.752081787213683 ], [ 7292843.290749288164079, 4455932.291744381189346 ], [ 7292696.434919719584286, 4456858.709506001323462 ], [ 7293372.732764939777553, 4457937.062863174825907 ], [ 7293088.542840741574764, 4458375.213909946382046 ], [ 7292955.203677612356842, 4459323.953904346562922 ], [ 7292680.727145262993872, 4459748.134129661135375 ], [ 7292587.105540821328759, 4460915.359156172722578 ], [ 7292025.493036172352731, 4460932.6453543510288 ], [ 7291684.209288232028484, 4461341.375679777003825 ], [ 7291376.029028016142547, 4460907.426297157071531 ], [ 7290817.444290598854423, 4460846.663138226605952 ], [ 7290693.599324360489845, 4461302.977957744151354 ], [ 7290288.303035208024085, 4460897.525556622073054 ], [ 7289731.435750171542168, 4460733.39211443811655 ], [ 7289214.527458189055324, 4461176.06563887372613 ], [ 7288846.640314299613237, 4461305.045439323410392 ], [ 7288489.026233845390379, 4461611.243063106201589 ], [ 7288248.419656925834715, 4461744.645453652366996 ], [ 7287457.575164034962654, 4460788.696647891774774 ], [ 7286283.569742472842336, 4460586.379012398421764 ], [ 7286239.255694270133972, 4458443.215825224295259 ], [ 7285064.853990886360407, 4458241.110804461874068 ], [ 7284320.01291502546519, 4457342.280251109041274 ], [ 7284165.374066458083689, 4456534.640113608911633 ], [ 7283897.377245462499559, 4456417.060186053626239 ], [ 7284007.056184410117567, 4454787.411767741665244 ], [ 7284289.99819959141314, 4454349.895185253582895 ], [ 7284040.839995441026986, 4453891.814129547215998 ], [ 7283943.426991837099195, 4453274.048886919394135 ], [ 7283267.828308415599167, 4453019.316366159357131 ], [ 7283411.595204586163163, 4452325.953986881300807 ], [ 7283881.228742797859013, 4451851.866004250943661 ], [ 7284396.450358668342233, 4451700.930597878992558 ], [ 7284757.757357809692621, 4451142.082170004025102 ], [ 7284832.636531841009855, 4450436.720783578231931 ], [ 7285023.090535, 4450381.027303347364068 ], [ 7285740.108868586830795, 4449608.353737997822464 ], [ 7286216.349240323528647, 4449468.927084780298173 ], [ 7286360.21271179895848, 4448860.773116425611079 ], [ 7286737.146019111387432, 4448277.828302996233106 ], [ 7286653.251952040009201, 4447946.290005306713283 ], [ 7286074.59177319612354, 4447026.950191690586507 ], [ 7285996.798956396989524, 4446533.219923119992018 ], [ 7285755.222693156450987, 4446089.742447632364929 ], [ 7285677.032551805488765, 4445595.513763072900474 ], [ 7284086.815120037645102, 4443250.036957944743335 ], [ 7284060.555319437757134, 4441369.67698142491281 ], [ 7283481.353571844287217, 4440451.09682900365442 ], [ 7283403.29410969465971, 4439956.906431432813406 ], [ 7283161.311432460322976, 4439513.546111185103655 ], [ 7283134.68295388109982, 4437633.202085240744054 ], [ 7282892.592806190252304, 4437189.852889575064182 ], [ 7282848.950912822969258, 4435771.416606415994465 ], [ 7282606.770547080785036, 4435328.078599943779409 ], [ 7282705.50032177194953, 4431384.462433257140219 ] ] ] } },
{ "type": "Feature", "properties": { "id": "000300000000000077d5", "COAST": 0, "DIST_MAIN": 0.0, "DIST_SINK": 0.0, "ENDO": 2, "HYBAS_ID": 2120096830, "MAIN_BAS": 2120096830, "NEXT_DOWN": 0, "NEXT_SINK": 2120096830, "ORDER": 1, "PFAF_ID": 215001790000, "SORT": 135966, "SUB_AREA": 136.9, "UP_AREA": 137.0 }, "geometry": { "type": "Polygon", "coordinates": [ [ [ 7292696.434919719584286, 4456858.709506001323462 ], [ 7292843.290749288164079, 4455932.291744381189346 ], [ 7293424.504790310747921, 4455762.752081787213683 ], [ 7293568.933979513123631, 4455154.216101780533791 ], [ 7293843.573560963384807, 4454730.561059758067131 ], [ 7293958.976570562459528, 4454244.225818755105138 ], [ 7294605.805868268013, 4453372.017915630713105 ], [ 7294762.538714325986803, 4452713.960001180879772 ], [ 7295218.181660557165742, 4452287.508826117962599 ], [ 7295408.315942613407969, 4452232.058424542658031 ], [ 7295593.90788649674505, 4452302.244057219475508 ], [ 7296032.98033928591758, 4452782.595327883027494 ], [ 7297351.989236948080361, 4452708.231373154558241 ], [ 7297827.471625766716897, 4452264.392073078081012 ], [ 7298782.495342425070703, 4452428.011894589290023 ], [ 7299221.381300580687821, 4452908.559591052122414 ], [ 7299632.033268232829869, 4452722.783333010040224 ], [ 7299974.657004953362048, 4452195.520909284241498 ], [ 7300090.500396570190787, 4451708.762260651215911 ], [ 7300365.630926939658821, 4451285.315009338781238 ], [ 7300547.46946726180613, 4449295.881292687729001 ], [ 7300851.885726910084486, 4449207.466185431927443 ], [ 7300909.82726957462728, 4448964.58687514718622 ], [ 7301185.102156160399318, 4448540.662944093346596 ], [ 7301301.028363951481879, 4448054.414560764096677 ], [ 7301576.350741440430284, 4447630.510641249828041 ], [ 7301724.650078048929572, 4447010.335607429035008 ], [ 7302428.217424612492323, 4446893.357357311993837 ], [ 7302866.898081013932824, 4447373.598920630291104 ], [ 7303113.757435047999024, 4447509.825301516801119 ], [ 7303589.53851949237287, 4447065.797859099693596 ], [ 7305034.544224845245481, 4446998.239842827431858 ], [ 7305392.364256884902716, 4446664.963898882269859 ], [ 7305722.084920888766646, 4447026.05536241736263 ], [ 7305968.555215226486325, 4447161.866977490484715 ], [ 7306444.902396683581173, 4446718.522174152545631 ], [ 7307074.215568169951439, 4446618.269637770950794 ], [ 7307959.046349043026567, 4447755.042079517617822 ], [ 7307956.439775439910591, 4450285.328073817305267 ], [ 7307252.905055234208703, 4450488.960644127801061 ], [ 7307104.730287777259946, 4451393.915463334880769 ], [ 7307434.591301855631173, 4452004.79012315440923 ], [ 7307511.259263225831091, 4452499.335091246291995 ], [ 7307751.372984045185149, 4452943.589158696122468 ], [ 7307789.504321563988924, 4453190.853634208440781 ], [ 7307691.462769007310271, 4453564.329434758983552 ], [ 7306763.865917908959091, 4453701.355305727571249 ], [ 7306567.390102982521057, 4455766.01267147436738 ], [ 7307249.262779917567968, 4456052.894565944559872 ], [ 7307334.641948822885752, 4456927.266929787583649 ], [ 7306954.906007787212729, 4457545.359658407978714 ], [ 7306892.451426144689322, 4457783.069684665650129 ], [ 7306348.066459686495364, 4457823.788631500676274 ], [ 7306002.100535980425775, 4458146.563664159737527 ], [ 7304913.019939292222261, 4458228.646318853832781 ], [ 7303449.26182597130537, 4459894.786893216893077 ], [ 7301069.276041990146041, 4459924.902718058787286 ], [ 7300630.9486063728109, 4459444.713054993189871 ], [ 7300014.761492066085339, 4459293.78028033580631 ], [ 7299183.622071812860668, 4460186.437038347125053 ], [ 7298802.886215309612453, 4460297.605564262717962 ], [ 7298445.949286620132625, 4460631.141139253973961 ], [ 7298116.974655917845666, 4460270.367317079566419 ], [ 7297746.252332820557058, 4460129.359944751486182 ], [ 7297427.389167482964694, 4459779.917661494575441 ], [ 7297180.859394010156393, 4459644.353825183585286 ], [ 7296706.199560452252626, 4460088.229538359679282 ], [ 7295880.252232717350125, 4460197.333753565326333 ], [ 7295789.779253849759698, 4460578.136382858268917 ], [ 7295228.48522434476763, 4460595.193832822144032 ], [ 7294917.640811095945537, 4460967.341746294870973 ], [ 7294148.846851884387434, 4461015.468303364701569 ], [ 7293837.692997201345861, 4461387.647907106205821 ], [ 7293630.528428834863007, 4461419.171222194097936 ], [ 7293426.072103852406144, 4461371.561286470852792 ], [ 7293145.294403447769582, 4460976.251473437063396 ], [ 7292587.105540821328759, 4460915.359156172722578 ], [ 7292680.727145262993872, 4459748.134129661135375 ], [ 7292955.203677612356842, 4459323.953904346562922 ], [ 7293088.542840741574764, 4458375.213909946382046 ], [ 7293372.732764939777553, 4457937.062863174825907 ], [ 7292696.434919719584286, 4456858.709506001323462 ] ] ] } },
{ "type": "Feature", "properties": { "id": "000300000000000073ef", "COAST": 1, "DIST_MAIN": 0.0, "DIST_SINK": 0.0, "ENDO": 0, "HYBAS_ID": 2120014180, "MAIN_BAS": 2120014180, "NEXT_DOWN": 0, "NEXT_SINK": 2120014180, "ORDER": 0, "PFAF_ID": 214097105200, "SORT": 23512, "SUB_AREA": 488.8, "UP_AREA": 488.8 }, "geometry": { "type": "Polygon", "coordinates": [ [ [ 7363299.558878080919385, 4557675.759467070922256 ], [ 7363478.334574903361499, 4557158.035825203172863 ], [ 7363908.051833157427609, 4556759.447208414785564 ], [ 7364400.262478902004659, 4556619.389153358526528 ], [ 7364538.465567881241441, 4554874.296316999010742 ], [ 7364860.3558908412233, 4554782.775793849490583 ], [ 7365224.209222219884396, 4554227.719722595997155 ], [ 7365386.137648330070078, 4553570.826673956587911 ], [ 7365840.933449395000935, 4553149.275488228537142 ], [ 7366568.035530158318579, 4553059.292191935703158 ], [ 7367286.312118132598698, 4552294.988143190741539 ], [ 7370199.17186445184052, 4552312.154768383130431 ], [ 7370398.763194307684898, 4551506.464098015800118 ], [ 7370983.184752727858722, 4550965.292309381999075 ], [ 7371574.996430135332048, 4551121.841706689447165 ], [ 7371886.182541866786778, 4551474.91975324228406 ], [ 7372418.278443911112845, 4551565.020110272802413 ], [ 7372702.705625344999135, 4551698.557951828464866 ], [ 7372669.687267257831991, 4554594.26067363191396 ], [ 7372885.981797863729298, 4555060.106596240773797 ], [ 7372876.210586687549949, 4557642.581521504558623 ], [ 7373351.727150741964579, 4557246.840766293928027 ], [ 7374414.384822031483054, 4557155.514743636362255 ], [ 7374773.688546163029969, 4556856.051585724577308 ], [ 7376185.80119126662612, 4556783.448559881187975 ], [ 7376545.206819941289723, 4556484.068443044088781 ], [ 7376908.861655753105879, 4556357.029995666816831 ], [ 7377267.914778175763786, 4556058.154939598403871 ], [ 7377981.414639214985073, 4555949.270131031982601 ], [ 7378340.942530075088143, 4555649.972390637733042 ], [ 7379054.136362003162503, 4555541.167537038214505 ], [ 7379413.695528590120375, 4555242.415645454078913 ], [ 7380212.424110141582787, 4555120.800633864477277 ], [ 7380319.027065298520029, 4554752.856553765945137 ], [ 7381223.629695864394307, 4554760.872375975362957 ], [ 7381536.326332436874509, 4554392.301279055885971 ], [ 7381947.191779708489776, 4554335.422353587113321 ], [ 7382259.947285136207938, 4553966.86714135389775 ], [ 7382670.87329013645649, 4553909.529776118695736 ], [ 7382983.301441673189402, 4553540.995398835279047 ], [ 7383394.613515065982938, 4553484.208172894082963 ], [ 7383771.093544748611748, 4553040.681542072445154 ], [ 7384816.12643491383642, 4553174.07126094866544 ], [ 7385247.349420480430126, 4553814.901470622979105 ], [ 7385278.66509248316288, 4554359.242640804499388 ], [ 7386037.220885591581464, 4555477.787577320821583 ], [ 7386440.186655406840146, 4555577.499805372208357 ], [ 7386712.068667655810714, 4555976.860641393810511 ], [ 7387114.631920015439391, 4556076.59723640512675 ], [ 7387386.830589432269335, 4556476.007522814907134 ], [ 7388488.577924917452037, 4556613.48792459256947 ], [ 7388816.003375315107405, 4557094.289607034064829 ], [ 7390915.197589952498674, 4557128.147428938187659 ], [ 7391292.055740831419826, 4556684.490505597554147 ], [ 7396529.474749716930091, 4557046.28816248383373 ], [ 7397449.602710309438407, 4558408.739812602289021 ], [ 7397851.952795745804906, 4558509.084292721934617 ], [ 7398123.510110316798091, 4558908.944128451868892 ], [ 7399224.885451395995915, 4559048.087116088718176 ], [ 7399495.971219188533723, 4559447.981535241007805 ], [ 7399898.618343005888164, 4559548.466119848191738 ], [ 7400169.642580529674888, 4559948.397082597017288 ], [ 7401271.266707480885088, 4560087.386781466193497 ], [ 7401542.196711928583682, 4560487.373072905465961 ], [ 7402442.423015519976616, 4560576.746307355351746 ], [ 7402416.894151786342263, 4561038.802899298258126 ], [ 7402325.133956167846918, 4561402.914094606414437 ], [ 7401852.774149135686457, 4561534.628939256072044 ], [ 7400756.583076453767717, 4562738.540591739118099 ], [ 7399680.420124515891075, 4562805.898103721439838 ], [ 7399333.719277042895555, 4563124.281538994982839 ], [ 7398257.675496871583164, 4563191.354200957342982 ], [ 7397911.431874485686421, 4563509.815549651160836 ], [ 7396485.954688291065395, 4563558.535472195595503 ], [ 7396139.813681281171739, 4563877.071922427043319 ], [ 7394714.487212882377207, 4563925.637171923182905 ], [ 7394368.448491421528161, 4564244.256995908915997 ], [ 7393641.764002576470375, 4564331.416190711781383 ], [ 7393295.420755511149764, 4564650.060543809086084 ], [ 7392569.200766807422042, 4564736.854290223680437 ], [ 7391848.987436771392822, 4565498.779113793745637 ], [ 7391122.483547709882259, 4565586.175595491193235 ], [ 7390776.312504500150681, 4565904.928130760788918 ], [ 7387955.199636288918555, 4565879.877695276401937 ], [ 7387609.569313703104854, 4566198.793717974796891 ], [ 7386883.242995923385024, 4566286.60684279166162 ], [ 7386537.308771016076207, 4566605.547263006679714 ], [ 7385811.439304231666028, 4566692.996035699732602 ], [ 7384718.398208449594676, 4567899.554243386723101 ], [ 7383643.455327146686614, 4567968.72416699398309 ], [ 7383298.121003616601229, 4568287.820512502454221 ], [ 7382920.949551519937813, 4568394.429217722266912 ], [ 7382575.673151294700801, 4568713.551674496382475 ], [ 7382198.562981706112623, 4568819.700752887874842 ], [ 7381853.336029268801212, 4569138.866961233317852 ], [ 7380778.618759900331497, 4569208.934434765949845 ], [ 7380433.104120765812695, 4569528.13562567345798 ], [ 7379962.17874963209033, 4569661.226382764056325 ], [ 7379781.056604286655784, 4570389.352772959508002 ], [ 7379310.209386725910008, 4570522.475166549906135 ], [ 7378965.190746298059821, 4570841.765458402223885 ], [ 7377890.450931555591524, 4570911.724028014577925 ], [ 7377545.521229794248939, 4571231.070055452175438 ], [ 7376819.918982543982565, 4571319.848535199649632 ], [ 7376475.055039968341589, 4571639.240629187785089 ], [ 7375749.5409100279212, 4571727.633000210858881 ], [ 7375404.381804265081882, 4572047.048208244144917 ], [ 7373632.59058983810246, 4572082.08434815146029 ], [ 7373287.919817809015512, 4572401.615025378763676 ], [ 7372562.556900133378804, 4572490.30994291510433 ], [ 7372108.334359425120056, 4572911.396390257403255 ], [ 7371910.55644310452044, 4573710.686654980294406 ], [ 7370658.846538070589304, 4573793.41342933382839 ], [ 7370503.666002399288118, 4574421.309211646206677 ], [ 7370088.53110087569803, 4575012.130377206020057 ], [ 7368236.398850111290812, 4575049.738957983441651 ], [ 7367892.104966977611184, 4575369.50145195890218 ], [ 7367167.139638256281614, 4575459.207464816980064 ], [ 7366822.543465292081237, 4575779.00222388561815 ], [ 7366446.481762348674238, 4575885.943497237749398 ], [ 7366102.312221270985901, 4576205.786041370593011 ], [ 7365725.885425527580082, 4576313.239883864298463 ], [ 7365381.766833395697176, 4576633.109347932972014 ], [ 7364845.182959022000432, 4576669.051556069403887 ], [ 7364828.891388362273574, 4576398.453212807886302 ], [ 7364558.857365461066365, 4575997.545718253590167 ], [ 7364589.416949175298214, 4574802.43059082236141 ], [ 7364718.867081390693784, 4573172.902780462056398 ], [ 7364994.469190285541117, 4572751.841408829204738 ], [ 7365114.334626690484583, 4572265.921222691424191 ], [ 7365864.22937042824924, 4571263.733164502307773 ], [ 7365926.341902745887637, 4568136.592736642807722 ], [ 7364391.211804476566613, 4565770.815401764586568 ], [ 7364320.533918150700629, 4565275.335501870140433 ], [ 7364088.20362601429224, 4564828.790465640835464 ], [ 7364040.984749728813767, 4563871.317151318304241 ], [ 7363721.421979026868939, 4563257.281717108562589 ], [ 7363833.112160618416965, 4562934.083016862161458 ], [ 7364212.020995690487325, 4562354.972787478938699 ], [ 7364133.497099855914712, 4562022.263752955943346 ], [ 7363901.017598196864128, 4561575.733047284185886 ], [ 7363922.575400889851153, 4559231.712447040714324 ], [ 7363689.98944572918117, 4558784.701608560979366 ], [ 7363619.476703906431794, 4558289.7535191019997 ], [ 7363299.558878080919385, 4557675.759467070922256 ] ] ] } },
{ "type": "Feature", "properties": { "id": "000300000000000073f2", "COAST": 1, "DIST_MAIN": 0.0, "DIST_SINK": 0.0, "ENDO": 0, "HYBAS_ID": 2120014240, "MAIN_BAS": 2120014240, "NEXT_DOWN": 0, "NEXT_SINK": 2120014240, "ORDER": 0, "PFAF_ID": 214097305000, "SORT": 23524, "SUB_AREA": 179.5, "UP_AREA": 179.5 }, "geometry": { "type": "Polygon", "coordinates": [ [ [ 7406216.188189920969307, 4561621.40341517329216 ], [ 7406568.435610704123974, 4561043.082242861390114 ], [ 7406635.859314302913845, 4560809.642643824219704 ], [ 7406731.717516861855984, 4560429.901447838172317 ], [ 7407637.35270894318819, 4560323.207775919698179 ], [ 7408049.889544362202287, 4559743.341206528246403 ], [ 7408172.356788947246969, 4559258.404815413989127 ], [ 7408555.554052175953984, 4558681.385061104781926 ], [ 7408504.450941978022456, 4557885.492687361314893 ], [ 7408274.334384594112635, 4557437.379995686002076 ], [ 7408284.373352907598019, 4555554.635826210491359 ], [ 7408046.706426289863884, 4555091.7317760810256 ], [ 7408334.53181052301079, 4554658.218516441993415 ], [ 7408550.934657330624759, 4551642.172307028435171 ], [ 7408878.745005872100592, 4544922.859109138138592 ], [ 7408648.121777431108057, 4544474.279174160212278 ], [ 7408683.421640201471746, 4542129.500023106113076 ], [ 7408366.097013919614255, 4541513.340303353965282 ], [ 7408557.267231188714504, 4539804.021282684989274 ], [ 7408836.494087583385408, 4539384.375901835970581 ], [ 7409002.950964515097439, 4538322.272010995075107 ], [ 7409486.719863495789468, 4537846.561167380772531 ], [ 7409980.618575242348015, 4537709.384875423274934 ], [ 7410243.062863443978131, 4534797.160339366644621 ], [ 7410627.319492951966822, 4534220.654355104081333 ], [ 7410575.78600818477571, 4533424.760390142910182 ], [ 7410344.735580437816679, 4532976.647011780180037 ], [ 7410276.777030367404222, 4532480.576799659058452 ], [ 7410038.210676096379757, 4532017.663816182874143 ], [ 7410326.783699420280755, 4531584.666297984309494 ], [ 7410388.165895230136812, 4531341.950324674136937 ], [ 7413027.189547570422292, 4531416.779167314991355 ], [ 7413389.365814260207117, 4531119.019332611002028 ], [ 7415608.715329604223371, 4531098.214628626592457 ], [ 7415614.772530078887939, 4533262.892850471660495 ], [ 7415829.752415737137198, 4533730.159928138367832 ], [ 7415913.457084943540394, 4534207.37486831471324 ], [ 7416127.998332912102342, 4534674.631589605472982 ], [ 7416197.280655584298074, 4535405.636403287760913 ], [ 7415809.245732272043824, 4536047.707168103195727 ], [ 7415593.713535743765533, 4537899.102308438159525 ], [ 7415327.53046643268317, 4538339.142299489118159 ], [ 7415202.36651330627501, 4538595.588409568183124 ], [ 7415515.638710748404264, 4539277.373894835822284 ], [ 7415599.232689799740911, 4539754.590193444862962 ], [ 7415813.565380393527448, 4540221.852703399024904 ], [ 7415802.898149363696575, 4541385.08902383223176 ], [ 7415735.481815268285573, 4541618.497707881033421 ], [ 7415348.268576106987894, 4542250.673515401780605 ], [ 7415362.164883929304779, 4543916.061543093062937 ], [ 7415578.737800494767725, 4544380.98422438185662 ], [ 7415081.868429441936314, 4555030.923980167135596 ], [ 7415301.086322334595025, 4555501.00303228199482 ], [ 7414947.133766428567469, 4556079.431349137797952 ], [ 7415662.052484950050712, 4556217.405528370290995 ], [ 7415935.10699868015945, 4556327.771434739232063 ], [ 7415985.253337372094393, 4556699.399600136093795 ], [ 7415878.979371501132846, 4557068.564465587958694 ], [ 7415076.557854459621012, 4557183.16197613812983 ], [ 7414717.488648761995137, 4557483.353725049644709 ], [ 7414350.924629463814199, 4557605.452669569291174 ], [ 7413991.903897789306939, 4557905.681095061823726 ], [ 7412576.608525639399886, 4557968.881653965450823 ], [ 7412217.687329175882041, 4558269.185266193002462 ], [ 7411851.217710633762181, 4558391.405045414343476 ], [ 7411492.345081601291895, 4558691.745303397998214 ], [ 7410077.281055023893714, 4558755.419710347428918 ], [ 7409342.785407161340117, 4559498.245358159765601 ], [ 7408866.297820888459682, 4559657.599542747251689 ], [ 7408646.590996596962214, 4561299.824887790717185 ], [ 7407475.162384427152574, 4561391.510840841569006 ], [ 7407040.66384260635823, 4561755.78161898534745 ], [ 7406216.188189920969307, 4561621.40341517329216 ] ] ] } },
{ "type": "Feature", "properties": { "id": "000300000000000073ff", "COAST": 1, "DIST_MAIN": 0.0, "DIST_SINK": 0.0, "ENDO": 0, "HYBAS_ID": 2120014480, "MAIN_BAS": 2120014480, "NEXT_DOWN": 0, "NEXT_SINK": 2120014480, "ORDER": 0, "PFAF_ID": 214097900000, "SORT": 23561, "SUB_AREA": 27.9, "UP_AREA": 27.9 }, "geometry": { "type": "Polygon", "coordinates": [ [ [ 7411599.338286057114601, 4477622.56323425937444 ], [ 7411644.006750685162842, 4477355.586051130667329 ], [ 7411958.841036179102957, 4476984.896595482714474 ], [ 7412003.541569312103093, 4476717.435944275930524 ], [ 7412279.78861054033041, 4476827.424951302818954 ], [ 7412366.269484423100948, 4477447.471015411429107 ], [ 7412927.301558472216129, 4478377.049084046855569 ], [ 7412996.644375611096621, 4478873.106012655422091 ], [ 7415624.454519993625581, 4482847.631561349146068 ], [ 7416094.791349623352289, 4483035.102428269572556 ], [ 7417062.295823404565454, 4484354.010765017010272 ], [ 7417430.172251645475626, 4484500.622980872169137 ], [ 7418397.219555728137493, 4485819.740693845786154 ], [ 7418764.596552274189889, 4485966.896939973346889 ], [ 7419077.452530382201076, 4486321.926772910170257 ], [ 7419444.819860775023699, 4486468.63248569983989 ], [ 7420084.460867079906166, 4487305.618741123005748 ], [ 7420452.114701267331839, 4487452.890025104396045 ], [ 7420764.44306658115238, 4487807.978418319486082 ], [ 7421131.713892424479127, 4487954.768175869248807 ], [ 7421771.000541929155588, 4488792.422208528965712 ], [ 7422230.460514774546027, 4488976.261557918973267 ], [ 7422281.400506763719022, 4489347.896710813976824 ], [ 7422093.64892909117043, 4489404.751424158923328 ], [ 7421737.43484806548804, 4489713.629616506397724 ], [ 7421499.848364111036062, 4489834.675491775386035 ], [ 7421050.099417820572853, 4489345.716602485626936 ], [ 7420689.418611795641482, 4489190.852443250827491 ], [ 7420370.258112707175314, 4488843.808691987767816 ], [ 7420009.95666937623173, 4488688.505753624252975 ], [ 7419363.557033391669393, 4487859.563384943641722 ], [ 7419002.805450215935707, 4487704.295632300898433 ], [ 7418349.84445221349597, 4486867.167109314352274 ], [ 7417976.974524142220616, 4487190.655056902207434 ], [ 7417650.465257211588323, 4486835.903510334901512 ], [ 7417289.611158916726708, 4486681.219682228751481 ], [ 7416884.779574951156974, 4486241.735046466812491 ], [ 7416777.857003976590931, 4485550.442449640482664 ], [ 7416491.739768221974373, 4484972.219919539056718 ], [ 7415980.833380529657006, 4484753.172803563997149 ], [ 7415235.963559472002089, 4483799.119145475327969 ], [ 7414507.852864325977862, 4483898.588603157550097 ], [ 7414330.820022271946073, 4484970.524799635633826 ], [ 7414055.73790231347084, 4485398.876317880116403 ], [ 7413990.976449671201408, 4485636.943492909893394 ], [ 7413787.971808154135942, 4485586.475686392746866 ], [ 7413186.428633381612599, 4484704.612340067513287 ], [ 7412779.628324772231281, 4484603.204094265587628 ], [ 7412505.709604915231466, 4484203.002010666765273 ], [ 7412099.23063259664923, 4484102.148874877020717 ], [ 7411634.087672399356961, 4483421.992274682968855 ], [ 7412011.945012051612139, 4482977.400476486422122 ], [ 7411713.312580560334027, 4482535.19128424488008 ], [ 7411886.639700965955853, 4478295.832661142572761 ], [ 7411614.411898547783494, 4477893.314960633404553 ], [ 7411599.338286057114601, 4477622.56323425937444 ] ] ] } },
{ "type": "Feature", "properties": { "id": "00030000000000007400", "COAST": 1, "DIST_MAIN": 0.0, "DIST_SINK": 0.0, "ENDO": 0, "HYBAS_ID": 2120014500, "MAIN_BAS": 2120014500, "NEXT_DOWN": 0, "NEXT_SINK": 2120014500, "ORDER": 0, "PFAF_ID": 214099001000, "SORT": 23582, "SUB_AREA": 5.4, "UP_AREA": 5.4 }, "geometry": { "type": "Polygon", "coordinates": [ [ [ 7408684.348395254462957, 4472594.877894874662161 ], [ 7409029.987665681168437, 4472188.039904748089612 ], [ 7409074.964074424467981, 4471920.581279206089675 ], [ 7409100.188890293240547, 4471458.542846540920436 ], [ 7409303.609787490218878, 4471508.8476318474859 ], [ 7409741.376817238517106, 4472147.518839097581804 ], [ 7409772.33570921048522, 4472692.018457002006471 ], [ 7411685.976927477866411, 4475503.142661585472524 ], [ 7411716.170650192536414, 4476044.167086592875421 ], [ 7411988.451684962958097, 4476447.173809359781444 ], [ 7412003.541569312103093, 4476717.435944275930524 ], [ 7411795.952898165211082, 4476745.699337543919683 ], [ 7411448.200924585573375, 4477149.316615025512874 ], [ 7409999.470280018635094, 4475026.032652175985277 ], [ 7409968.949591713957489, 4474481.546971109695733 ], [ 7409533.794922056607902, 4473840.00246355868876 ], [ 7409327.445609929971397, 4473789.029692127369344 ], [ 7409312.258963896892965, 4473518.286902857013047 ], [ 7408684.348395254462957, 4472594.877894874662161 ] ] ] } },
{ "type": "Feature", "properties": { "id": "00030000000000007401", "COAST": 1, "DIST_MAIN": 0.0, "DIST_SINK": 0.0, "ENDO": 0, "HYBAS_ID": 2120014520, "MAIN_BAS": 2120014520, "NEXT_DOWN": 0, "NEXT_SINK": 2120014520, "ORDER": 0, "PFAF_ID": 214099003000, "SORT": 23594, "SUB_AREA": 7.7, "UP_AREA": 7.7 }, "geometry": { "type": "Polygon", "coordinates": [ [ [ 7404247.762265459634364, 4469340.727936844341457 ], [ 7404458.144698315300047, 4469312.382657438516617 ], [ 7405339.558488541282713, 4468278.920153475366533 ], [ 7405483.923955394886434, 4466162.32175706513226 ], [ 7405837.723727178759873, 4466181.439279019832611 ], [ 7406114.445248605683446, 4466291.165105889551342 ], [ 7406201.726856798864901, 4466910.600071438588202 ], [ 7407633.877040441147983, 4469060.394790228456259 ], [ 7409065.130219215527177, 4471210.530062939971685 ], [ 7409100.188890293240547, 4471458.542846540920436 ], [ 7408908.998370926827192, 4471511.123679422773421 ], [ 7408546.29319298826158, 4471840.633693161420524 ], [ 7407894.669213691726327, 4470992.436440126039088 ], [ 7407525.988322626799345, 4470845.859155525453389 ], [ 7406780.851989786140621, 4469876.61537575442344 ], [ 7406689.273997478187084, 4469226.66799134388566 ], [ 7406293.568898428231478, 4468525.516297907568514 ], [ 7405878.936630505137146, 4468902.450505645014346 ], [ 7405401.270787191577256, 4469034.378752595745027 ], [ 7405247.73193525057286, 4469640.779059228487313 ], [ 7404778.371609351597726, 4470295.112068594433367 ], [ 7404307.355421441607177, 4469763.660409206524491 ], [ 7404247.762265459634364, 4469340.727936844341457 ] ] ] } },
{ "type": "Feature", "properties": { "id": "00030000000000007402", "COAST": 1, "DIST_MAIN": 0.0, "DIST_SINK": 0.0, "ENDO": 0, "HYBAS_ID": 2120014540, "MAIN_BAS": 2120014540, "NEXT_DOWN": 0, "NEXT_SINK": 2120014540, "ORDER": 0, "PFAF_ID": 214099005000, "SORT": 23599, "SUB_AREA": 3.8, "UP_AREA": 3.9 }, "geometry": { "type": "Polygon", "coordinates": [ [ [ 7403558.99319508112967, 4462350.205260595306754 ], [ 7403650.77208327036351, 4461986.036483681760728 ], [ 7403937.829891342669725, 4461906.698202446103096 ], [ 7404141.883748885244131, 4461957.356463887728751 ], [ 7404909.823743590153754, 4463076.745744853280485 ], [ 7404940.909764213487506, 4463621.169502095319331 ], [ 7405543.418040003627539, 4464505.012758349999785 ], [ 7405574.214162222109735, 4465046.45784742385149 ], [ 7405847.322229510173202, 4465448.684588840231299 ], [ 7405862.703359223902225, 4465719.408543426543474 ], [ 7404951.089372086338699, 4465630.985246434807777 ], [ 7404512.464020277373493, 4464992.657441423274577 ], [ 7404481.398799948394299, 4464447.745171943679452 ], [ 7403549.671541959047318, 4463082.943373136222363 ], [ 7403558.99319508112967, 4462350.205260595306754 ] ] ] } },
{ "type": "Feature", "properties": { "id": "00030000000000007403", "COAST": 1, "DIST_MAIN": 0.0, "DIST_SINK": 0.0, "ENDO": 0, "HYBAS_ID": 2120014550, "MAIN_BAS": 2120014550, "NEXT_DOWN": 0, "NEXT_SINK": 2120014550, "ORDER": 0, "PFAF_ID": 215001100000, "SORT": 23600, "SUB_AREA": 10.4, "UP_AREA": 10.5 }, "geometry": { "type": "Polygon", "coordinates": [ [ [ 7399178.568381012417376, 4464600.065659970976412 ], [ 7399728.046194016002119, 4464062.78562528360635 ], [ 7400110.239343083463609, 4463956.636982545256615 ], [ 7400460.462370053865016, 4463637.966196394525468 ], [ 7401196.955543586984277, 4463551.258290286175907 ], [ 7401926.270731997676194, 4462789.556139381602407 ], [ 7402404.245887809433043, 4462656.884464182890952 ], [ 7402557.590912315994501, 4462050.434716586023569 ], [ 7402943.930846547707915, 4461472.851124361157417 ], [ 7402889.614570207893848, 4460677.67166665289551 ], [ 7402655.07627553679049, 4460230.040561518631876 ], [ 7402609.78406844381243, 4459272.145350681617856 ], [ 7402375.195789556019008, 4458824.02534946706146 ], [ 7402414.298220196738839, 4457189.524617264047265 ], [ 7402438.996491504833102, 4456727.500709450803697 ], [ 7402643.223150980658829, 4456777.614104204811156 ], [ 7403082.215346745215356, 4457415.763323481194675 ], [ 7403113.905300782062113, 4457960.186885034665465 ], [ 7403387.432521261274815, 4458362.785447675734758 ], [ 7403368.9339186148718, 4459828.25620721001178 ], [ 7403642.387687352485955, 4460230.376117751002312 ], [ 7403673.775662316009402, 4460771.820508532226086 ], [ 7403947.168952394276857, 4461173.962891766801476 ], [ 7403937.829891342669725, 4461906.698202446103096 ], [ 7403650.77208327036351, 4461986.036483681760728 ], [ 7403558.99319508112967, 4462350.205260595306754 ], [ 7403259.619565636850893, 4462432.862786474637687 ], [ 7403093.774087299592793, 4463498.015203059650958 ], [ 7402297.896109749563038, 4464521.955273580737412 ], [ 7401473.50722280703485, 4464619.221416040323675 ], [ 7400733.528802364133298, 4465392.286130599677563 ], [ 7400398.101220401935279, 4465014.235428818501532 ], [ 7400036.343554676510394, 4465343.693261438049376 ], [ 7399491.283179775811732, 4465377.67142335511744 ], [ 7399456.227084279991686, 4465129.755583469755948 ], [ 7399178.568381012417376, 4464600.065659970976412 ] ] ] } },
{ "type": "Feature", "properties": { "id": "00030000000000007404", "COAST": 1, "DIST_MAIN": 0.0, "DIST_SINK": 0.0, "ENDO": 0, "HYBAS_ID": 2120014570, "MAIN_BAS": 2120014570, "NEXT_DOWN": 0, "NEXT_SINK": 2120014570, "ORDER": 0, "PFAF_ID": 215001300000, "SORT": 23613, "SUB_AREA": 10.6, "UP_AREA": 10.7 }, "geometry": { "type": "Polygon", "coordinates": [ [ [ 7397648.221450941637158, 4453228.328376249410212 ], [ 7397859.376467948779464, 4453199.787723776884377 ], [ 7398426.147171298973262, 4452533.277486317791045 ], [ 7398390.476036987267435, 4452070.564900057390332 ], [ 7398060.228195411153138, 4451586.345061556436121 ], [ 7398144.772472670301795, 4451130.977760539390147 ], [ 7398459.733120079152286, 4450759.700198436155915 ], [ 7398503.929751271381974, 4450492.186146795749664 ], [ 7398548.109432269819081, 4450225.166548929177225 ], [ 7398863.111283434554935, 4449853.909023060463369 ], [ 7398907.296188523061574, 4449586.893165620975196 ], [ 7399111.745444501750171, 4449636.890136661008 ], [ 7399551.925747674889863, 4450274.294758247211576 ], [ 7399583.591471758671105, 4450819.149913397617638 ], [ 7400187.95791149046272, 4451702.437998002395034 ], [ 7400219.383355762809515, 4452243.32315309625119 ], [ 7402142.824298186227679, 4455051.291744366288185 ], [ 7402174.42860124912113, 4455592.217927807942033 ], [ 7402448.108019612729549, 4455994.777032975107431 ], [ 7402438.996491504833102, 4456727.500709450803697 ], [ 7401899.995279224589467, 4456635.704542513005435 ], [ 7401255.328234082087874, 4455800.162329225800931 ], [ 7400885.742859358899295, 4455654.472002713009715 ], [ 7400138.022336800582707, 4454685.585517410188913 ], [ 7400045.807069471105933, 4454036.296753361821175 ], [ 7399688.82340875826776, 4453407.200233152136207 ], [ 7398296.943526414223015, 4453199.579278544522822 ], [ 7397719.023025567643344, 4453725.12884858250618 ], [ 7397648.221450941637158, 4453228.328376249410212 ] ] ] } },
{ "type": "Feature", "properties": { "id": "00030000000000007405", "COAST": 1, "DIST_MAIN": 0.0, "DIST_SINK": 0.0, "ENDO": 0, "HYBAS_ID": 2120014590, "MAIN_BAS": 2120014590, "NEXT_DOWN": 0, "NEXT_SINK": 2120014590, "ORDER": 0, "PFAF_ID": 215001501010, "SORT": 23623, "SUB_AREA": 74.8, "UP_AREA": 74.8 }, "geometry": { "type": "Polygon", "coordinates": [ [ [ 7380869.126202530227602, 4446665.87891510874033 ], [ 7381041.070267034694552, 4445173.964435289613903 ], [ 7381330.282576334662735, 4444739.265556980855763 ], [ 7381086.269202730618417, 4444277.673286008648574 ], [ 7381050.399989265948534, 4444029.9000782687217 ], [ 7381241.966946453787386, 4443976.584398477338254 ], [ 7381722.991905414499342, 4443537.693271234631538 ], [ 7382323.646114573813975, 4443694.004465647041798 ], [ 7382639.750706331804395, 4444047.217569415457547 ], [ 7383364.906225671060383, 4444210.425617882981896 ], [ 7383681.321803068742156, 4444563.706902172416449 ], [ 7384406.063792895525694, 4444726.497952504083514 ], [ 7384722.407216616906226, 4445079.833239914849401 ], [ 7385092.374161337502301, 4445224.644380073063076 ], [ 7385739.754736518487334, 4446058.603361399844289 ], [ 7386464.705732718110085, 4446221.630754499696195 ], [ 7386780.516078815795481, 4446575.037425028160214 ], [ 7388215.07684500515461, 4446775.108175368048251 ], [ 7388530.781501550227404, 4447128.598468923941255 ], [ 7389965.250360947102308, 4447328.525237210094929 ], [ 7390291.305316975340247, 4447693.542603080160916 ], [ 7390784.303229469805956, 4447244.886974113062024 ], [ 7391824.411803172901273, 4447436.174874048680067 ], [ 7392180.271330531686544, 4448061.246411502361298 ], [ 7392292.111436889506876, 4448839.318878637626767 ], [ 7393092.836166243068874, 4448754.99872862175107 ], [ 7393443.307609197683632, 4448435.982966287992895 ], [ 7393826.471942451782525, 4448329.978989410214126 ], [ 7394177.000074229203165, 4448010.991557145491242 ], [ 7394560.232344170100987, 4447904.527389602735639 ], [ 7395041.922724453732371, 4447466.444672574289143 ], [ 7395287.089136316441, 4447605.261780676431954 ], [ 7395602.842318690381944, 4447959.090333096683025 ], [ 7395972.488940455019474, 4448104.952860883437097 ], [ 7396406.116571385413408, 4448590.999571490101516 ], [ 7396664.43334034550935, 4448478.580055215395987 ], [ 7397015.088843294419348, 4448159.712046382017434 ], [ 7397206.742625414393842, 4448106.304149591363966 ], [ 7397765.82650466542691, 4448175.428108313120902 ], [ 7398042.516615251079202, 4448574.441842148080468 ], [ 7398451.055582845583558, 4448674.869854149408638 ], [ 7398891.335374359972775, 4449312.724625647999346 ], [ 7398907.296188523061574, 4449586.893165620975196 ], [ 7398716.074604689143598, 4449639.78147573210299 ], [ 7398365.011083663441241, 4449958.546459792181849 ], [ 7398106.714640649035573, 4450070.909437787719071 ], [ 7397673.287189185619354, 4449584.746891178190708 ], [ 7397303.734558057971299, 4449438.789865288883448 ], [ 7396988.123727094382048, 4449084.885953068733215 ], [ 7396743.032933740876615, 4448946.005564564839005 ], [ 7396261.311380473896861, 4449383.983331398107111 ], [ 7395878.117834779433906, 4449490.351032950915396 ], [ 7395527.563901042565703, 4449809.266266671009362 ], [ 7395144.430619862861931, 4449915.174972092732787 ], [ 7394793.933332188986242, 4450234.11852040886879 ], [ 7393346.910936816595495, 4450285.012019166722894 ], [ 7392996.515509526245296, 4450604.024801691994071 ], [ 7392258.983221761882305, 4450691.622704630717635 ], [ 7391797.218315996229649, 4451112.026500629261136 ], [ 7391601.560910515487194, 4451889.98992486577481 ], [ 7391123.23127381876111, 4452022.884635026566684 ], [ 7390394.274140100926161, 4452786.117524520494044 ], [ 7389302.63886983320117, 4452855.633757923729718 ], [ 7388952.155208076350391, 4453174.79547827411443 ], [ 7386088.091270734556019, 4453153.998420821502805 ], [ 7385726.596232661046088, 4453483.638434161432087 ], [ 7385400.647928677499294, 4453118.809304213151336 ], [ 7384926.710266204550862, 4452932.421909144148231 ], [ 7384872.874498501420021, 4451855.96951297018677 ], [ 7384215.140378940850496, 4450779.977496175095439 ], [ 7383730.547752703540027, 4450590.162423975765705 ], [ 7382752.388055839575827, 4449276.367656219750643 ], [ 7382382.224442854523659, 4449131.643691968172789 ], [ 7382066.361312432214618, 4448778.425424636341631 ], [ 7381696.188027059659362, 4448633.231662617065012 ], [ 7381380.277275097556412, 4448280.047118134796619 ], [ 7381195.153273952193558, 4448207.715258755721152 ], [ 7381256.141673163510859, 4447964.833394330926239 ], [ 7381640.845419979654253, 4447386.702355749905109 ], [ 7381529.822094758972526, 4446924.858558964915574 ], [ 7380869.126202530227602, 4446665.87891510874033 ] ] ] } },
{ "type": "Feature", "properties": { "id": "00030000000000007406", "COAST": 1, "DIST_MAIN": 0.0, "DIST_SINK": 0.0, "ENDO": 0, "HYBAS_ID": 2120014600, "MAIN_BAS": 2120014600, "NEXT_DOWN": 0, "NEXT_SINK": 2120014600, "ORDER": 0, "PFAF_ID": 215001501020, "SORT": 23624, "SUB_AREA": 151.1, "UP_AREA": 151.1 }, "geometry": { "type": "Polygon", "coordinates": [ [ [ 7380148.354469741694629, 4440740.878237246535718 ], [ 7380243.233045700006187, 4440361.342297009192407 ], [ 7381073.080239975824952, 4440261.260352274402976 ], [ 7381423.692484591156244, 4439941.712970835156739 ], [ 7381902.492523266002536, 4439808.163591293618083 ], [ 7382084.794873610138893, 4439079.965034909546375 ], [ 7382563.66403494309634, 4438946.450480083934963 ], [ 7383045.455134642310441, 4438507.139629584737122 ], [ 7383291.080630420707166, 4438646.029621900990605 ], [ 7383617.860209902748466, 4439010.707131179980934 ], [ 7383979.836821597069502, 4438680.931930278427899 ], [ 7384498.22620562184602, 4438536.148910411633551 ], [ 7384972.682858149521053, 4437824.305934445001185 ], [ 7384892.781846105121076, 4437491.451705830171704 ], [ 7384648.660445511341095, 4437029.750372146256268 ], [ 7384938.324692015536129, 4436595.1639498854056 ], [ 7385059.818145890720189, 4436109.880518831312656 ], [ 7385340.46294251549989, 4435688.730727922171354 ], [ 7385462.356867193244398, 4435203.47283442504704 ], [ 7385743.05534104257822, 4434782.334620825946331 ], [ 7385895.18800406716764, 4434175.626426671631634 ], [ 7386470.383229016326368, 4434015.473844260908663 ], [ 7386653.180319728329778, 4433287.353539135307074 ], [ 7387132.506829002872109, 4433154.094649543985724 ], [ 7387483.303759571164846, 4432834.769905772991478 ], [ 7388578.104237381368876, 4432764.806809769943357 ], [ 7388928.979822209104896, 4432445.550299882888794 ], [ 7389312.464520776644349, 4432338.753490310162306 ], [ 7389663.772956448607147, 4432019.540886196307838 ], [ 7390047.266768942587078, 4431913.273007741197944 ], [ 7390398.624188462272286, 4431594.090063986368477 ], [ 7391137.565982963889837, 4431505.668824231252074 ], [ 7391488.994897022843361, 4431186.533770340494812 ], [ 7392228.347903340123594, 4431098.731863810680807 ], [ 7392579.464669381268322, 4430779.622013306245208 ], [ 7393076.907650142908096, 4430641.696600871160626 ], [ 7394228.470934291370213, 4429194.110031609423459 ], [ 7394289.927078044973314, 4428951.296006639488041 ], [ 7394498.634425311349332, 4428922.952894019894302 ], [ 7394816.247711045667529, 4428554.568855259567499 ], [ 7395024.975350762717426, 4428526.233011745847762 ], [ 7395060.966452713124454, 4428773.621855513192713 ], [ 7395297.196453453041613, 4429221.394075697287917 ], [ 7395376.806681049987674, 4429554.384400982409716 ], [ 7394900.922533920034766, 4430265.672037267126143 ], [ 7394285.333771743811667, 4430436.035771396011114 ], [ 7394132.473908082582057, 4431043.124431750737131 ], [ 7393851.199076518416405, 4431463.495561693795025 ], [ 7393705.117020540870726, 4432411.179918645881116 ], [ 7393423.909034084528685, 4432831.571405857801437 ], [ 7393205.581401808187366, 4435165.752107466571033 ], [ 7392924.449245288968086, 4435586.646571562625468 ], [ 7392778.468175722286105, 4436534.3325773216784 ], [ 7392118.383067036047578, 4437398.358242661692202 ], [ 7392004.430053035728633, 4437721.788205707445741 ], [ 7392329.024273939430714, 4438336.254257901571691 ], [ 7392400.154680870473385, 4438831.946617922745645 ], [ 7392636.14014648552984, 4439279.1664177197963 ], [ 7392715.676698833703995, 4439612.122249722480774 ], [ 7392329.746901198290288, 4440190.266013650223613 ], [ 7392216.212063541635871, 4440513.218401948921382 ], [ 7392540.222252065315843, 4441128.173530080355704 ], [ 7392611.307962803170085, 4441623.385555788874626 ], [ 7392847.145890550687909, 4442071.110647773370147 ], [ 7392918.569839556701481, 4442566.344592600129545 ], [ 7394909.590580178424716, 4445569.721013154834509 ], [ 7395383.877947588451207, 4445756.221508054994047 ], [ 7396360.997298675589263, 4447071.786525164730847 ], [ 7396730.686799870803952, 4447217.686984802596271 ], [ 7397146.333525038324296, 4447683.980137202888727 ], [ 7397206.742625414393842, 4448106.304149591363966 ], [ 7397015.088843294419348, 4448159.712046382017434 ], [ 7396664.43334034550935, 4448478.580055215395987 ], [ 7396406.116571385413408, 4448590.999571490101516 ], [ 7395972.488940455019474, 4448104.952860883437097 ], [ 7395602.842318690381944, 4447959.090333096683025 ], [ 7395287.089136316441, 4447605.261780676431954 ], [ 7395041.922724453732371, 4447466.444672574289143 ], [ 7394560.232344170100987, 4447904.527389602735639 ], [ 7394177.000074229203165, 4448010.991557145491242 ], [ 7393826.471942451782525, 4448329.978989410214126 ], [ 7393443.307609197683632, 4448435.982966287992895 ], [ 7393092.836166243068874, 4448754.99872862175107 ], [ 7392292.111436889506876, 4448839.318878637626767 ], [ 7392180.271330531686544, 4448061.246411502361298 ], [ 7391824.411803172901273, 4447436.174874048680067 ], [ 7390784.303229469805956, 4447244.886974113062024 ], [ 7390291.305316975340247, 4447693.542603080160916 ], [ 7389965.250360947102308, 4447328.525237210094929 ], [ 7388530.781501550227404, 4447128.598468923941255 ], [ 7388215.07684500515461, 4446775.108175368048251 ], [ 7386780.516078815795481, 4446575.037425028160214 ], [ 7386464.705732718110085, 4446221.630754499696195 ], [ 7385739.754736518487334, 4446058.603361399844289 ], [ 7385092.374161337502301, 4445224.644380073063076 ], [ 7384722.407216616906226, 4445079.833239914849401 ], [ 7384406.063792895525694, 4444726.497952504083514 ], [ 7383681.321803068742156, 4444563.706902172416449 ], [ 7383364.906225671060383, 4444210.425617882981896 ], [ 7382639.750706331804395, 4444047.217569415457547 ], [ 7382323.646114573813975, 4443694.004465647041798 ], [ 7381722.991905414499342, 4443537.693271234631538 ], [ 7381241.966946453787386, 4443976.584398477338254 ], [ 7381050.399989265948534, 4444029.9000782687217 ], [ 7381033.936209145002067, 4443759.796894350089133 ], [ 7380758.657638300210238, 4443358.141071424819529 ], [ 7380748.625292969867587, 4442354.943872542120516 ], [ 7380473.250557576306164, 4441953.794059974141419 ], [ 7380440.256930983625352, 4441413.101389382965863 ], [ 7380164.847524393349886, 4441011.476926715113223 ], [ 7380148.354469741694629, 4440740.878237246535718 ] ] ] } },
{ "type": "Feature", "properties": { "id": "00030000000000007407", "COAST": 1, "DIST_MAIN": 0.0, "DIST_SINK": 0.0, "ENDO": 0, "HYBAS_ID": 2120014620, "MAIN_BAS": 2120014620, "NEXT_DOWN": 0, "NEXT_SINK": 2120014620, "ORDER": 0, "PFAF_ID": 215001503000, "SORT": 23626, "SUB_AREA": 358.0, "UP_AREA": 358.1 }, "geometry": { "type": "Polygon", "coordinates": [ [ [ 7370239.923897827975452, 4424961.598914214409888 ], [ 7370336.238051621243358, 4424574.612683121114969 ], [ 7371561.55414532776922, 4423235.735760909505188 ], [ 7372164.16879852861166, 4423067.364138641394675 ], [ 7372118.057736347429454, 4422027.396050084382296 ], [ 7371880.234720766544342, 4421580.958289591595531 ], [ 7371852.56131817214191, 4420161.628247976303101 ], [ 7371525.429679299704731, 4419547.730153790675104 ], [ 7371638.591324924491346, 4419224.544190714135766 ], [ 7372401.066292339004576, 4418222.082844353280962 ], [ 7372411.982342142611742, 4415902.784719798713923 ], [ 7371797.33191922493279, 4415664.060211739502847 ], [ 7371394.66983178537339, 4414908.691356915980577 ], [ 7371507.475520991720259, 4414585.47630175575614 ], [ 7371787.90174026787281, 4414163.84065620508045 ], [ 7371951.396760331466794, 4413506.951465278863907 ], [ 7372413.833358326926827, 4413085.272496433928609 ], [ 7372798.26878762152046, 4412978.110704588703811 ], [ 7373907.225683939643204, 4411768.541398261673748 ], [ 7374291.777788764797151, 4411660.954254804179072 ], [ 7376538.782687629573047, 4409117.788166455924511 ], [ 7377372.232513137161732, 4409017.088234875351191 ], [ 7377557.773405810818076, 4408273.09201543033123 ], [ 7378038.75046613253653, 4408139.187109220772982 ], [ 7378390.073549148626626, 4407819.39871870726347 ], [ 7378774.878061732277274, 4407712.512521280907094 ], [ 7379126.258021298795938, 4407392.753077995032072 ], [ 7380224.071149290539324, 4407320.824157477356493 ], [ 7380575.91482438147068, 4407001.148094692267478 ], [ 7381056.652110548689961, 4406867.400121985003352 ], [ 7381251.555238689295948, 4406089.204788103699684 ], [ 7381714.952262064442039, 4405668.019448702223599 ], [ 7382813.076039655134082, 4405596.441209174692631 ], [ 7383165.108366883359849, 4405276.873413717374206 ], [ 7383646.017027587629855, 4405143.277165965177119 ], [ 7383737.368647175841033, 4404779.423989377915859 ], [ 7384370.156234819442034, 4404884.567711154930294 ], [ 7384427.7509147208184, 4405277.222235984168947 ], [ 7384337.251973828300834, 4406469.23110041115433 ], [ 7384021.635408568195999, 4406840.652702867984772 ], [ 7383845.442379521206021, 4409145.572244996204972 ], [ 7384178.449329352937639, 4409628.926488394849002 ], [ 7384188.818753365427256, 4410632.121799765154719 ], [ 7384465.433585191145539, 4411033.319727421738207 ], [ 7384498.642054721713066, 4411574.01495797932148 ], [ 7384775.172570111230016, 4411975.729709442704916 ], [ 7384808.721567014232278, 4412516.451906130649149 ], [ 7385418.096439136192203, 4413398.145707969553769 ], [ 7385451.202793788164854, 4413938.852738666348159 ], [ 7387059.180566440336406, 4416261.755443866364658 ], [ 7387092.499282002449036, 4416802.506175480782986 ], [ 7389031.665511595085263, 4419605.507213494740427 ], [ 7389064.388412041589618, 4420146.75028342101723 ], [ 7389837.239540560171008, 4421266.923330746591091 ], [ 7390250.382382711395621, 4421367.435321162454784 ], [ 7390860.742993066087365, 4422246.822520403191447 ], [ 7391270.80084959231317, 4422346.748764514923096 ], [ 7392654.549253174103796, 4424347.306114686653018 ], [ 7394037.509971964173019, 4426348.18431999348104 ], [ 7394069.993500078096986, 4426892.471486666239798 ], [ 7394677.350604040548205, 4427775.098933163098991 ], [ 7394693.467512122355402, 4428045.25294129550457 ], [ 7394598.71290173381567, 4428421.747291831299663 ], [ 7393891.167643264867365, 4428530.348624430596828 ], [ 7393445.571803008206189, 4428032.602827998809516 ], [ 7393083.065354333259165, 4428362.513649571686983 ], [ 7392343.428149466402829, 4428450.249635816551745 ], [ 7391991.855631588958204, 4428769.357281631790102 ], [ 7389474.000793838873506, 4428765.800232177600265 ], [ 7389122.958531021140516, 4429085.04979083687067 ], [ 7388383.45271759480238, 4429173.666274487040937 ], [ 7387653.048040172085166, 4429936.781242368742824 ], [ 7386913.66138509567827, 4430025.527985555119812 ], [ 7386562.78909885045141, 4430344.876362089067698 ], [ 7385823.488615884445608, 4430433.23772513307631 ], [ 7385472.687958874739707, 4430752.634001445956528 ], [ 7383311.132685018703341, 4430769.129439099691808 ], [ 7382960.456354449503124, 4431088.634937657043338 ], [ 7382576.659731690771878, 4431195.730044916272163 ], [ 7382226.039908846840262, 4431515.272546257823706 ], [ 7381256.398407164029777, 4431592.44479161594063 ], [ 7380820.749780913814902, 4431107.423704022541642 ], [ 7380345.245426515117288, 4430921.92369934823364 ], [ 7380290.097437627613544, 4429845.096758592873812 ], [ 7379260.966749701648951, 4428253.464784538373351 ], [ 7376785.444541138596833, 4427999.859834593720734 ], [ 7375941.14468442555517, 4428884.749651277437806 ], [ 7375202.338461863808334, 4428974.156477652490139 ], [ 7374851.600737220607698, 4429294.003876077011228 ], [ 7374112.457167772576213, 4429383.982643805444241 ], [ 7373762.167523175477982, 4429703.893361576832831 ], [ 7372859.146249705925584, 4429722.462551371194422 ], [ 7372581.054702785797417, 4429614.110175461508334 ], [ 7372490.116833445616066, 4428995.338331029750407 ], [ 7372252.620523683726788, 4428548.371865835040808 ], [ 7372202.247989333234727, 4427590.977474644780159 ], [ 7371540.534956167452037, 4426516.905365030281246 ], [ 7371054.079904771409929, 4426328.035792539827526 ], [ 7370635.617929314263165, 4425863.390376173891127 ], [ 7370518.615403157658875, 4425069.377151652239263 ], [ 7370239.923897827975452, 4424961.598914214409888 ] ] ] } },
{ "type": "Feature", "properties": { "id": "00030000000000007426", "COAST": 1, "DIST_MAIN": 0.0, "DIST_SINK": 0.0, "ENDO": 0, "HYBAS_ID": 2120015210, "MAIN_BAS": 2120015210, "NEXT_DOWN": 0, "NEXT_SINK": 2120015210, "ORDER": 0, "PFAF_ID": 215001791000, "SORT": 23735, "SUB_AREA": 126.0, "UP_AREA": 126.0 }, "geometry": { "type": "Polygon", "coordinates": [ [ [ 7320492.474860778078437, 4421313.355207555927336 ], [ 7320558.364021186716855, 4421080.298214915208519 ], [ 7320821.534918924793601, 4420637.57185918930918 ], [ 7320953.344280174933374, 4420171.477528663352132 ], [ 7322718.151894323527813, 4417939.792514095082879 ], [ 7322850.09234128613025, 4417473.722652119584382 ], [ 7323233.984444720670581, 4416827.09040243178606 ], [ 7323078.564506771042943, 4416414.730557965114713 ], [ 7322149.252356519922614, 4416185.645421867258847 ], [ 7321788.976672890596092, 4415442.639412586577237 ], [ 7323574.697434178553522, 4415337.373263127170503 ], [ 7323925.84898429736495, 4414745.858365453779697 ], [ 7323699.071902751922607, 4414277.93879784271121 ], [ 7323616.239886840805411, 4413206.24882236123085 ], [ 7322659.719677477143705, 4412970.045090812258422 ], [ 7321911.049518776126206, 4411716.196864135563374 ], [ 7322035.781538639217615, 4411421.223066239617765 ], [ 7322298.933047287166119, 4410978.016010435298085 ], [ 7322430.915633441880345, 4410511.933674341067672 ], [ 7322694.495738264173269, 4410068.752260949462652 ], [ 7322859.321838819421828, 4409486.158244389109313 ], [ 7323506.612210026942194, 4409258.386450076475739 ], [ 7323822.148491393774748, 4408727.759215918369591 ], [ 7324013.013658073730767, 4406874.981503911316395 ], [ 7324276.387597399763763, 4406432.318292545154691 ], [ 7324478.440510821528733, 4404471.020867700688541 ], [ 7324777.669603222981095, 4404365.793559617362916 ], [ 7324963.909037239849567, 4404436.628594010137022 ], [ 7325621.417400871403515, 4405264.728604601696134 ], [ 7326099.542076303623617, 4405446.61241415515542 ], [ 7326163.392392386682332, 4406521.985621102154255 ], [ 7326831.727492045611143, 4407589.992705643177032 ], [ 7326680.418221316300333, 4408858.839338827878237 ], [ 7326298.704890250228345, 4409440.048345009796321 ], [ 7326302.56789037398994, 4411620.727587249130011 ], [ 7326543.279456835240126, 4412065.542066187597811 ], [ 7326638.270162560045719, 4412683.979252473451197 ], [ 7327103.861869844608009, 4412861.474654228426516 ], [ 7327424.132055800408125, 4413212.134583173319697 ], [ 7328678.99577153660357, 4413329.004316645674407 ], [ 7328636.908979514613748, 4413596.736850077286363 ], [ 7328324.876408813521266, 4413970.267094403505325 ], [ 7328184.855791005305946, 4415812.865099446848035 ], [ 7328520.715713111683726, 4416293.573123153299093 ], [ 7328518.282291368581355, 4417758.105032340623438 ], [ 7328797.221599692478776, 4418157.605259002186358 ], [ 7328834.208742187358439, 4418697.791602904908359 ], [ 7329615.676768446341157, 4419811.742063933052123 ], [ 7330740.788749226368964, 4419939.309915464371443 ], [ 7331859.777352141216397, 4421528.532674402929842 ], [ 7331838.085231801494956, 4422725.721557402983308 ], [ 7331856.426049350760877, 4422996.080165732651949 ], [ 7332162.26386539824307, 4423434.576329059898853 ], [ 7331819.398756481707096, 4423844.755673444829881 ], [ 7331655.125898157246411, 4426228.433361124247313 ], [ 7330780.853993902914226, 4427270.523471534252167 ], [ 7330214.103217924945056, 4427285.017392753623426 ], [ 7329315.814365402795374, 4427314.894449636340141 ], [ 7328959.292901383712888, 4427624.984106065705419 ], [ 7327273.957171017304063, 4427689.430409898050129 ], [ 7325497.207815201021731, 4425298.248463565483689 ], [ 7324778.430834963917732, 4425130.252895908430219 ], [ 7324450.145794123411179, 4424790.721443557180464 ], [ 7323273.615756863728166, 4424589.981395231559873 ], [ 7323198.188902324996889, 4423502.720274159684777 ], [ 7322909.260231849737465, 4422933.565937720239162 ], [ 7322283.130219573155046, 4422670.185250499285758 ], [ 7322198.993700381368399, 4421459.722988829016685 ], [ 7320848.493663035333157, 4421328.354634962975979 ], [ 7320492.474860778078437, 4421313.355207555927336 ] ] ] } },
{ "type": "Feature", "properties": { "id": "00030000000000007427", "COAST": 1, "DIST_MAIN": 0.0, "DIST_SINK": 0.0, "ENDO": 0, "HYBAS_ID": 2120015230, "MAIN_BAS": 2120015230, "NEXT_DOWN": 0, "NEXT_SINK": 2120015230, "ORDER": 0, "PFAF_ID": 215001793000, "SORT": 23738, "SUB_AREA": 142.4, "UP_AREA": 142.4 }, "geometry": { "type": "Polygon", "coordinates": [ [ [ 7299592.186651030555367, 4436198.285716293379664 ], [ 7299776.959779929369688, 4436269.985226448625326 ], [ 7300099.258702421560884, 4436616.593480315990746 ], [ 7301533.744266549125314, 4436802.365313839167356 ], [ 7301979.981752422638237, 4437282.782764697447419 ], [ 7305425.309623850509524, 4437292.199226588010788 ], [ 7305774.244022842496634, 4436972.416559506207705 ], [ 7307574.311641538515687, 4436916.524896154180169 ], [ 7308057.777784243226051, 4436473.512325368821621 ], [ 7308298.004991603083909, 4436612.076733238063753 ], [ 7308743.867771099321544, 4437092.919341772794724 ], [ 7309168.816271089017391, 4436891.802692387253046 ], [ 7308789.455195838585496, 4436180.326097751036286 ], [ 7308941.141054760664701, 4435279.484726440161467 ], [ 7310541.279783934354782, 4433463.454118738882244 ], [ 7312430.777041956782341, 4433405.850765416398644 ], [ 7312615.571287125349045, 4432655.024751793593168 ], [ 7313204.332402334548533, 4432479.67767743114382 ], [ 7313402.156090375036001, 4430382.914237208664417 ], [ 7314639.888059603981674, 4429003.416550204157829 ], [ 7315020.28527679014951, 4428889.894518186338246 ], [ 7315744.874057536013424, 4428123.376810557208955 ], [ 7316220.241218309849501, 4427982.147688927128911 ], [ 7316399.07527476362884, 4427256.881561086513102 ], [ 7317016.897848637774587, 4427073.577034188434482 ], [ 7317446.877812372520566, 4426406.377185049466789 ], [ 7316679.115287270396948, 4426106.816357471048832 ], [ 7316855.402963756583631, 4425297.725897219032049 ], [ 7317392.733939477242529, 4425877.489572157151997 ], [ 7317794.825242843478918, 4425687.70377185754478 ], [ 7318518.32168535143137, 4424715.25238835811615 ], [ 7318676.422099103219807, 4423307.950507186353207 ], [ 7318951.67967108078301, 4422882.031939431093633 ], [ 7319115.697424309328198, 4422217.607005205005407 ], [ 7319571.361699669621885, 4421802.241787915118039 ], [ 7320473.001322709955275, 4421775.757249473594129 ], [ 7320770.69845368526876, 4421888.875179961323738 ], [ 7320785.594660959206522, 4423968.351026301272213 ], [ 7320072.292618056759238, 4424173.620361058041453 ], [ 7319903.158096273429692, 4425700.851462756283581 ], [ 7319626.14248863235116, 4426123.688625231385231 ], [ 7319508.472875378094614, 4426610.210502479225397 ], [ 7318856.729564376175404, 4427480.535076248459518 ], [ 7318706.664876282215118, 4428749.469119369983673 ], [ 7319373.577665583230555, 4429816.912749943323433 ], [ 7319373.051208695396781, 4430988.093763715587556 ], [ 7319314.051487924531102, 4431231.344190856441855 ], [ 7317538.831845945678651, 4433443.206850253045559 ], [ 7317369.764479339122772, 4434970.459038907662034 ], [ 7316875.704081378877163, 4435112.771804993972182 ], [ 7316388.612908473238349, 4435599.235784731805325 ], [ 7316220.81620717048645, 4437119.604745503515005 ], [ 7315944.320578256621957, 4437543.041880128905177 ], [ 7315827.369764781557024, 4438029.116454279050231 ], [ 7315176.481304112821817, 4438899.681940395385027 ], [ 7315040.330778669565916, 4439848.180058863013983 ], [ 7314389.670484102331102, 4440718.798544645309448 ], [ 7314312.044930391944945, 4441424.011914936825633 ], [ 7314025.973638841882348, 4441506.745491705834866 ], [ 7313938.189191269688308, 4441871.187189316377044 ], [ 7313751.170581722632051, 4441932.291954452171922 ], [ 7312641.68656347412616, 4443145.139328695833683 ], [ 7311971.370251598767936, 4442321.335662194527686 ], [ 7310333.697505110874772, 4442116.710843880660832 ], [ 7309829.117427312768996, 4442559.19514437019825 ], [ 7309599.880968750454485, 4442687.022700901143253 ], [ 7309132.822326364926994, 4442204.725895255804062 ], [ 7308415.858826788142323, 4442038.219387485645711 ], [ 7308087.380994778126478, 4441699.369850998744369 ], [ 7306773.065751508809626, 4441508.710527189075947 ], [ 7305173.187709415331483, 4443303.035737712867558 ], [ 7304166.147398421540856, 4442003.253144494257867 ], [ 7303803.74514186847955, 4441851.471850224770606 ], [ 7303475.061588021926582, 4441512.835381994955242 ], [ 7303112.618678432889283, 4441361.083006912842393 ], [ 7302783.903698917478323, 4441021.983836874365807 ], [ 7302565.350543910637498, 4440876.026326864026487 ], [ 7302061.191919501870871, 4441319.013745673000813 ], [ 7301477.053925544954836, 4441432.90540733281523 ], [ 7301009.8166967285797, 4440951.157775931991637 ], [ 7300182.576989620923996, 4440760.270297721959651 ], [ 7300149.075934727676213, 4438757.351993036456406 ], [ 7299580.291219028644264, 4437825.914803597144783 ], [ 7299573.914411905221641, 4436660.183163153938949 ], [ 7299592.186651030555367, 4436198.285716293379664 ] ] ] } },
{ "type": "Feature", "properties": { "id": "00030000000000007428", "COAST": 1, "DIST_MAIN": 0.0, "DIST_SINK": 0.0, "ENDO": 0, "HYBAS_ID": 2120015250, "MAIN_BAS": 2120015250, "NEXT_DOWN": 0, "NEXT_SINK": 2120015250, "ORDER": 0, "PFAF_ID": 215001795000, "SORT": 23740, "SUB_AREA": 96.6, "UP_AREA": 96.6 }, "geometry": { "type": "Polygon", "coordinates": [ [ [ 7283060.56874574162066, 4431397.704750302247703 ], [ 7283117.999784198589623, 4431154.227750292979181 ], [ 7284137.907902232371271, 4429832.506976830773056 ], [ 7284252.860985896550119, 4429345.5585724003613 ], [ 7284660.987538294866681, 4428759.173288027755916 ], [ 7285486.959705790504813, 4428649.048850268125534 ], [ 7286206.157294708304107, 4427876.84122865088284 ], [ 7289075.711245590820909, 4427859.257926547899842 ], [ 7289422.470428375527263, 4427535.706417144276202 ], [ 7291226.056670045480132, 4427478.8568503158167 ], [ 7291572.560633096843958, 4427155.377797096967697 ], [ 7291845.959228590130806, 4427039.595578433945775 ], [ 7292713.43559867888689, 4428126.397589405067265 ], [ 7292815.289537981152534, 4428774.165930490009487 ], [ 7295203.594722953625023, 4432245.46217992529273 ], [ 7296016.951918447390199, 4432417.834114231169224 ], [ 7296337.195075216703117, 4432767.132783541455865 ], [ 7297064.380752752535045, 4432921.896436606533825 ], [ 7297826.633921830914915, 4433879.001159608364105 ], [ 7297947.421330840326846, 4434650.46841412037611 ], [ 7298505.493283524177969, 4434861.149471548385918 ], [ 7298621.299388136714697, 4435602.224254626780748 ], [ 7299178.879949339665473, 4435813.437911006622016 ], [ 7299236.921086099930108, 4436184.244963526725769 ], [ 7299142.999113907106221, 4436577.278720493428409 ], [ 7294892.53923948854208, 4436539.34126843046397 ], [ 7294452.296541478484869, 4436059.616283432580531 ], [ 7292597.298446029424667, 4435861.427711823023856 ], [ 7292473.283939206972718, 4436382.613305838778615 ], [ 7291569.437934117391706, 4436406.700394692830741 ], [ 7291229.436765127815306, 4436738.816039840690792 ], [ 7290131.947271572425961, 4436814.0574641963467 ], [ 7289791.65120068192482, 4437146.216693805530667 ], [ 7286662.249127931892872, 4437144.947304923087358 ], [ 7285796.57836608029902, 4436021.727280895225704 ], [ 7285710.004401421174407, 4435411.802194217219949 ], [ 7285461.197993993759155, 4434976.529046104289591 ], [ 7285406.946978007443249, 4434012.265029158443213 ], [ 7285158.066914988681674, 4433577.004484124481678 ], [ 7285116.047362752258778, 4432295.774860344827175 ], [ 7285492.56199958268553, 4431738.454103135503829 ], [ 7285604.232458726502955, 4431179.088489483110607 ], [ 7285131.480871645733714, 4430953.806808465160429 ], [ 7284675.41122412122786, 4431399.214222013019025 ], [ 7284287.410044995136559, 4431502.524644526652992 ], [ 7283947.591173338703811, 4431834.458370518870652 ], [ 7283043.330339278094471, 4431859.588754867203534 ], [ 7283060.56874574162066, 4431397.704750302247703 ] ] ] } },
{ "type": "Feature", "properties": { "id": "00030000000000007429", "COAST": 1, "DIST_MAIN": 0.0, "DIST_SINK": 0.0, "ENDO": 0, "HYBAS_ID": 2120015270, "MAIN_BAS": 2120015270, "NEXT_DOWN": 0, "NEXT_SINK": 2120015270, "ORDER": 0, "PFAF_ID": 215001797000, "SORT": 23742, "SUB_AREA": 175.4, "UP_AREA": 175.4 }, "geometry": { "type": "Polygon", "coordinates": [ [ [ 7266892.620597751811147, 4446079.185555187985301 ], [ 7267011.194648154079914, 4445637.263787574134767 ], [ 7267820.939345879480243, 4444795.497123094275594 ], [ 7268366.51248583663255, 4444602.945201284252107 ], [ 7268683.866279854439199, 4444066.10949750430882 ], [ 7268866.00179563369602, 4443389.794587259180844 ], [ 7269676.196031578816473, 4442547.718867743387818 ], [ 7270222.344003291800618, 4442355.801744059659541 ], [ 7270539.902521286159754, 4441819.030075092799962 ], [ 7270745.135282885283232, 4441055.438306175172329 ], [ 7271153.455498019233346, 4441212.676860095001757 ], [ 7271492.228008297272027, 4441549.151693566702306 ], [ 7271858.580226882360876, 4441234.028984063304961 ], [ 7272201.734625800512731, 4441574.665328570641577 ], [ 7272563.418088123202324, 4441263.370788438245654 ], [ 7272932.253925322555006, 4441134.072453135624528 ], [ 7274775.961700763553381, 4439030.034621275961399 ], [ 7275322.138688733801246, 4438838.45435119047761 ], [ 7275640.190514305606484, 4438301.878411932848394 ], [ 7275803.71306711435318, 4437696.792486918158829 ], [ 7276614.778778367675841, 4437566.444100219756365 ], [ 7276972.509910887107253, 4437259.142679114826024 ], [ 7277341.620062938891351, 4437130.050998318940401 ], [ 7277699.38563633710146, 4436823.279137764126062 ], [ 7278231.149660139344633, 4436637.29833416081965 ], [ 7278936.39546724408865, 4435646.1247205035761 ], [ 7279063.629548043943942, 4435176.920861883088946 ], [ 7279325.697811133228242, 4434735.457060676068068 ], [ 7279469.630463357083499, 4433803.866102372296154 ], [ 7279848.640138970687985, 4433165.190609487704933 ], [ 7279775.581397891044617, 4431823.99710445292294 ], [ 7278374.45616015419364, 4431585.257331859320402 ], [ 7278564.511857953853905, 4430234.450943582691252 ], [ 7280871.450456330552697, 4430467.560997676104307 ], [ 7281021.528342938050628, 4431246.612584623508155 ], [ 7282705.50032177194953, 4431384.462433257140219 ], [ 7282606.770547080785036, 4435328.078599943779409 ], [ 7282848.950912822969258, 4435771.416606415994465 ], [ 7282892.592806190252304, 4437189.852889575064182 ], [ 7283134.68295388109982, 4437633.202085240744054 ], [ 7283161.311432460322976, 4439513.546111185103655 ], [ 7283403.29410969465971, 4439956.906431432813406 ], [ 7283481.353571844287217, 4440451.09682900365442 ], [ 7284060.555319437757134, 4441369.67698142491281 ], [ 7284086.815120037645102, 4443250.036957944743335 ], [ 7285677.032551805488765, 4445595.513763072900474 ], [ 7285755.222693156450987, 4446089.742447632364929 ], [ 7285996.798956396989524, 4446533.219923119992018 ], [ 7286074.59177319612354, 4447026.950191690586507 ], [ 7286653.251952040009201, 4447946.290005306713283 ], [ 7286737.146019111387432, 4448277.828302996233106 ], [ 7286360.21271179895848, 4448860.773116425611079 ], [ 7286216.349240323528647, 4449468.927084780298173 ], [ 7285740.108868586830795, 4449608.353737997822464 ], [ 7285023.090535, 4450381.027303347364068 ], [ 7284832.636531841009855, 4450436.720783578231931 ], [ 7284812.591820926405489, 4450163.091998198069632 ], [ 7284363.572142191231251, 4449532.546716038137674 ], [ 7283599.665997534058988, 4449425.526741425506771 ], [ 7283317.505154169164598, 4449030.626447536982596 ], [ 7281845.057327746413648, 4448897.211669206619263 ], [ 7281505.408019248396158, 4448421.505785371176898 ], [ 7279732.687180727720261, 4448434.299643130972981 ], [ 7278987.718861079774797, 4449331.746834903024137 ], [ 7277575.254804009571671, 4449201.383552358485758 ], [ 7277292.792759288102388, 4448806.724507528357208 ], [ 7276174.534077996388078, 4448687.452926368452609 ], [ 7275892.359965721145272, 4448292.863317118957639 ], [ 7274065.141121540218592, 4448147.52649836987257 ], [ 7273782.459118379279971, 4447753.014727765694261 ], [ 7273018.315064904280007, 4447647.086194244213402 ], [ 7272735.939409138634801, 4447252.624732791446149 ], [ 7270908.474194392561913, 4447108.07198381703347 ], [ 7270625.598957937210798, 4446713.678929943591356 ], [ 7270216.032375966198742, 4446620.772418104112148 ], [ 7269875.583351562730968, 4446145.627505732700229 ], [ 7269520.710982675664127, 4446211.674100591801107 ], [ 7269210.726541504263878, 4446584.849117993377149 ], [ 7268293.950590481981635, 4446591.313937468454242 ], [ 7267584.930981567129493, 4446566.146489528939128 ], [ 7267380.324278604239225, 4446519.776413732208312 ], [ 7267097.241739029064775, 4446125.537778011523187 ], [ 7266892.620597751811147, 4446079.185555187985301 ] ] ] } }
]
}
